2025-04-18 18:55:05 INFO  o.h.validator.internal.util.Version - HV000001: Hibernate Validator 8.0.2.Final
2025-04-18 18:55:05 INFO  m.d.journalApp.JournalAppApplication - Starting JournalAppApplication using Java 23.0.2 with PID 27477 (/home/malle/Project/journalApp/target/classes started by malle in /home/malle/Project/journalApp)
2025-04-18 18:55:05 INFO  m.d.journalApp.JournalAppApplication - The following 1 profile is active: "dev"
2025-04-18 18:55:06 INFO  o.s.d.r.c.RepositoryConfigurationDelegate - Multiple Spring Data modules found, entering strict repository configuration mode
2025-04-18 18:55:06 INFO  o.s.d.r.c.RepositoryConfigurationDelegate - Bootstrapping Spring Data MongoDB repositories in DEFAULT mode.
2025-04-18 18:55:06 INFO  o.s.d.r.c.RepositoryConfigurationDelegate - Finished Spring Data repository scanning in 73 ms. Found 3 MongoDB repository interfaces.
2025-04-18 18:55:06 INFO  o.s.d.r.c.RepositoryConfigurationDelegate - Multiple Spring Data modules found, entering strict repository configuration mode
2025-04-18 18:55:06 INFO  o.s.d.r.c.RepositoryConfigurationDelegate - Bootstrapping Spring Data Redis repositories in DEFAULT mode.
2025-04-18 18:55:06 INFO  o.s.d.r.c.RepositoryConfigurationExtensionSupport - Spring Data Redis - Could not safely identify store assignment for repository candidate interface malla.dipesh.journalApp.repository.ConfigJournalAppRepository; If you want this repository to be a Redis repository, consider annotating your entities with one of these annotations: org.springframework.data.redis.core.RedisHash (preferred), or consider extending one of the following types with your repository: org.springframework.data.keyvalue.repository.KeyValueRepository
2025-04-18 18:55:06 INFO  o.s.d.r.c.RepositoryConfigurationExtensionSupport - Spring Data Redis - Could not safely identify store assignment for repository candidate interface malla.dipesh.journalApp.repository.JournalEntryRepository; If you want this repository to be a Redis repository, consider annotating your entities with one of these annotations: org.springframework.data.redis.core.RedisHash (preferred), or consider extending one of the following types with your repository: org.springframework.data.keyvalue.repository.KeyValueRepository
2025-04-18 18:55:06 INFO  o.s.d.r.c.RepositoryConfigurationExtensionSupport - Spring Data Redis - Could not safely identify store assignment for repository candidate interface malla.dipesh.journalApp.repository.UserRepository; If you want this repository to be a Redis repository, consider annotating your entities with one of these annotations: org.springframework.data.redis.core.RedisHash (preferred), or consider extending one of the following types with your repository: org.springframework.data.keyvalue.repository.KeyValueRepository
2025-04-18 18:55:06 INFO  o.s.d.r.c.RepositoryConfigurationDelegate - Finished Spring Data repository scanning in 9 ms. Found 0 Redis repository interfaces.
2025-04-18 18:55:06 INFO  o.s.b.w.e.tomcat.TomcatWebServer - Tomcat initialized with port 8080 (http)
2025-04-18 18:55:06 INFO  o.a.coyote.http11.Http11NioProtocol - Initializing ProtocolHandler ["http-nio-8080"]
2025-04-18 18:55:06 INFO  o.a.catalina.core.StandardService - Starting service [Tomcat]
2025-04-18 18:55:06 INFO  o.a.catalina.core.StandardEngine - Starting Servlet engine: [Apache Tomcat/10.1.39]
2025-04-18 18:55:06 INFO  o.a.c.c.C.[Tomcat].[localhost].[/] - Initializing Spring embedded WebApplicationContext
2025-04-18 18:55:06 INFO  o.s.b.w.s.c.ServletWebServerApplicationContext - Root WebApplicationContext: initialization completed in 1138 ms
2025-04-18 18:55:06 INFO  org.mongodb.driver.client - MongoClient with metadata {"driver": {"name": "mongo-java-driver|sync|spring-boot", "version": "5.2.1"}, "os": {"type": "Linux", "name": "Linux", "architecture": "amd64", "version": "6.11.0-21-generic"}, "platform": "Java/Oracle Corporation/23.0.2+7-58"} created with settings MongoClientSettings{readPreference=primary, writeConcern=WriteConcern{w=majority, wTimeout=null ms, journal=null}, retryWrites=true, retryReads=true, readConcern=ReadConcern{level=null}, credential=MongoCredential{mechanism=null, userName='dipeshmallapub', source='admin', password=<hidden>, mechanismProperties=<hidden>}, transportSettings=null, commandListeners=[], codecRegistry=ProvidersCodecRegistry{codecProviders=[ValueCodecProvider{}, BsonValueCodecProvider{}, DBRefCodecProvider{}, DBObjectCodecProvider{}, DocumentCodecProvider{}, CollectionCodecProvider{}, IterableCodecProvider{}, MapCodecProvider{}, GeoJsonCodecProvider{}, GridFSFileCodecProvider{}, Jsr310CodecProvider{}, JsonObjectCodecProvider{}, BsonCodecProvider{}, EnumCodecProvider{}, com.mongodb.client.model.mql.ExpressionCodecProvider@75e0a54c, com.mongodb.Jep395RecordCodecProvider@40f9f60d, com.mongodb.KotlinCodecProvider@6bd7439d]}, loggerSettings=LoggerSettings{maxDocumentLength=1000}, clusterSettings={hosts=[127.0.0.1:27017], srvHost=cluster0.6b69sb9.mongodb.net, srvServiceName=mongodb, mode=MULTIPLE, requiredClusterType=REPLICA_SET, requiredReplicaSetName='atlas-kry611-shard-0', serverSelector='null', clusterListeners='[]', serverSelectionTimeout='30000 ms', localThreshold='15 ms'}, socketSettings=SocketSettings{connectTimeoutMS=10000, readTimeoutMS=0, receiveBufferSize=0, proxySettings=ProxySettings{host=null, port=null, username=null, password=null}}, heartbeatSocketSettings=SocketSettings{connectTimeoutMS=10000, readTimeoutMS=10000, receiveBufferSize=0, proxySettings=ProxySettings{host=null, port=null, username=null, password=null}}, connectionPoolSettings=ConnectionPoolSettings{maxSize=100, minSize=0, maxWaitTimeMS=120000, maxConnectionLifeTimeMS=0, maxConnectionIdleTimeMS=0, maintenanceInitialDelayMS=0, maintenanceFrequencyMS=60000, connectionPoolListeners=[], maxConnecting=2}, serverSettings=ServerSettings{heartbeatFrequencyMS=10000, minHeartbeatFrequencyMS=500, serverMonitoringMode=AUTO, serverListeners='[]', serverMonitorListeners='[]'}, sslSettings=SslSettings{enabled=true, invalidHostNameAllowed=false, context=null}, applicationName='null', compressorList=[], uuidRepresentation=JAVA_LEGACY, serverApi=null, autoEncryptionSettings=null, dnsClient=null, inetAddressResolver=null, contextProvider=null, timeoutMS=null}
2025-04-18 18:55:07 INFO  org.mongodb.driver.cluster - Adding discovered server ac-kex050i-shard-00-02.6b69sb9.mongodb.net:27017 to client view of cluster
2025-04-18 18:55:07 INFO  org.mongodb.driver.cluster - Adding discovered server ac-kex050i-shard-00-00.6b69sb9.mongodb.net:27017 to client view of cluster
2025-04-18 18:55:07 INFO  org.mongodb.driver.cluster - Adding discovered server ac-kex050i-shard-00-01.6b69sb9.mongodb.net:27017 to client view of cluster
2025-04-18 18:55:07 INFO  org.mongodb.driver.cluster - Waiting for server to become available for operation with ID 5. Remaining time: 29996 ms. Selector: WritableServerSelector, topology description: {type=REPLICA_SET, servers=[{address=ac-kex050i-shard-00-00.6b69sb9.mongodb.net:27017, type=UNKNOWN, state=CONNECTING}, {address=ac-kex050i-shard-00-02.6b69sb9.mongodb.net:27017, type=UNKNOWN, state=CONNECTING}, {address=ac-kex050i-shard-00-01.6b69sb9.mongodb.net:27017, type=UNKNOWN, state=CONNECTING}].
2025-04-18 18:55:07 INFO  org.mongodb.driver.cluster - Monitor thread successfully connected to server with description ServerDescription{address=ac-kex050i-shard-00-00.6b69sb9.mongodb.net:27017, type=REPLICA_SET_SECONDARY, cryptd=false, state=CONNECTED, ok=true, minWireVersion=0, maxWireVersion=25, maxDocumentSize=16777216, logicalSessionTimeoutMinutes=30, roundTripTimeNanos=321290902, minRoundTripTimeNanos=0, setName='atlas-kry611-shard-0', canonicalAddress=ac-kex050i-shard-00-00.6b69sb9.mongodb.net:27017, hosts=[ac-kex050i-shard-00-02.6b69sb9.mongodb.net:27017, ac-kex050i-shard-00-01.6b69sb9.mongodb.net:27017, ac-kex050i-shard-00-00.6b69sb9.mongodb.net:27017], passives=[], arbiters=[], primary='ac-kex050i-shard-00-02.6b69sb9.mongodb.net:27017', tagSet=TagSet{[Tag{name='availabilityZone', value='aps1-az1'}, Tag{name='diskState', value='READY'}, Tag{name='nodeType', value='ELECTABLE'}, Tag{name='provider', value='AWS'}, Tag{name='region', value='AP_SOUTH_1'}, Tag{name='workloadType', value='OPERATIONAL'}]}, electionId=null, setVersion=1, topologyVersion=TopologyVersion{processId=67f957c96e7bebcebef83be4, counter=4}, lastWriteDate=Fri Apr 18 18:55:06 GMT+05:45 2025, lastUpdateTimeNanos=14412008578745}
2025-04-18 18:55:07 INFO  org.mongodb.driver.cluster - Monitor thread successfully connected to server with description ServerDescription{address=ac-kex050i-shard-00-01.6b69sb9.mongodb.net:27017, type=REPLICA_SET_SECONDARY, cryptd=false, state=CONNECTED, ok=true, minWireVersion=0, maxWireVersion=25, maxDocumentSize=16777216, logicalSessionTimeoutMinutes=30, roundTripTimeNanos=321285383, minRoundTripTimeNanos=0, setName='atlas-kry611-shard-0', canonicalAddress=ac-kex050i-shard-00-01.6b69sb9.mongodb.net:27017, hosts=[ac-kex050i-shard-00-02.6b69sb9.mongodb.net:27017, ac-kex050i-shard-00-01.6b69sb9.mongodb.net:27017, ac-kex050i-shard-00-00.6b69sb9.mongodb.net:27017], passives=[], arbiters=[], primary='ac-kex050i-shard-00-02.6b69sb9.mongodb.net:27017', tagSet=TagSet{[Tag{name='availabilityZone', value='aps1-az3'}, Tag{name='diskState', value='READY'}, Tag{name='nodeType', value='ELECTABLE'}, Tag{name='provider', value='AWS'}, Tag{name='region', value='AP_SOUTH_1'}, Tag{name='workloadType', value='OPERATIONAL'}]}, electionId=null, setVersion=1, topologyVersion=TopologyVersion{processId=67f95a88e18c31e0b3801de8, counter=3}, lastWriteDate=Fri Apr 18 18:55:06 GMT+05:45 2025, lastUpdateTimeNanos=14412008579769}
2025-04-18 18:55:07 INFO  org.mongodb.driver.cluster - Monitor thread successfully connected to server with description ServerDescription{address=ac-kex050i-shard-00-02.6b69sb9.mongodb.net:27017, type=REPLICA_SET_PRIMARY, cryptd=false, state=CONNECTED, ok=true, minWireVersion=0, maxWireVersion=25, maxDocumentSize=16777216, logicalSessionTimeoutMinutes=30, roundTripTimeNanos=321282362, minRoundTripTimeNanos=0, setName='atlas-kry611-shard-0', canonicalAddress=ac-kex050i-shard-00-02.6b69sb9.mongodb.net:27017, hosts=[ac-kex050i-shard-00-02.6b69sb9.mongodb.net:27017, ac-kex050i-shard-00-01.6b69sb9.mongodb.net:27017, ac-kex050i-shard-00-00.6b69sb9.mongodb.net:27017], passives=[], arbiters=[], primary='ac-kex050i-shard-00-02.6b69sb9.mongodb.net:27017', tagSet=TagSet{[Tag{name='availabilityZone', value='aps1-az2'}, Tag{name='diskState', value='READY'}, Tag{name='nodeType', value='ELECTABLE'}, Tag{name='provider', value='AWS'}, Tag{name='region', value='AP_SOUTH_1'}, Tag{name='workloadType', value='OPERATIONAL'}]}, electionId=7fffffff0000000000000009, setVersion=1, topologyVersion=TopologyVersion{processId=67f95943868877c2c3e82ebb, counter=6}, lastWriteDate=Fri Apr 18 18:55:06 GMT+05:45 2025, lastUpdateTimeNanos=14412008579768}
2025-04-18 18:55:07 INFO  org.mongodb.driver.cluster - Discovered replica set primary ac-kex050i-shard-00-02.6b69sb9.mongodb.net:27017 with max election id 7fffffff0000000000000009 and max set version 1
2025-04-18 18:55:08 WARN  o.s.b.w.s.c.AnnotationConfigServletWebServerApplicationContext - Exception encountered during context initialization - cancelling refresh attempt: org.springframework.beans.factory.BeanCreationException: Error creating bean with name 'authController': Injection of autowired dependencies failed
2025-04-18 18:55:09 INFO  o.a.catalina.core.StandardService - Stopping service [Tomcat]
2025-04-18 18:55:09 INFO  o.s.b.a.l.ConditionEvaluationReportLogger - 

Error starting ApplicationContext. To display the condition evaluation report re-run your application with 'debug' enabled.
2025-04-18 18:55:09 ERROR o.s.boot.SpringApplication - Application run failed
org.springframework.beans.factory.BeanCreationException: Error creating bean with name 'authController': Injection of autowired dependencies failed
	at org.springframework.beans.factory.annotation.AutowiredAnnotationBeanPostProcessor.postProcessProperties(AutowiredAnnotationBeanPostProcessor.java:515)
	at org.springframework.beans.factory.support.AbstractAutowireCapableBeanFactory.populateBean(AbstractAutowireCapableBeanFactory.java:1445)
	at org.springframework.beans.factory.support.AbstractAutowireCapableBeanFactory.doCreateBean(AbstractAutowireCapableBeanFactory.java:600)
	at org.springframework.beans.factory.support.AbstractAutowireCapableBeanFactory.createBean(AbstractAutowireCapableBeanFactory.java:523)
	at org.springframework.beans.factory.support.AbstractBeanFactory.lambda$doGetBean$0(AbstractBeanFactory.java:339)
	at org.springframework.beans.factory.support.DefaultSingletonBeanRegistry.getSingleton(DefaultSingletonBeanRegistry.java:347)
	at org.springframework.beans.factory.support.AbstractBeanFactory.doGetBean(AbstractBeanFactory.java:337)
	at org.springframework.beans.factory.support.AbstractBeanFactory.getBean(AbstractBeanFactory.java:202)
	at org.springframework.beans.factory.support.DefaultListableBeanFactory.instantiateSingleton(DefaultListableBeanFactory.java:1155)
	at org.springframework.beans.factory.support.DefaultListableBeanFactory.preInstantiateSingleton(DefaultListableBeanFactory.java:1121)
	at org.springframework.beans.factory.support.DefaultListableBeanFactory.preInstantiateSingletons(DefaultListableBeanFactory.java:1056)
	at org.springframework.context.support.AbstractApplicationContext.finishBeanFactoryInitialization(AbstractApplicationContext.java:987)
	at org.springframework.context.support.AbstractApplicationContext.refresh(AbstractApplicationContext.java:627)
	at org.springframework.boot.web.servlet.context.ServletWebServerApplicationContext.refresh(ServletWebServerApplicationContext.java:146)
	at org.springframework.boot.SpringApplication.refresh(SpringApplication.java:752)
	at org.springframework.boot.SpringApplication.refreshContext(SpringApplication.java:439)
	at org.springframework.boot.SpringApplication.run(SpringApplication.java:318)
	at org.springframework.boot.SpringApplication.run(SpringApplication.java:1361)
	at org.springframework.boot.SpringApplication.run(SpringApplication.java:1350)
	at malla.dipesh.journalApp.JournalAppApplication.main(JournalAppApplication.java:19)
Caused by: org.springframework.util.PlaceholderResolutionException: Could not resolve placeholder 'GOOGLE_CLIENT_ID' in value "${GOOGLE_CLIENT_ID}" <-- "${spring.security.oauth2.client.registration.google.client-id}"
	at org.springframework.util.PlaceholderResolutionException.withValue(PlaceholderResolutionException.java:81)
	at org.springframework.util.PlaceholderParser$ParsedValue.resolve(PlaceholderParser.java:423)
	at org.springframework.util.PlaceholderParser.replacePlaceholders(PlaceholderParser.java:128)
	at org.springframework.util.PropertyPlaceholderHelper.parseStringValue(PropertyPlaceholderHelper.java:118)
	at org.springframework.util.PropertyPlaceholderHelper.replacePlaceholders(PropertyPlaceholderHelper.java:114)
	at org.springframework.core.env.AbstractPropertyResolver.doResolvePlaceholders(AbstractPropertyResolver.java:255)
	at org.springframework.core.env.AbstractPropertyResolver.resolveRequiredPlaceholders(AbstractPropertyResolver.java:226)
	at org.springframework.context.support.PropertySourcesPlaceholderConfigurer.lambda$processProperties$0(PropertySourcesPlaceholderConfigurer.java:201)
	at org.springframework.beans.factory.support.AbstractBeanFactory.resolveEmbeddedValue(AbstractBeanFactory.java:971)
	at org.springframework.beans.factory.support.DefaultListableBeanFactory.doResolveDependency(DefaultListableBeanFactory.java:1577)
	at org.springframework.beans.factory.support.DefaultListableBeanFactory.resolveDependency(DefaultListableBeanFactory.java:1555)
	at org.springframework.beans.factory.annotation.AutowiredAnnotationBeanPostProcessor$AutowiredFieldElement.resolveFieldValue(AutowiredAnnotationBeanPostProcessor.java:785)
	at org.springframework.beans.factory.annotation.AutowiredAnnotationBeanPostProcessor$AutowiredFieldElement.inject(AutowiredAnnotationBeanPostProcessor.java:768)
	at org.springframework.beans.factory.annotation.InjectionMetadata.inject(InjectionMetadata.java:146)
	at org.springframework.beans.factory.annotation.AutowiredAnnotationBeanPostProcessor.postProcessProperties(AutowiredAnnotationBeanPostProcessor.java:509)
	... 19 common frames omitted
2025-04-18 18:55:36 INFO  o.h.validator.internal.util.Version - HV000001: Hibernate Validator 8.0.2.Final
2025-04-18 18:55:36 INFO  m.d.journalApp.JournalAppApplication - Starting JournalAppApplication using Java 23.0.2 with PID 27662 (/home/malle/Project/journalApp/target/classes started by malle in /home/malle/Project/journalApp)
2025-04-18 18:55:36 INFO  m.d.journalApp.JournalAppApplication - The following 1 profile is active: "dev"
2025-04-18 18:55:37 INFO  o.s.d.r.c.RepositoryConfigurationDelegate - Multiple Spring Data modules found, entering strict repository configuration mode
2025-04-18 18:55:37 INFO  o.s.d.r.c.RepositoryConfigurationDelegate - Bootstrapping Spring Data MongoDB repositories in DEFAULT mode.
2025-04-18 18:55:37 INFO  o.s.d.r.c.RepositoryConfigurationDelegate - Finished Spring Data repository scanning in 70 ms. Found 3 MongoDB repository interfaces.
2025-04-18 18:55:37 INFO  o.s.d.r.c.RepositoryConfigurationDelegate - Multiple Spring Data modules found, entering strict repository configuration mode
2025-04-18 18:55:37 INFO  o.s.d.r.c.RepositoryConfigurationDelegate - Bootstrapping Spring Data Redis repositories in DEFAULT mode.
2025-04-18 18:55:37 INFO  o.s.d.r.c.RepositoryConfigurationExtensionSupport - Spring Data Redis - Could not safely identify store assignment for repository candidate interface malla.dipesh.journalApp.repository.ConfigJournalAppRepository; If you want this repository to be a Redis repository, consider annotating your entities with one of these annotations: org.springframework.data.redis.core.RedisHash (preferred), or consider extending one of the following types with your repository: org.springframework.data.keyvalue.repository.KeyValueRepository
2025-04-18 18:55:37 INFO  o.s.d.r.c.RepositoryConfigurationExtensionSupport - Spring Data Redis - Could not safely identify store assignment for repository candidate interface malla.dipesh.journalApp.repository.JournalEntryRepository; If you want this repository to be a Redis repository, consider annotating your entities with one of these annotations: org.springframework.data.redis.core.RedisHash (preferred), or consider extending one of the following types with your repository: org.springframework.data.keyvalue.repository.KeyValueRepository
2025-04-18 18:55:37 INFO  o.s.d.r.c.RepositoryConfigurationExtensionSupport - Spring Data Redis - Could not safely identify store assignment for repository candidate interface malla.dipesh.journalApp.repository.UserRepository; If you want this repository to be a Redis repository, consider annotating your entities with one of these annotations: org.springframework.data.redis.core.RedisHash (preferred), or consider extending one of the following types with your repository: org.springframework.data.keyvalue.repository.KeyValueRepository
2025-04-18 18:55:37 INFO  o.s.d.r.c.RepositoryConfigurationDelegate - Finished Spring Data repository scanning in 11 ms. Found 0 Redis repository interfaces.
2025-04-18 18:55:38 INFO  o.s.b.w.e.tomcat.TomcatWebServer - Tomcat initialized with port 8080 (http)
2025-04-18 18:55:38 INFO  o.a.coyote.http11.Http11NioProtocol - Initializing ProtocolHandler ["http-nio-8080"]
2025-04-18 18:55:38 INFO  o.a.catalina.core.StandardService - Starting service [Tomcat]
2025-04-18 18:55:38 INFO  o.a.catalina.core.StandardEngine - Starting Servlet engine: [Apache Tomcat/10.1.39]
2025-04-18 18:55:38 INFO  o.a.c.c.C.[Tomcat].[localhost].[/] - Initializing Spring embedded WebApplicationContext
2025-04-18 18:55:38 INFO  o.s.b.w.s.c.ServletWebServerApplicationContext - Root WebApplicationContext: initialization completed in 1287 ms
2025-04-18 18:55:38 INFO  org.mongodb.driver.cluster - Adding discovered server ac-kex050i-shard-00-02.6b69sb9.mongodb.net:27017 to client view of cluster
2025-04-18 18:55:38 INFO  org.mongodb.driver.client - MongoClient with metadata {"driver": {"name": "mongo-java-driver|sync|spring-boot", "version": "5.2.1"}, "os": {"type": "Linux", "name": "Linux", "architecture": "amd64", "version": "6.11.0-21-generic"}, "platform": "Java/Oracle Corporation/23.0.2+7-58"} created with settings MongoClientSettings{readPreference=primary, writeConcern=WriteConcern{w=majority, wTimeout=null ms, journal=null}, retryWrites=true, retryReads=true, readConcern=ReadConcern{level=null}, credential=MongoCredential{mechanism=null, userName='dipeshmallapub', source='admin', password=<hidden>, mechanismProperties=<hidden>}, transportSettings=null, commandListeners=[], codecRegistry=ProvidersCodecRegistry{codecProviders=[ValueCodecProvider{}, BsonValueCodecProvider{}, DBRefCodecProvider{}, DBObjectCodecProvider{}, DocumentCodecProvider{}, CollectionCodecProvider{}, IterableCodecProvider{}, MapCodecProvider{}, GeoJsonCodecProvider{}, GridFSFileCodecProvider{}, Jsr310CodecProvider{}, JsonObjectCodecProvider{}, BsonCodecProvider{}, EnumCodecProvider{}, com.mongodb.client.model.mql.ExpressionCodecProvider@1669931a, com.mongodb.Jep395RecordCodecProvider@6b24ddd7, com.mongodb.KotlinCodecProvider@12e007be]}, loggerSettings=LoggerSettings{maxDocumentLength=1000}, clusterSettings={hosts=[127.0.0.1:27017], srvHost=cluster0.6b69sb9.mongodb.net, srvServiceName=mongodb, mode=MULTIPLE, requiredClusterType=REPLICA_SET, requiredReplicaSetName='atlas-kry611-shard-0', serverSelector='null', clusterListeners='[]', serverSelectionTimeout='30000 ms', localThreshold='15 ms'}, socketSettings=SocketSettings{connectTimeoutMS=10000, readTimeoutMS=0, receiveBufferSize=0, proxySettings=ProxySettings{host=null, port=null, username=null, password=null}}, heartbeatSocketSettings=SocketSettings{connectTimeoutMS=10000, readTimeoutMS=10000, receiveBufferSize=0, proxySettings=ProxySettings{host=null, port=null, username=null, password=null}}, connectionPoolSettings=ConnectionPoolSettings{maxSize=100, minSize=0, maxWaitTimeMS=120000, maxConnectionLifeTimeMS=0, maxConnectionIdleTimeMS=0, maintenanceInitialDelayMS=0, maintenanceFrequencyMS=60000, connectionPoolListeners=[], maxConnecting=2}, serverSettings=ServerSettings{heartbeatFrequencyMS=10000, minHeartbeatFrequencyMS=500, serverMonitoringMode=AUTO, serverListeners='[]', serverMonitorListeners='[]'}, sslSettings=SslSettings{enabled=true, invalidHostNameAllowed=false, context=null}, applicationName='null', compressorList=[], uuidRepresentation=JAVA_LEGACY, serverApi=null, autoEncryptionSettings=null, dnsClient=null, inetAddressResolver=null, contextProvider=null, timeoutMS=null}
2025-04-18 18:55:38 INFO  org.mongodb.driver.cluster - Adding discovered server ac-kex050i-shard-00-00.6b69sb9.mongodb.net:27017 to client view of cluster
2025-04-18 18:55:38 INFO  org.mongodb.driver.cluster - Adding discovered server ac-kex050i-shard-00-01.6b69sb9.mongodb.net:27017 to client view of cluster
2025-04-18 18:55:38 INFO  org.mongodb.driver.cluster - Waiting for server to become available for operation with ID 5. Remaining time: 29996 ms. Selector: WritableServerSelector, topology description: {type=REPLICA_SET, servers=[{address=ac-kex050i-shard-00-00.6b69sb9.mongodb.net:27017, type=UNKNOWN, state=CONNECTING}, {address=ac-kex050i-shard-00-02.6b69sb9.mongodb.net:27017, type=UNKNOWN, state=CONNECTING}, {address=ac-kex050i-shard-00-01.6b69sb9.mongodb.net:27017, type=UNKNOWN, state=CONNECTING}].
2025-04-18 18:55:38 INFO  org.mongodb.driver.cluster - Monitor thread successfully connected to server with description ServerDescription{address=ac-kex050i-shard-00-00.6b69sb9.mongodb.net:27017, type=REPLICA_SET_SECONDARY, cryptd=false, state=CONNECTED, ok=true, minWireVersion=0, maxWireVersion=25, maxDocumentSize=16777216, logicalSessionTimeoutMinutes=30, roundTripTimeNanos=302041856, minRoundTripTimeNanos=0, setName='atlas-kry611-shard-0', canonicalAddress=ac-kex050i-shard-00-00.6b69sb9.mongodb.net:27017, hosts=[ac-kex050i-shard-00-02.6b69sb9.mongodb.net:27017, ac-kex050i-shard-00-01.6b69sb9.mongodb.net:27017, ac-kex050i-shard-00-00.6b69sb9.mongodb.net:27017], passives=[], arbiters=[], primary='ac-kex050i-shard-00-02.6b69sb9.mongodb.net:27017', tagSet=TagSet{[Tag{name='availabilityZone', value='aps1-az1'}, Tag{name='diskState', value='READY'}, Tag{name='nodeType', value='ELECTABLE'}, Tag{name='provider', value='AWS'}, Tag{name='region', value='AP_SOUTH_1'}, Tag{name='workloadType', value='OPERATIONAL'}]}, electionId=null, setVersion=1, topologyVersion=TopologyVersion{processId=67f957c96e7bebcebef83be4, counter=4}, lastWriteDate=Fri Apr 18 18:55:38 GMT+05:45 2025, lastUpdateTimeNanos=14443114247650}
2025-04-18 18:55:38 INFO  org.mongodb.driver.cluster - Monitor thread successfully connected to server with description ServerDescription{address=ac-kex050i-shard-00-01.6b69sb9.mongodb.net:27017, type=REPLICA_SET_SECONDARY, cryptd=false, state=CONNECTED, ok=true, minWireVersion=0, maxWireVersion=25, maxDocumentSize=16777216, logicalSessionTimeoutMinutes=30, roundTripTimeNanos=302042274, minRoundTripTimeNanos=0, setName='atlas-kry611-shard-0', canonicalAddress=ac-kex050i-shard-00-01.6b69sb9.mongodb.net:27017, hosts=[ac-kex050i-shard-00-02.6b69sb9.mongodb.net:27017, ac-kex050i-shard-00-01.6b69sb9.mongodb.net:27017, ac-kex050i-shard-00-00.6b69sb9.mongodb.net:27017], passives=[], arbiters=[], primary='ac-kex050i-shard-00-02.6b69sb9.mongodb.net:27017', tagSet=TagSet{[Tag{name='availabilityZone', value='aps1-az3'}, Tag{name='diskState', value='READY'}, Tag{name='nodeType', value='ELECTABLE'}, Tag{name='provider', value='AWS'}, Tag{name='region', value='AP_SOUTH_1'}, Tag{name='workloadType', value='OPERATIONAL'}]}, electionId=null, setVersion=1, topologyVersion=TopologyVersion{processId=67f95a88e18c31e0b3801de8, counter=3}, lastWriteDate=Fri Apr 18 18:55:38 GMT+05:45 2025, lastUpdateTimeNanos=14443114247890}
2025-04-18 18:55:38 INFO  org.mongodb.driver.cluster - Monitor thread successfully connected to server with description ServerDescription{address=ac-kex050i-shard-00-02.6b69sb9.mongodb.net:27017, type=REPLICA_SET_PRIMARY, cryptd=false, state=CONNECTED, ok=true, minWireVersion=0, maxWireVersion=25, maxDocumentSize=16777216, logicalSessionTimeoutMinutes=30, roundTripTimeNanos=296086013, minRoundTripTimeNanos=0, setName='atlas-kry611-shard-0', canonicalAddress=ac-kex050i-shard-00-02.6b69sb9.mongodb.net:27017, hosts=[ac-kex050i-shard-00-02.6b69sb9.mongodb.net:27017, ac-kex050i-shard-00-01.6b69sb9.mongodb.net:27017, ac-kex050i-shard-00-00.6b69sb9.mongodb.net:27017], passives=[], arbiters=[], primary='ac-kex050i-shard-00-02.6b69sb9.mongodb.net:27017', tagSet=TagSet{[Tag{name='availabilityZone', value='aps1-az2'}, Tag{name='diskState', value='READY'}, Tag{name='nodeType', value='ELECTABLE'}, Tag{name='provider', value='AWS'}, Tag{name='region', value='AP_SOUTH_1'}, Tag{name='workloadType', value='OPERATIONAL'}]}, electionId=7fffffff0000000000000009, setVersion=1, topologyVersion=TopologyVersion{processId=67f95943868877c2c3e82ebb, counter=6}, lastWriteDate=Fri Apr 18 18:55:38 GMT+05:45 2025, lastUpdateTimeNanos=14443114247930}
2025-04-18 18:55:38 INFO  org.mongodb.driver.cluster - Discovered replica set primary ac-kex050i-shard-00-02.6b69sb9.mongodb.net:27017 with max election id 7fffffff0000000000000009 and max set version 1
2025-04-18 18:55:39 WARN  o.s.b.w.s.c.AnnotationConfigServletWebServerApplicationContext - Exception encountered during context initialization - cancelling refresh attempt: org.springframework.beans.factory.BeanCreationException: Error creating bean with name 'authController': Injection of autowired dependencies failed
2025-04-18 18:55:39 INFO  o.a.catalina.core.StandardService - Stopping service [Tomcat]
2025-04-18 18:55:39 INFO  o.s.b.a.l.ConditionEvaluationReportLogger - 

Error starting ApplicationContext. To display the condition evaluation report re-run your application with 'debug' enabled.
2025-04-18 18:55:39 ERROR o.s.boot.SpringApplication - Application run failed
org.springframework.beans.factory.BeanCreationException: Error creating bean with name 'authController': Injection of autowired dependencies failed
	at org.springframework.beans.factory.annotation.AutowiredAnnotationBeanPostProcessor.postProcessProperties(AutowiredAnnotationBeanPostProcessor.java:515)
	at org.springframework.beans.factory.support.AbstractAutowireCapableBeanFactory.populateBean(AbstractAutowireCapableBeanFactory.java:1445)
	at org.springframework.beans.factory.support.AbstractAutowireCapableBeanFactory.doCreateBean(AbstractAutowireCapableBeanFactory.java:600)
	at org.springframework.beans.factory.support.AbstractAutowireCapableBeanFactory.createBean(AbstractAutowireCapableBeanFactory.java:523)
	at org.springframework.beans.factory.support.AbstractBeanFactory.lambda$doGetBean$0(AbstractBeanFactory.java:339)
	at org.springframework.beans.factory.support.DefaultSingletonBeanRegistry.getSingleton(DefaultSingletonBeanRegistry.java:347)
	at org.springframework.beans.factory.support.AbstractBeanFactory.doGetBean(AbstractBeanFactory.java:337)
	at org.springframework.beans.factory.support.AbstractBeanFactory.getBean(AbstractBeanFactory.java:202)
	at org.springframework.beans.factory.support.DefaultListableBeanFactory.instantiateSingleton(DefaultListableBeanFactory.java:1155)
	at org.springframework.beans.factory.support.DefaultListableBeanFactory.preInstantiateSingleton(DefaultListableBeanFactory.java:1121)
	at org.springframework.beans.factory.support.DefaultListableBeanFactory.preInstantiateSingletons(DefaultListableBeanFactory.java:1056)
	at org.springframework.context.support.AbstractApplicationContext.finishBeanFactoryInitialization(AbstractApplicationContext.java:987)
	at org.springframework.context.support.AbstractApplicationContext.refresh(AbstractApplicationContext.java:627)
	at org.springframework.boot.web.servlet.context.ServletWebServerApplicationContext.refresh(ServletWebServerApplicationContext.java:146)
	at org.springframework.boot.SpringApplication.refresh(SpringApplication.java:752)
	at org.springframework.boot.SpringApplication.refreshContext(SpringApplication.java:439)
	at org.springframework.boot.SpringApplication.run(SpringApplication.java:318)
	at org.springframework.boot.SpringApplication.run(SpringApplication.java:1361)
	at org.springframework.boot.SpringApplication.run(SpringApplication.java:1350)
	at malla.dipesh.journalApp.JournalAppApplication.main(JournalAppApplication.java:19)
Caused by: org.springframework.util.PlaceholderResolutionException: Could not resolve placeholder 'GOOGLE_CLIENT_ID' in value "${GOOGLE_CLIENT_ID}" <-- "${spring.security.oauth2.client.registration.google.client-id}"
	at org.springframework.util.PlaceholderResolutionException.withValue(PlaceholderResolutionException.java:81)
	at org.springframework.util.PlaceholderParser$ParsedValue.resolve(PlaceholderParser.java:423)
	at org.springframework.util.PlaceholderParser.replacePlaceholders(PlaceholderParser.java:128)
	at org.springframework.util.PropertyPlaceholderHelper.parseStringValue(PropertyPlaceholderHelper.java:118)
	at org.springframework.util.PropertyPlaceholderHelper.replacePlaceholders(PropertyPlaceholderHelper.java:114)
	at org.springframework.core.env.AbstractPropertyResolver.doResolvePlaceholders(AbstractPropertyResolver.java:255)
	at org.springframework.core.env.AbstractPropertyResolver.resolveRequiredPlaceholders(AbstractPropertyResolver.java:226)
	at org.springframework.context.support.PropertySourcesPlaceholderConfigurer.lambda$processProperties$0(PropertySourcesPlaceholderConfigurer.java:201)
	at org.springframework.beans.factory.support.AbstractBeanFactory.resolveEmbeddedValue(AbstractBeanFactory.java:971)
	at org.springframework.beans.factory.support.DefaultListableBeanFactory.doResolveDependency(DefaultListableBeanFactory.java:1577)
	at org.springframework.beans.factory.support.DefaultListableBeanFactory.resolveDependency(DefaultListableBeanFactory.java:1555)
	at org.springframework.beans.factory.annotation.AutowiredAnnotationBeanPostProcessor$AutowiredFieldElement.resolveFieldValue(AutowiredAnnotationBeanPostProcessor.java:785)
	at org.springframework.beans.factory.annotation.AutowiredAnnotationBeanPostProcessor$AutowiredFieldElement.inject(AutowiredAnnotationBeanPostProcessor.java:768)
	at org.springframework.beans.factory.annotation.InjectionMetadata.inject(InjectionMetadata.java:146)
	at org.springframework.beans.factory.annotation.AutowiredAnnotationBeanPostProcessor.postProcessProperties(AutowiredAnnotationBeanPostProcessor.java:509)
	... 19 common frames omitted
2025-04-18 19:04:11 INFO  o.h.validator.internal.util.Version - HV000001: Hibernate Validator 8.0.2.Final
2025-04-18 19:04:11 INFO  m.d.journalApp.JournalAppApplication - Starting JournalAppApplication using Java 23.0.2 with PID 28475 (/home/malle/Project/journalApp/target/classes started by malle in /home/malle/Project/journalApp)
2025-04-18 19:04:11 INFO  m.d.journalApp.JournalAppApplication - The following 1 profile is active: "dev"
2025-04-18 19:04:11 INFO  o.s.d.r.c.RepositoryConfigurationDelegate - Multiple Spring Data modules found, entering strict repository configuration mode
2025-04-18 19:04:11 INFO  o.s.d.r.c.RepositoryConfigurationDelegate - Bootstrapping Spring Data MongoDB repositories in DEFAULT mode.
2025-04-18 19:04:11 INFO  o.s.d.r.c.RepositoryConfigurationDelegate - Finished Spring Data repository scanning in 63 ms. Found 3 MongoDB repository interfaces.
2025-04-18 19:04:12 INFO  o.s.d.r.c.RepositoryConfigurationDelegate - Multiple Spring Data modules found, entering strict repository configuration mode
2025-04-18 19:04:12 INFO  o.s.d.r.c.RepositoryConfigurationDelegate - Bootstrapping Spring Data Redis repositories in DEFAULT mode.
2025-04-18 19:04:12 INFO  o.s.d.r.c.RepositoryConfigurationExtensionSupport - Spring Data Redis - Could not safely identify store assignment for repository candidate interface malla.dipesh.journalApp.repository.ConfigJournalAppRepository; If you want this repository to be a Redis repository, consider annotating your entities with one of these annotations: org.springframework.data.redis.core.RedisHash (preferred), or consider extending one of the following types with your repository: org.springframework.data.keyvalue.repository.KeyValueRepository
2025-04-18 19:04:12 INFO  o.s.d.r.c.RepositoryConfigurationExtensionSupport - Spring Data Redis - Could not safely identify store assignment for repository candidate interface malla.dipesh.journalApp.repository.JournalEntryRepository; If you want this repository to be a Redis repository, consider annotating your entities with one of these annotations: org.springframework.data.redis.core.RedisHash (preferred), or consider extending one of the following types with your repository: org.springframework.data.keyvalue.repository.KeyValueRepository
2025-04-18 19:04:12 INFO  o.s.d.r.c.RepositoryConfigurationExtensionSupport - Spring Data Redis - Could not safely identify store assignment for repository candidate interface malla.dipesh.journalApp.repository.UserRepository; If you want this repository to be a Redis repository, consider annotating your entities with one of these annotations: org.springframework.data.redis.core.RedisHash (preferred), or consider extending one of the following types with your repository: org.springframework.data.keyvalue.repository.KeyValueRepository
2025-04-18 19:04:12 INFO  o.s.d.r.c.RepositoryConfigurationDelegate - Finished Spring Data repository scanning in 8 ms. Found 0 Redis repository interfaces.
2025-04-18 19:04:12 INFO  o.s.b.w.e.tomcat.TomcatWebServer - Tomcat initialized with port 8080 (http)
2025-04-18 19:04:12 INFO  o.a.coyote.http11.Http11NioProtocol - Initializing ProtocolHandler ["http-nio-8080"]
2025-04-18 19:04:12 INFO  o.a.catalina.core.StandardService - Starting service [Tomcat]
2025-04-18 19:04:12 INFO  o.a.catalina.core.StandardEngine - Starting Servlet engine: [Apache Tomcat/10.1.39]
2025-04-18 19:04:12 INFO  o.a.c.c.C.[Tomcat].[localhost].[/] - Initializing Spring embedded WebApplicationContext
2025-04-18 19:04:12 INFO  o.s.b.w.s.c.ServletWebServerApplicationContext - Root WebApplicationContext: initialization completed in 926 ms
2025-04-18 19:04:12 INFO  org.mongodb.driver.client - MongoClient with metadata {"driver": {"name": "mongo-java-driver|sync|spring-boot", "version": "5.2.1"}, "os": {"type": "Linux", "name": "Linux", "architecture": "amd64", "version": "6.11.0-21-generic"}, "platform": "Java/Oracle Corporation/23.0.2+7-58"} created with settings MongoClientSettings{readPreference=primary, writeConcern=WriteConcern{w=majority, wTimeout=null ms, journal=null}, retryWrites=true, retryReads=true, readConcern=ReadConcern{level=null}, credential=MongoCredential{mechanism=null, userName='dipeshmallapub', source='admin', password=<hidden>, mechanismProperties=<hidden>}, transportSettings=null, commandListeners=[], codecRegistry=ProvidersCodecRegistry{codecProviders=[ValueCodecProvider{}, BsonValueCodecProvider{}, DBRefCodecProvider{}, DBObjectCodecProvider{}, DocumentCodecProvider{}, CollectionCodecProvider{}, IterableCodecProvider{}, MapCodecProvider{}, GeoJsonCodecProvider{}, GridFSFileCodecProvider{}, Jsr310CodecProvider{}, JsonObjectCodecProvider{}, BsonCodecProvider{}, EnumCodecProvider{}, com.mongodb.client.model.mql.ExpressionCodecProvider@2969a9a6, com.mongodb.Jep395RecordCodecProvider@25470477, com.mongodb.KotlinCodecProvider@6182ffef]}, loggerSettings=LoggerSettings{maxDocumentLength=1000}, clusterSettings={hosts=[127.0.0.1:27017], srvHost=cluster0.6b69sb9.mongodb.net, srvServiceName=mongodb, mode=MULTIPLE, requiredClusterType=REPLICA_SET, requiredReplicaSetName='atlas-kry611-shard-0', serverSelector='null', clusterListeners='[]', serverSelectionTimeout='30000 ms', localThreshold='15 ms'}, socketSettings=SocketSettings{connectTimeoutMS=10000, readTimeoutMS=0, receiveBufferSize=0, proxySettings=ProxySettings{host=null, port=null, username=null, password=null}}, heartbeatSocketSettings=SocketSettings{connectTimeoutMS=10000, readTimeoutMS=10000, receiveBufferSize=0, proxySettings=ProxySettings{host=null, port=null, username=null, password=null}}, connectionPoolSettings=ConnectionPoolSettings{maxSize=100, minSize=0, maxWaitTimeMS=120000, maxConnectionLifeTimeMS=0, maxConnectionIdleTimeMS=0, maintenanceInitialDelayMS=0, maintenanceFrequencyMS=60000, connectionPoolListeners=[], maxConnecting=2}, serverSettings=ServerSettings{heartbeatFrequencyMS=10000, minHeartbeatFrequencyMS=500, serverMonitoringMode=AUTO, serverListeners='[]', serverMonitorListeners='[]'}, sslSettings=SslSettings{enabled=true, invalidHostNameAllowed=false, context=null}, applicationName='null', compressorList=[], uuidRepresentation=JAVA_LEGACY, serverApi=null, autoEncryptionSettings=null, dnsClient=null, inetAddressResolver=null, contextProvider=null, timeoutMS=null}
2025-04-18 19:04:12 INFO  org.mongodb.driver.cluster - Waiting for server to become available for operation with ID 2. Remaining time: 29996 ms. Selector: WritableServerSelector, topology description: {type=UNKNOWN, servers=[].
2025-04-18 19:04:13 INFO  org.mongodb.driver.cluster - Adding discovered server ac-kex050i-shard-00-02.6b69sb9.mongodb.net:27017 to client view of cluster
2025-04-18 19:04:13 INFO  org.mongodb.driver.cluster - Adding discovered server ac-kex050i-shard-00-00.6b69sb9.mongodb.net:27017 to client view of cluster
2025-04-18 19:04:13 INFO  org.mongodb.driver.cluster - Adding discovered server ac-kex050i-shard-00-01.6b69sb9.mongodb.net:27017 to client view of cluster
2025-04-18 19:04:13 INFO  org.mongodb.driver.cluster - Monitor thread successfully connected to server with description ServerDescription{address=ac-kex050i-shard-00-00.6b69sb9.mongodb.net:27017, type=REPLICA_SET_SECONDARY, cryptd=false, state=CONNECTED, ok=true, minWireVersion=0, maxWireVersion=25, maxDocumentSize=16777216, logicalSessionTimeoutMinutes=30, roundTripTimeNanos=454615658, minRoundTripTimeNanos=0, setName='atlas-kry611-shard-0', canonicalAddress=ac-kex050i-shard-00-00.6b69sb9.mongodb.net:27017, hosts=[ac-kex050i-shard-00-02.6b69sb9.mongodb.net:27017, ac-kex050i-shard-00-01.6b69sb9.mongodb.net:27017, ac-kex050i-shard-00-00.6b69sb9.mongodb.net:27017], passives=[], arbiters=[], primary='ac-kex050i-shard-00-02.6b69sb9.mongodb.net:27017', tagSet=TagSet{[Tag{name='availabilityZone', value='aps1-az1'}, Tag{name='diskState', value='READY'}, Tag{name='nodeType', value='ELECTABLE'}, Tag{name='provider', value='AWS'}, Tag{name='region', value='AP_SOUTH_1'}, Tag{name='workloadType', value='OPERATIONAL'}]}, electionId=null, setVersion=1, topologyVersion=TopologyVersion{processId=67f957c96e7bebcebef83be4, counter=4}, lastWriteDate=Fri Apr 18 19:04:07 GMT+05:45 2025, lastUpdateTimeNanos=14958057363018}
2025-04-18 19:04:13 INFO  org.mongodb.driver.cluster - Monitor thread successfully connected to server with description ServerDescription{address=ac-kex050i-shard-00-02.6b69sb9.mongodb.net:27017, type=REPLICA_SET_PRIMARY, cryptd=false, state=CONNECTED, ok=true, minWireVersion=0, maxWireVersion=25, maxDocumentSize=16777216, logicalSessionTimeoutMinutes=30, roundTripTimeNanos=454613949, minRoundTripTimeNanos=0, setName='atlas-kry611-shard-0', canonicalAddress=ac-kex050i-shard-00-02.6b69sb9.mongodb.net:27017, hosts=[ac-kex050i-shard-00-02.6b69sb9.mongodb.net:27017, ac-kex050i-shard-00-01.6b69sb9.mongodb.net:27017, ac-kex050i-shard-00-00.6b69sb9.mongodb.net:27017], passives=[], arbiters=[], primary='ac-kex050i-shard-00-02.6b69sb9.mongodb.net:27017', tagSet=TagSet{[Tag{name='availabilityZone', value='aps1-az2'}, Tag{name='diskState', value='READY'}, Tag{name='nodeType', value='ELECTABLE'}, Tag{name='provider', value='AWS'}, Tag{name='region', value='AP_SOUTH_1'}, Tag{name='workloadType', value='OPERATIONAL'}]}, electionId=7fffffff0000000000000009, setVersion=1, topologyVersion=TopologyVersion{processId=67f95943868877c2c3e82ebb, counter=6}, lastWriteDate=Fri Apr 18 19:04:07 GMT+05:45 2025, lastUpdateTimeNanos=14958057363188}
2025-04-18 19:04:13 INFO  org.mongodb.driver.cluster - Monitor thread successfully connected to server with description ServerDescription{address=ac-kex050i-shard-00-01.6b69sb9.mongodb.net:27017, type=REPLICA_SET_SECONDARY, cryptd=false, state=CONNECTED, ok=true, minWireVersion=0, maxWireVersion=25, maxDocumentSize=16777216, logicalSessionTimeoutMinutes=30, roundTripTimeNanos=454608777, minRoundTripTimeNanos=0, setName='atlas-kry611-shard-0', canonicalAddress=ac-kex050i-shard-00-01.6b69sb9.mongodb.net:27017, hosts=[ac-kex050i-shard-00-02.6b69sb9.mongodb.net:27017, ac-kex050i-shard-00-01.6b69sb9.mongodb.net:27017, ac-kex050i-shard-00-00.6b69sb9.mongodb.net:27017], passives=[], arbiters=[], primary='ac-kex050i-shard-00-02.6b69sb9.mongodb.net:27017', tagSet=TagSet{[Tag{name='availabilityZone', value='aps1-az3'}, Tag{name='diskState', value='READY'}, Tag{name='nodeType', value='ELECTABLE'}, Tag{name='provider', value='AWS'}, Tag{name='region', value='AP_SOUTH_1'}, Tag{name='workloadType', value='OPERATIONAL'}]}, electionId=null, setVersion=1, topologyVersion=TopologyVersion{processId=67f95a88e18c31e0b3801de8, counter=3}, lastWriteDate=Fri Apr 18 19:04:07 GMT+05:45 2025, lastUpdateTimeNanos=14958057363210}
2025-04-18 19:04:13 INFO  org.mongodb.driver.cluster - Discovered replica set primary ac-kex050i-shard-00-02.6b69sb9.mongodb.net:27017 with max election id 7fffffff0000000000000009 and max set version 1
2025-04-18 19:04:14 WARN  o.s.b.w.s.c.AnnotationConfigServletWebServerApplicationContext - Exception encountered during context initialization - cancelling refresh attempt: org.springframework.beans.factory.BeanCreationException: Error creating bean with name 'authController': Injection of autowired dependencies failed
2025-04-18 19:04:14 INFO  o.a.catalina.core.StandardService - Stopping service [Tomcat]
2025-04-18 19:04:14 INFO  o.s.b.a.l.ConditionEvaluationReportLogger - 

Error starting ApplicationContext. To display the condition evaluation report re-run your application with 'debug' enabled.
2025-04-18 19:04:14 ERROR o.s.boot.SpringApplication - Application run failed
org.springframework.beans.factory.BeanCreationException: Error creating bean with name 'authController': Injection of autowired dependencies failed
	at org.springframework.beans.factory.annotation.AutowiredAnnotationBeanPostProcessor.postProcessProperties(AutowiredAnnotationBeanPostProcessor.java:515)
	at org.springframework.beans.factory.support.AbstractAutowireCapableBeanFactory.populateBean(AbstractAutowireCapableBeanFactory.java:1445)
	at org.springframework.beans.factory.support.AbstractAutowireCapableBeanFactory.doCreateBean(AbstractAutowireCapableBeanFactory.java:600)
	at org.springframework.beans.factory.support.AbstractAutowireCapableBeanFactory.createBean(AbstractAutowireCapableBeanFactory.java:523)
	at org.springframework.beans.factory.support.AbstractBeanFactory.lambda$doGetBean$0(AbstractBeanFactory.java:339)
	at org.springframework.beans.factory.support.DefaultSingletonBeanRegistry.getSingleton(DefaultSingletonBeanRegistry.java:347)
	at org.springframework.beans.factory.support.AbstractBeanFactory.doGetBean(AbstractBeanFactory.java:337)
	at org.springframework.beans.factory.support.AbstractBeanFactory.getBean(AbstractBeanFactory.java:202)
	at org.springframework.beans.factory.support.DefaultListableBeanFactory.instantiateSingleton(DefaultListableBeanFactory.java:1155)
	at org.springframework.beans.factory.support.DefaultListableBeanFactory.preInstantiateSingleton(DefaultListableBeanFactory.java:1121)
	at org.springframework.beans.factory.support.DefaultListableBeanFactory.preInstantiateSingletons(DefaultListableBeanFactory.java:1056)
	at org.springframework.context.support.AbstractApplicationContext.finishBeanFactoryInitialization(AbstractApplicationContext.java:987)
	at org.springframework.context.support.AbstractApplicationContext.refresh(AbstractApplicationContext.java:627)
	at org.springframework.boot.web.servlet.context.ServletWebServerApplicationContext.refresh(ServletWebServerApplicationContext.java:146)
	at org.springframework.boot.SpringApplication.refresh(SpringApplication.java:752)
	at org.springframework.boot.SpringApplication.refreshContext(SpringApplication.java:439)
	at org.springframework.boot.SpringApplication.run(SpringApplication.java:318)
	at org.springframework.boot.SpringApplication.run(SpringApplication.java:1361)
	at org.springframework.boot.SpringApplication.run(SpringApplication.java:1350)
	at malla.dipesh.journalApp.JournalAppApplication.main(JournalAppApplication.java:19)
Caused by: org.springframework.util.PlaceholderResolutionException: Could not resolve placeholder 'GOOGLE_CLIENT_ID' in value "${GOOGLE_CLIENT_ID}" <-- "${spring.security.oauth2.client.registration.google.client-id}"
	at org.springframework.util.PlaceholderResolutionException.withValue(PlaceholderResolutionException.java:81)
	at org.springframework.util.PlaceholderParser$ParsedValue.resolve(PlaceholderParser.java:423)
	at org.springframework.util.PlaceholderParser.replacePlaceholders(PlaceholderParser.java:128)
	at org.springframework.util.PropertyPlaceholderHelper.parseStringValue(PropertyPlaceholderHelper.java:118)
	at org.springframework.util.PropertyPlaceholderHelper.replacePlaceholders(PropertyPlaceholderHelper.java:114)
	at org.springframework.core.env.AbstractPropertyResolver.doResolvePlaceholders(AbstractPropertyResolver.java:255)
	at org.springframework.core.env.AbstractPropertyResolver.resolveRequiredPlaceholders(AbstractPropertyResolver.java:226)
	at org.springframework.context.support.PropertySourcesPlaceholderConfigurer.lambda$processProperties$0(PropertySourcesPlaceholderConfigurer.java:201)
	at org.springframework.beans.factory.support.AbstractBeanFactory.resolveEmbeddedValue(AbstractBeanFactory.java:971)
	at org.springframework.beans.factory.support.DefaultListableBeanFactory.doResolveDependency(DefaultListableBeanFactory.java:1577)
	at org.springframework.beans.factory.support.DefaultListableBeanFactory.resolveDependency(DefaultListableBeanFactory.java:1555)
	at org.springframework.beans.factory.annotation.AutowiredAnnotationBeanPostProcessor$AutowiredFieldElement.resolveFieldValue(AutowiredAnnotationBeanPostProcessor.java:785)
	at org.springframework.beans.factory.annotation.AutowiredAnnotationBeanPostProcessor$AutowiredFieldElement.inject(AutowiredAnnotationBeanPostProcessor.java:768)
	at org.springframework.beans.factory.annotation.InjectionMetadata.inject(InjectionMetadata.java:146)
	at org.springframework.beans.factory.annotation.AutowiredAnnotationBeanPostProcessor.postProcessProperties(AutowiredAnnotationBeanPostProcessor.java:509)
	... 19 common frames omitted
2025-04-18 19:06:26 INFO  o.h.validator.internal.util.Version - HV000001: Hibernate Validator 8.0.2.Final
2025-04-18 19:06:26 INFO  m.d.journalApp.JournalAppApplication - Starting JournalAppApplication using Java 23.0.2 with PID 28730 (/home/malle/Project/journalApp/target/classes started by malle in /home/malle/Project/journalApp)
2025-04-18 19:06:26 INFO  m.d.journalApp.JournalAppApplication - The following 1 profile is active: "dev"
2025-04-18 19:06:27 INFO  o.s.d.r.c.RepositoryConfigurationDelegate - Multiple Spring Data modules found, entering strict repository configuration mode
2025-04-18 19:06:27 INFO  o.s.d.r.c.RepositoryConfigurationDelegate - Bootstrapping Spring Data MongoDB repositories in DEFAULT mode.
2025-04-18 19:06:27 INFO  o.s.d.r.c.RepositoryConfigurationDelegate - Finished Spring Data repository scanning in 66 ms. Found 3 MongoDB repository interfaces.
2025-04-18 19:06:27 INFO  o.s.d.r.c.RepositoryConfigurationDelegate - Multiple Spring Data modules found, entering strict repository configuration mode
2025-04-18 19:06:27 INFO  o.s.d.r.c.RepositoryConfigurationDelegate - Bootstrapping Spring Data Redis repositories in DEFAULT mode.
2025-04-18 19:06:27 INFO  o.s.d.r.c.RepositoryConfigurationExtensionSupport - Spring Data Redis - Could not safely identify store assignment for repository candidate interface malla.dipesh.journalApp.repository.ConfigJournalAppRepository; If you want this repository to be a Redis repository, consider annotating your entities with one of these annotations: org.springframework.data.redis.core.RedisHash (preferred), or consider extending one of the following types with your repository: org.springframework.data.keyvalue.repository.KeyValueRepository
2025-04-18 19:06:27 INFO  o.s.d.r.c.RepositoryConfigurationExtensionSupport - Spring Data Redis - Could not safely identify store assignment for repository candidate interface malla.dipesh.journalApp.repository.JournalEntryRepository; If you want this repository to be a Redis repository, consider annotating your entities with one of these annotations: org.springframework.data.redis.core.RedisHash (preferred), or consider extending one of the following types with your repository: org.springframework.data.keyvalue.repository.KeyValueRepository
2025-04-18 19:06:27 INFO  o.s.d.r.c.RepositoryConfigurationExtensionSupport - Spring Data Redis - Could not safely identify store assignment for repository candidate interface malla.dipesh.journalApp.repository.UserRepository; If you want this repository to be a Redis repository, consider annotating your entities with one of these annotations: org.springframework.data.redis.core.RedisHash (preferred), or consider extending one of the following types with your repository: org.springframework.data.keyvalue.repository.KeyValueRepository
2025-04-18 19:06:27 INFO  o.s.d.r.c.RepositoryConfigurationDelegate - Finished Spring Data repository scanning in 13 ms. Found 0 Redis repository interfaces.
2025-04-18 19:06:27 INFO  o.s.b.w.e.tomcat.TomcatWebServer - Tomcat initialized with port 8080 (http)
2025-04-18 19:06:27 INFO  o.a.coyote.http11.Http11NioProtocol - Initializing ProtocolHandler ["http-nio-8080"]
2025-04-18 19:06:27 INFO  o.a.catalina.core.StandardService - Starting service [Tomcat]
2025-04-18 19:06:27 INFO  o.a.catalina.core.StandardEngine - Starting Servlet engine: [Apache Tomcat/10.1.39]
2025-04-18 19:06:27 INFO  o.a.c.c.C.[Tomcat].[localhost].[/] - Initializing Spring embedded WebApplicationContext
2025-04-18 19:06:27 INFO  o.s.b.w.s.c.ServletWebServerApplicationContext - Root WebApplicationContext: initialization completed in 953 ms
2025-04-18 19:06:28 INFO  org.mongodb.driver.client - MongoClient with metadata {"driver": {"name": "mongo-java-driver|sync|spring-boot", "version": "5.2.1"}, "os": {"type": "Linux", "name": "Linux", "architecture": "amd64", "version": "6.11.0-21-generic"}, "platform": "Java/Oracle Corporation/23.0.2+7-58"} created with settings MongoClientSettings{readPreference=primary, writeConcern=WriteConcern{w=majority, wTimeout=null ms, journal=null}, retryWrites=true, retryReads=true, readConcern=ReadConcern{level=null}, credential=MongoCredential{mechanism=null, userName='dipeshmallapub', source='admin', password=<hidden>, mechanismProperties=<hidden>}, transportSettings=null, commandListeners=[], codecRegistry=ProvidersCodecRegistry{codecProviders=[ValueCodecProvider{}, BsonValueCodecProvider{}, DBRefCodecProvider{}, DBObjectCodecProvider{}, DocumentCodecProvider{}, CollectionCodecProvider{}, IterableCodecProvider{}, MapCodecProvider{}, GeoJsonCodecProvider{}, GridFSFileCodecProvider{}, Jsr310CodecProvider{}, JsonObjectCodecProvider{}, BsonCodecProvider{}, EnumCodecProvider{}, com.mongodb.client.model.mql.ExpressionCodecProvider@4e2cdc51, com.mongodb.Jep395RecordCodecProvider@2969a9a6, com.mongodb.KotlinCodecProvider@25470477]}, loggerSettings=LoggerSettings{maxDocumentLength=1000}, clusterSettings={hosts=[127.0.0.1:27017], srvHost=cluster0.6b69sb9.mongodb.net, srvServiceName=mongodb, mode=MULTIPLE, requiredClusterType=REPLICA_SET, requiredReplicaSetName='atlas-kry611-shard-0', serverSelector='null', clusterListeners='[]', serverSelectionTimeout='30000 ms', localThreshold='15 ms'}, socketSettings=SocketSettings{connectTimeoutMS=10000, readTimeoutMS=0, receiveBufferSize=0, proxySettings=ProxySettings{host=null, port=null, username=null, password=null}}, heartbeatSocketSettings=SocketSettings{connectTimeoutMS=10000, readTimeoutMS=10000, receiveBufferSize=0, proxySettings=ProxySettings{host=null, port=null, username=null, password=null}}, connectionPoolSettings=ConnectionPoolSettings{maxSize=100, minSize=0, maxWaitTimeMS=120000, maxConnectionLifeTimeMS=0, maxConnectionIdleTimeMS=0, maintenanceInitialDelayMS=0, maintenanceFrequencyMS=60000, connectionPoolListeners=[], maxConnecting=2}, serverSettings=ServerSettings{heartbeatFrequencyMS=10000, minHeartbeatFrequencyMS=500, serverMonitoringMode=AUTO, serverListeners='[]', serverMonitorListeners='[]'}, sslSettings=SslSettings{enabled=true, invalidHostNameAllowed=false, context=null}, applicationName='null', compressorList=[], uuidRepresentation=JAVA_LEGACY, serverApi=null, autoEncryptionSettings=null, dnsClient=null, inetAddressResolver=null, contextProvider=null, timeoutMS=null}
2025-04-18 19:06:28 INFO  org.mongodb.driver.cluster - Waiting for server to become available for operation with ID 2. Remaining time: 29996 ms. Selector: WritableServerSelector, topology description: {type=UNKNOWN, servers=[].
2025-04-18 19:06:28 INFO  org.mongodb.driver.cluster - Adding discovered server ac-kex050i-shard-00-02.6b69sb9.mongodb.net:27017 to client view of cluster
2025-04-18 19:06:28 INFO  org.mongodb.driver.cluster - Adding discovered server ac-kex050i-shard-00-00.6b69sb9.mongodb.net:27017 to client view of cluster
2025-04-18 19:06:28 INFO  org.mongodb.driver.cluster - Adding discovered server ac-kex050i-shard-00-01.6b69sb9.mongodb.net:27017 to client view of cluster
2025-04-18 19:06:29 INFO  org.mongodb.driver.cluster - Monitor thread successfully connected to server with description ServerDescription{address=ac-kex050i-shard-00-02.6b69sb9.mongodb.net:27017, type=REPLICA_SET_PRIMARY, cryptd=false, state=CONNECTED, ok=true, minWireVersion=0, maxWireVersion=25, maxDocumentSize=16777216, logicalSessionTimeoutMinutes=30, roundTripTimeNanos=368016943, minRoundTripTimeNanos=0, setName='atlas-kry611-shard-0', canonicalAddress=ac-kex050i-shard-00-02.6b69sb9.mongodb.net:27017, hosts=[ac-kex050i-shard-00-02.6b69sb9.mongodb.net:27017, ac-kex050i-shard-00-01.6b69sb9.mongodb.net:27017, ac-kex050i-shard-00-00.6b69sb9.mongodb.net:27017], passives=[], arbiters=[], primary='ac-kex050i-shard-00-02.6b69sb9.mongodb.net:27017', tagSet=TagSet{[Tag{name='availabilityZone', value='aps1-az2'}, Tag{name='diskState', value='READY'}, Tag{name='nodeType', value='ELECTABLE'}, Tag{name='provider', value='AWS'}, Tag{name='region', value='AP_SOUTH_1'}, Tag{name='workloadType', value='OPERATIONAL'}]}, electionId=7fffffff0000000000000009, setVersion=1, topologyVersion=TopologyVersion{processId=67f95943868877c2c3e82ebb, counter=6}, lastWriteDate=Fri Apr 18 19:06:27 GMT+05:45 2025, lastUpdateTimeNanos=15093340643369}
2025-04-18 19:06:29 INFO  org.mongodb.driver.cluster - Monitor thread successfully connected to server with description ServerDescription{address=ac-kex050i-shard-00-01.6b69sb9.mongodb.net:27017, type=REPLICA_SET_SECONDARY, cryptd=false, state=CONNECTED, ok=true, minWireVersion=0, maxWireVersion=25, maxDocumentSize=16777216, logicalSessionTimeoutMinutes=30, roundTripTimeNanos=361134207, minRoundTripTimeNanos=0, setName='atlas-kry611-shard-0', canonicalAddress=ac-kex050i-shard-00-01.6b69sb9.mongodb.net:27017, hosts=[ac-kex050i-shard-00-02.6b69sb9.mongodb.net:27017, ac-kex050i-shard-00-01.6b69sb9.mongodb.net:27017, ac-kex050i-shard-00-00.6b69sb9.mongodb.net:27017], passives=[], arbiters=[], primary='ac-kex050i-shard-00-02.6b69sb9.mongodb.net:27017', tagSet=TagSet{[Tag{name='availabilityZone', value='aps1-az3'}, Tag{name='diskState', value='READY'}, Tag{name='nodeType', value='ELECTABLE'}, Tag{name='provider', value='AWS'}, Tag{name='region', value='AP_SOUTH_1'}, Tag{name='workloadType', value='OPERATIONAL'}]}, electionId=null, setVersion=1, topologyVersion=TopologyVersion{processId=67f95a88e18c31e0b3801de8, counter=3}, lastWriteDate=Fri Apr 18 19:06:27 GMT+05:45 2025, lastUpdateTimeNanos=15093340643453}
2025-04-18 19:06:29 INFO  org.mongodb.driver.cluster - Monitor thread successfully connected to server with description ServerDescription{address=ac-kex050i-shard-00-00.6b69sb9.mongodb.net:27017, type=REPLICA_SET_SECONDARY, cryptd=false, state=CONNECTED, ok=true, minWireVersion=0, maxWireVersion=25, maxDocumentSize=16777216, logicalSessionTimeoutMinutes=30, roundTripTimeNanos=361134147, minRoundTripTimeNanos=0, setName='atlas-kry611-shard-0', canonicalAddress=ac-kex050i-shard-00-00.6b69sb9.mongodb.net:27017, hosts=[ac-kex050i-shard-00-02.6b69sb9.mongodb.net:27017, ac-kex050i-shard-00-01.6b69sb9.mongodb.net:27017, ac-kex050i-shard-00-00.6b69sb9.mongodb.net:27017], passives=[], arbiters=[], primary='ac-kex050i-shard-00-02.6b69sb9.mongodb.net:27017', tagSet=TagSet{[Tag{name='availabilityZone', value='aps1-az1'}, Tag{name='diskState', value='READY'}, Tag{name='nodeType', value='ELECTABLE'}, Tag{name='provider', value='AWS'}, Tag{name='region', value='AP_SOUTH_1'}, Tag{name='workloadType', value='OPERATIONAL'}]}, electionId=null, setVersion=1, topologyVersion=TopologyVersion{processId=67f957c96e7bebcebef83be4, counter=4}, lastWriteDate=Fri Apr 18 19:06:27 GMT+05:45 2025, lastUpdateTimeNanos=15093340643530}
2025-04-18 19:06:29 INFO  org.mongodb.driver.cluster - Discovered replica set primary ac-kex050i-shard-00-02.6b69sb9.mongodb.net:27017 with max election id 7fffffff0000000000000009 and max set version 1
2025-04-18 19:06:30 INFO  o.s.s.c.a.a.c.InitializeAuthenticationProviderBeanManagerConfigurer$InitializeAuthenticationProviderManagerConfigurer - Global AuthenticationManager configured with AuthenticationProvider bean with name authenticationProvider
2025-04-18 19:06:30 WARN  o.s.s.c.a.a.c.InitializeUserDetailsBeanManagerConfigurer$InitializeUserDetailsManagerConfigurer - Global AuthenticationManager configured with an AuthenticationProvider bean. UserDetailsService beans will not be used by Spring Security for automatically configuring username/password login. Consider removing the AuthenticationProvider bean. Alternatively, consider using the UserDetailsService in a manually instantiated DaoAuthenticationProvider. If the current configuration is intentional, to turn off this warning, increase the logging level of 'org.springframework.security.config.annotation.authentication.configuration.InitializeUserDetailsBeanManagerConfigurer' to ERROR
2025-04-18 19:06:30 INFO  o.a.coyote.http11.Http11NioProtocol - Starting ProtocolHandler ["http-nio-8080"]
2025-04-18 19:06:30 INFO  o.s.b.w.e.tomcat.TomcatWebServer - Tomcat started on port 8080 (http) with context path '/'
2025-04-18 19:06:30 INFO  m.d.journalApp.JournalAppApplication - Started JournalAppApplication in 3.929 seconds (process running for 4.494)
2025-04-18 19:08:37 INFO  o.a.c.c.C.[Tomcat].[localhost].[/] - Initializing Spring DispatcherServlet 'dispatcherServlet'
2025-04-18 19:08:37 INFO  o.s.web.servlet.DispatcherServlet - Initializing Servlet 'dispatcherServlet'
2025-04-18 19:08:37 INFO  o.s.web.servlet.DispatcherServlet - Completed initialization in 1 ms
2025-04-18 19:10:14 INFO  o.s.b.w.e.tomcat.GracefulShutdown - Commencing graceful shutdown. Waiting for active requests to complete
2025-04-18 19:10:14 INFO  o.s.b.w.e.tomcat.GracefulShutdown - Graceful shutdown complete
2025-04-18 19:10:18 INFO  o.h.validator.internal.util.Version - HV000001: Hibernate Validator 8.0.2.Final
2025-04-18 19:10:18 INFO  m.d.journalApp.JournalAppApplication - Starting JournalAppApplication using Java 23.0.2 with PID 29484 (/home/malle/Project/journalApp/target/classes started by malle in /home/malle/Project/journalApp)
2025-04-18 19:10:18 INFO  m.d.journalApp.JournalAppApplication - The following 1 profile is active: "dev"
2025-04-18 19:10:19 INFO  o.s.d.r.c.RepositoryConfigurationDelegate - Multiple Spring Data modules found, entering strict repository configuration mode
2025-04-18 19:10:19 INFO  o.s.d.r.c.RepositoryConfigurationDelegate - Bootstrapping Spring Data MongoDB repositories in DEFAULT mode.
2025-04-18 19:10:19 INFO  o.s.d.r.c.RepositoryConfigurationDelegate - Finished Spring Data repository scanning in 75 ms. Found 3 MongoDB repository interfaces.
2025-04-18 19:10:19 INFO  o.s.d.r.c.RepositoryConfigurationDelegate - Multiple Spring Data modules found, entering strict repository configuration mode
2025-04-18 19:10:19 INFO  o.s.d.r.c.RepositoryConfigurationDelegate - Bootstrapping Spring Data Redis repositories in DEFAULT mode.
2025-04-18 19:10:19 INFO  o.s.d.r.c.RepositoryConfigurationExtensionSupport - Spring Data Redis - Could not safely identify store assignment for repository candidate interface malla.dipesh.journalApp.repository.ConfigJournalAppRepository; If you want this repository to be a Redis repository, consider annotating your entities with one of these annotations: org.springframework.data.redis.core.RedisHash (preferred), or consider extending one of the following types with your repository: org.springframework.data.keyvalue.repository.KeyValueRepository
2025-04-18 19:10:19 INFO  o.s.d.r.c.RepositoryConfigurationExtensionSupport - Spring Data Redis - Could not safely identify store assignment for repository candidate interface malla.dipesh.journalApp.repository.JournalEntryRepository; If you want this repository to be a Redis repository, consider annotating your entities with one of these annotations: org.springframework.data.redis.core.RedisHash (preferred), or consider extending one of the following types with your repository: org.springframework.data.keyvalue.repository.KeyValueRepository
2025-04-18 19:10:19 INFO  o.s.d.r.c.RepositoryConfigurationExtensionSupport - Spring Data Redis - Could not safely identify store assignment for repository candidate interface malla.dipesh.journalApp.repository.UserRepository; If you want this repository to be a Redis repository, consider annotating your entities with one of these annotations: org.springframework.data.redis.core.RedisHash (preferred), or consider extending one of the following types with your repository: org.springframework.data.keyvalue.repository.KeyValueRepository
2025-04-18 19:10:19 INFO  o.s.d.r.c.RepositoryConfigurationDelegate - Finished Spring Data repository scanning in 8 ms. Found 0 Redis repository interfaces.
2025-04-18 19:10:19 INFO  o.s.b.w.e.tomcat.TomcatWebServer - Tomcat initialized with port 8080 (http)
2025-04-18 19:10:19 INFO  o.a.coyote.http11.Http11NioProtocol - Initializing ProtocolHandler ["http-nio-8080"]
2025-04-18 19:10:19 INFO  o.a.catalina.core.StandardService - Starting service [Tomcat]
2025-04-18 19:10:19 INFO  o.a.catalina.core.StandardEngine - Starting Servlet engine: [Apache Tomcat/10.1.39]
2025-04-18 19:10:20 INFO  o.a.c.c.C.[Tomcat].[localhost].[/] - Initializing Spring embedded WebApplicationContext
2025-04-18 19:10:20 INFO  o.s.b.w.s.c.ServletWebServerApplicationContext - Root WebApplicationContext: initialization completed in 1128 ms
2025-04-18 19:10:20 INFO  org.mongodb.driver.client - MongoClient with metadata {"driver": {"name": "mongo-java-driver|sync|spring-boot", "version": "5.2.1"}, "os": {"type": "Linux", "name": "Linux", "architecture": "amd64", "version": "6.11.0-21-generic"}, "platform": "Java/Oracle Corporation/23.0.2+7-58"} created with settings MongoClientSettings{readPreference=primary, writeConcern=WriteConcern{w=majority, wTimeout=null ms, journal=null}, retryWrites=true, retryReads=true, readConcern=ReadConcern{level=null}, credential=MongoCredential{mechanism=null, userName='dipeshmallapub', source='admin', password=<hidden>, mechanismProperties=<hidden>}, transportSettings=null, commandListeners=[], codecRegistry=ProvidersCodecRegistry{codecProviders=[ValueCodecProvider{}, BsonValueCodecProvider{}, DBRefCodecProvider{}, DBObjectCodecProvider{}, DocumentCodecProvider{}, CollectionCodecProvider{}, IterableCodecProvider{}, MapCodecProvider{}, GeoJsonCodecProvider{}, GridFSFileCodecProvider{}, Jsr310CodecProvider{}, JsonObjectCodecProvider{}, BsonCodecProvider{}, EnumCodecProvider{}, com.mongodb.client.model.mql.ExpressionCodecProvider@1b475663, com.mongodb.Jep395RecordCodecProvider@1669931a, com.mongodb.KotlinCodecProvider@6b24ddd7]}, loggerSettings=LoggerSettings{maxDocumentLength=1000}, clusterSettings={hosts=[127.0.0.1:27017], srvHost=cluster0.6b69sb9.mongodb.net, srvServiceName=mongodb, mode=MULTIPLE, requiredClusterType=REPLICA_SET, requiredReplicaSetName='atlas-kry611-shard-0', serverSelector='null', clusterListeners='[]', serverSelectionTimeout='30000 ms', localThreshold='15 ms'}, socketSettings=SocketSettings{connectTimeoutMS=10000, readTimeoutMS=0, receiveBufferSize=0, proxySettings=ProxySettings{host=null, port=null, username=null, password=null}}, heartbeatSocketSettings=SocketSettings{connectTimeoutMS=10000, readTimeoutMS=10000, receiveBufferSize=0, proxySettings=ProxySettings{host=null, port=null, username=null, password=null}}, connectionPoolSettings=ConnectionPoolSettings{maxSize=100, minSize=0, maxWaitTimeMS=120000, maxConnectionLifeTimeMS=0, maxConnectionIdleTimeMS=0, maintenanceInitialDelayMS=0, maintenanceFrequencyMS=60000, connectionPoolListeners=[], maxConnecting=2}, serverSettings=ServerSettings{heartbeatFrequencyMS=10000, minHeartbeatFrequencyMS=500, serverMonitoringMode=AUTO, serverListeners='[]', serverMonitorListeners='[]'}, sslSettings=SslSettings{enabled=true, invalidHostNameAllowed=false, context=null}, applicationName='null', compressorList=[], uuidRepresentation=JAVA_LEGACY, serverApi=null, autoEncryptionSettings=null, dnsClient=null, inetAddressResolver=null, contextProvider=null, timeoutMS=null}
2025-04-18 19:10:20 INFO  org.mongodb.driver.cluster - Waiting for server to become available for operation with ID 2. Remaining time: 29996 ms. Selector: WritableServerSelector, topology description: {type=UNKNOWN, servers=[].
2025-04-18 19:10:20 INFO  org.mongodb.driver.cluster - Adding discovered server ac-kex050i-shard-00-02.6b69sb9.mongodb.net:27017 to client view of cluster
2025-04-18 19:10:20 INFO  org.mongodb.driver.cluster - Adding discovered server ac-kex050i-shard-00-00.6b69sb9.mongodb.net:27017 to client view of cluster
2025-04-18 19:10:20 INFO  org.mongodb.driver.cluster - Adding discovered server ac-kex050i-shard-00-01.6b69sb9.mongodb.net:27017 to client view of cluster
2025-04-18 19:10:21 INFO  org.mongodb.driver.cluster - Monitor thread successfully connected to server with description ServerDescription{address=ac-kex050i-shard-00-01.6b69sb9.mongodb.net:27017, type=REPLICA_SET_SECONDARY, cryptd=false, state=CONNECTED, ok=true, minWireVersion=0, maxWireVersion=25, maxDocumentSize=16777216, logicalSessionTimeoutMinutes=30, roundTripTimeNanos=278868503, minRoundTripTimeNanos=0, setName='atlas-kry611-shard-0', canonicalAddress=ac-kex050i-shard-00-01.6b69sb9.mongodb.net:27017, hosts=[ac-kex050i-shard-00-02.6b69sb9.mongodb.net:27017, ac-kex050i-shard-00-01.6b69sb9.mongodb.net:27017, ac-kex050i-shard-00-00.6b69sb9.mongodb.net:27017], passives=[], arbiters=[], primary='ac-kex050i-shard-00-02.6b69sb9.mongodb.net:27017', tagSet=TagSet{[Tag{name='availabilityZone', value='aps1-az3'}, Tag{name='diskState', value='READY'}, Tag{name='nodeType', value='ELECTABLE'}, Tag{name='provider', value='AWS'}, Tag{name='region', value='AP_SOUTH_1'}, Tag{name='workloadType', value='OPERATIONAL'}]}, electionId=null, setVersion=1, topologyVersion=TopologyVersion{processId=67f95a88e18c31e0b3801de8, counter=3}, lastWriteDate=Fri Apr 18 19:10:15 GMT+05:45 2025, lastUpdateTimeNanos=15325368955372}
2025-04-18 19:10:21 INFO  org.mongodb.driver.cluster - Monitor thread successfully connected to server with description ServerDescription{address=ac-kex050i-shard-00-00.6b69sb9.mongodb.net:27017, type=REPLICA_SET_SECONDARY, cryptd=false, state=CONNECTED, ok=true, minWireVersion=0, maxWireVersion=25, maxDocumentSize=16777216, logicalSessionTimeoutMinutes=30, roundTripTimeNanos=270978824, minRoundTripTimeNanos=0, setName='atlas-kry611-shard-0', canonicalAddress=ac-kex050i-shard-00-00.6b69sb9.mongodb.net:27017, hosts=[ac-kex050i-shard-00-02.6b69sb9.mongodb.net:27017, ac-kex050i-shard-00-01.6b69sb9.mongodb.net:27017, ac-kex050i-shard-00-00.6b69sb9.mongodb.net:27017], passives=[], arbiters=[], primary='ac-kex050i-shard-00-02.6b69sb9.mongodb.net:27017', tagSet=TagSet{[Tag{name='availabilityZone', value='aps1-az1'}, Tag{name='diskState', value='READY'}, Tag{name='nodeType', value='ELECTABLE'}, Tag{name='provider', value='AWS'}, Tag{name='region', value='AP_SOUTH_1'}, Tag{name='workloadType', value='OPERATIONAL'}]}, electionId=null, setVersion=1, topologyVersion=TopologyVersion{processId=67f957c96e7bebcebef83be4, counter=4}, lastWriteDate=Fri Apr 18 19:10:15 GMT+05:45 2025, lastUpdateTimeNanos=15325368955320}
2025-04-18 19:10:21 INFO  org.mongodb.driver.cluster - Monitor thread successfully connected to server with description ServerDescription{address=ac-kex050i-shard-00-02.6b69sb9.mongodb.net:27017, type=REPLICA_SET_PRIMARY, cryptd=false, state=CONNECTED, ok=true, minWireVersion=0, maxWireVersion=25, maxDocumentSize=16777216, logicalSessionTimeoutMinutes=30, roundTripTimeNanos=278869693, minRoundTripTimeNanos=0, setName='atlas-kry611-shard-0', canonicalAddress=ac-kex050i-shard-00-02.6b69sb9.mongodb.net:27017, hosts=[ac-kex050i-shard-00-02.6b69sb9.mongodb.net:27017, ac-kex050i-shard-00-01.6b69sb9.mongodb.net:27017, ac-kex050i-shard-00-00.6b69sb9.mongodb.net:27017], passives=[], arbiters=[], primary='ac-kex050i-shard-00-02.6b69sb9.mongodb.net:27017', tagSet=TagSet{[Tag{name='availabilityZone', value='aps1-az2'}, Tag{name='diskState', value='READY'}, Tag{name='nodeType', value='ELECTABLE'}, Tag{name='provider', value='AWS'}, Tag{name='region', value='AP_SOUTH_1'}, Tag{name='workloadType', value='OPERATIONAL'}]}, electionId=7fffffff0000000000000009, setVersion=1, topologyVersion=TopologyVersion{processId=67f95943868877c2c3e82ebb, counter=6}, lastWriteDate=Fri Apr 18 19:10:15 GMT+05:45 2025, lastUpdateTimeNanos=15325368955715}
2025-04-18 19:10:21 INFO  org.mongodb.driver.cluster - Discovered replica set primary ac-kex050i-shard-00-02.6b69sb9.mongodb.net:27017 with max election id 7fffffff0000000000000009 and max set version 1
2025-04-18 19:10:21 INFO  o.s.s.c.a.a.c.InitializeAuthenticationProviderBeanManagerConfigurer$InitializeAuthenticationProviderManagerConfigurer - Global AuthenticationManager configured with AuthenticationProvider bean with name authenticationProvider
2025-04-18 19:10:21 WARN  o.s.s.c.a.a.c.InitializeUserDetailsBeanManagerConfigurer$InitializeUserDetailsManagerConfigurer - Global AuthenticationManager configured with an AuthenticationProvider bean. UserDetailsService beans will not be used by Spring Security for automatically configuring username/password login. Consider removing the AuthenticationProvider bean. Alternatively, consider using the UserDetailsService in a manually instantiated DaoAuthenticationProvider. If the current configuration is intentional, to turn off this warning, increase the logging level of 'org.springframework.security.config.annotation.authentication.configuration.InitializeUserDetailsBeanManagerConfigurer' to ERROR
2025-04-18 19:10:22 INFO  o.a.coyote.http11.Http11NioProtocol - Starting ProtocolHandler ["http-nio-8080"]
2025-04-18 19:10:22 INFO  o.s.b.w.e.tomcat.TomcatWebServer - Tomcat started on port 8080 (http) with context path '/'
2025-04-18 19:10:22 INFO  m.d.journalApp.JournalAppApplication - Started JournalAppApplication in 3.752 seconds (process running for 4.685)
2025-04-18 19:10:26 INFO  o.a.c.c.C.[Tomcat].[localhost].[/] - Initializing Spring DispatcherServlet 'dispatcherServlet'
2025-04-18 19:10:26 INFO  o.s.web.servlet.DispatcherServlet - Initializing Servlet 'dispatcherServlet'
2025-04-18 19:10:26 INFO  o.s.web.servlet.DispatcherServlet - Completed initialization in 1 ms
2025-04-18 19:12:29 INFO  o.s.b.w.e.tomcat.GracefulShutdown - Commencing graceful shutdown. Waiting for active requests to complete
2025-04-18 19:12:29 INFO  o.s.b.w.e.tomcat.GracefulShutdown - Graceful shutdown complete
2025-04-18 19:12:34 INFO  o.h.validator.internal.util.Version - HV000001: Hibernate Validator 8.0.2.Final
2025-04-18 19:12:34 INFO  m.d.journalApp.JournalAppApplication - Starting JournalAppApplication using Java 23.0.2 with PID 30157 (/home/malle/Project/journalApp/target/classes started by malle in /home/malle/Project/journalApp)
2025-04-18 19:12:34 INFO  m.d.journalApp.JournalAppApplication - The following 1 profile is active: "dev"
2025-04-18 19:12:34 INFO  o.s.d.r.c.RepositoryConfigurationDelegate - Multiple Spring Data modules found, entering strict repository configuration mode
2025-04-18 19:12:34 INFO  o.s.d.r.c.RepositoryConfigurationDelegate - Bootstrapping Spring Data MongoDB repositories in DEFAULT mode.
2025-04-18 19:12:34 INFO  o.s.d.r.c.RepositoryConfigurationDelegate - Finished Spring Data repository scanning in 87 ms. Found 3 MongoDB repository interfaces.
2025-04-18 19:12:35 INFO  o.s.d.r.c.RepositoryConfigurationDelegate - Multiple Spring Data modules found, entering strict repository configuration mode
2025-04-18 19:12:35 INFO  o.s.d.r.c.RepositoryConfigurationDelegate - Bootstrapping Spring Data Redis repositories in DEFAULT mode.
2025-04-18 19:12:35 INFO  o.s.d.r.c.RepositoryConfigurationExtensionSupport - Spring Data Redis - Could not safely identify store assignment for repository candidate interface malla.dipesh.journalApp.repository.ConfigJournalAppRepository; If you want this repository to be a Redis repository, consider annotating your entities with one of these annotations: org.springframework.data.redis.core.RedisHash (preferred), or consider extending one of the following types with your repository: org.springframework.data.keyvalue.repository.KeyValueRepository
2025-04-18 19:12:35 INFO  o.s.d.r.c.RepositoryConfigurationExtensionSupport - Spring Data Redis - Could not safely identify store assignment for repository candidate interface malla.dipesh.journalApp.repository.JournalEntryRepository; If you want this repository to be a Redis repository, consider annotating your entities with one of these annotations: org.springframework.data.redis.core.RedisHash (preferred), or consider extending one of the following types with your repository: org.springframework.data.keyvalue.repository.KeyValueRepository
2025-04-18 19:12:35 INFO  o.s.d.r.c.RepositoryConfigurationExtensionSupport - Spring Data Redis - Could not safely identify store assignment for repository candidate interface malla.dipesh.journalApp.repository.UserRepository; If you want this repository to be a Redis repository, consider annotating your entities with one of these annotations: org.springframework.data.redis.core.RedisHash (preferred), or consider extending one of the following types with your repository: org.springframework.data.keyvalue.repository.KeyValueRepository
2025-04-18 19:12:35 INFO  o.s.d.r.c.RepositoryConfigurationDelegate - Finished Spring Data repository scanning in 14 ms. Found 0 Redis repository interfaces.
2025-04-18 19:12:35 INFO  o.s.b.w.e.tomcat.TomcatWebServer - Tomcat initialized with port 8080 (http)
2025-04-18 19:12:35 INFO  o.a.coyote.http11.Http11NioProtocol - Initializing ProtocolHandler ["http-nio-8080"]
2025-04-18 19:12:35 INFO  o.a.catalina.core.StandardService - Starting service [Tomcat]
2025-04-18 19:12:35 INFO  o.a.catalina.core.StandardEngine - Starting Servlet engine: [Apache Tomcat/10.1.39]
2025-04-18 19:12:35 INFO  o.a.c.c.C.[Tomcat].[localhost].[/] - Initializing Spring embedded WebApplicationContext
2025-04-18 19:12:35 INFO  o.s.b.w.s.c.ServletWebServerApplicationContext - Root WebApplicationContext: initialization completed in 1451 ms
2025-04-18 19:12:36 INFO  org.mongodb.driver.client - MongoClient with metadata {"driver": {"name": "mongo-java-driver|sync|spring-boot", "version": "5.2.1"}, "os": {"type": "Linux", "name": "Linux", "architecture": "amd64", "version": "6.11.0-21-generic"}, "platform": "Java/Oracle Corporation/23.0.2+7-58"} created with settings MongoClientSettings{readPreference=primary, writeConcern=WriteConcern{w=majority, wTimeout=null ms, journal=null}, retryWrites=true, retryReads=true, readConcern=ReadConcern{level=null}, credential=MongoCredential{mechanism=null, userName='dipeshmallapub', source='admin', password=<hidden>, mechanismProperties=<hidden>}, transportSettings=null, commandListeners=[], codecRegistry=ProvidersCodecRegistry{codecProviders=[ValueCodecProvider{}, BsonValueCodecProvider{}, DBRefCodecProvider{}, DBObjectCodecProvider{}, DocumentCodecProvider{}, CollectionCodecProvider{}, IterableCodecProvider{}, MapCodecProvider{}, GeoJsonCodecProvider{}, GridFSFileCodecProvider{}, Jsr310CodecProvider{}, JsonObjectCodecProvider{}, BsonCodecProvider{}, EnumCodecProvider{}, com.mongodb.client.model.mql.ExpressionCodecProvider@6b24ddd7, com.mongodb.Jep395RecordCodecProvider@12e007be, com.mongodb.KotlinCodecProvider@3335afcf]}, loggerSettings=LoggerSettings{maxDocumentLength=1000}, clusterSettings={hosts=[127.0.0.1:27017], srvHost=cluster0.6b69sb9.mongodb.net, srvServiceName=mongodb, mode=MULTIPLE, requiredClusterType=REPLICA_SET, requiredReplicaSetName='atlas-kry611-shard-0', serverSelector='null', clusterListeners='[]', serverSelectionTimeout='30000 ms', localThreshold='15 ms'}, socketSettings=SocketSettings{connectTimeoutMS=10000, readTimeoutMS=0, receiveBufferSize=0, proxySettings=ProxySettings{host=null, port=null, username=null, password=null}}, heartbeatSocketSettings=SocketSettings{connectTimeoutMS=10000, readTimeoutMS=10000, receiveBufferSize=0, proxySettings=ProxySettings{host=null, port=null, username=null, password=null}}, connectionPoolSettings=ConnectionPoolSettings{maxSize=100, minSize=0, maxWaitTimeMS=120000, maxConnectionLifeTimeMS=0, maxConnectionIdleTimeMS=0, maintenanceInitialDelayMS=0, maintenanceFrequencyMS=60000, connectionPoolListeners=[], maxConnecting=2}, serverSettings=ServerSettings{heartbeatFrequencyMS=10000, minHeartbeatFrequencyMS=500, serverMonitoringMode=AUTO, serverListeners='[]', serverMonitorListeners='[]'}, sslSettings=SslSettings{enabled=true, invalidHostNameAllowed=false, context=null}, applicationName='null', compressorList=[], uuidRepresentation=JAVA_LEGACY, serverApi=null, autoEncryptionSettings=null, dnsClient=null, inetAddressResolver=null, contextProvider=null, timeoutMS=null}
2025-04-18 19:12:36 INFO  org.mongodb.driver.cluster - Adding discovered server ac-kex050i-shard-00-02.6b69sb9.mongodb.net:27017 to client view of cluster
2025-04-18 19:12:36 INFO  org.mongodb.driver.cluster - Adding discovered server ac-kex050i-shard-00-00.6b69sb9.mongodb.net:27017 to client view of cluster
2025-04-18 19:12:36 INFO  org.mongodb.driver.cluster - Adding discovered server ac-kex050i-shard-00-01.6b69sb9.mongodb.net:27017 to client view of cluster
2025-04-18 19:12:36 INFO  org.mongodb.driver.cluster - Waiting for server to become available for operation with ID 5. Remaining time: 29991 ms. Selector: WritableServerSelector, topology description: {type=REPLICA_SET, servers=[{address=ac-kex050i-shard-00-00.6b69sb9.mongodb.net:27017, type=UNKNOWN, state=CONNECTING}, {address=ac-kex050i-shard-00-02.6b69sb9.mongodb.net:27017, type=UNKNOWN, state=CONNECTING}, {address=ac-kex050i-shard-00-01.6b69sb9.mongodb.net:27017, type=UNKNOWN, state=CONNECTING}].
2025-04-18 19:12:37 INFO  org.mongodb.driver.cluster - Monitor thread successfully connected to server with description ServerDescription{address=ac-kex050i-shard-00-01.6b69sb9.mongodb.net:27017, type=REPLICA_SET_SECONDARY, cryptd=false, state=CONNECTED, ok=true, minWireVersion=0, maxWireVersion=25, maxDocumentSize=16777216, logicalSessionTimeoutMinutes=30, roundTripTimeNanos=354723949, minRoundTripTimeNanos=0, setName='atlas-kry611-shard-0', canonicalAddress=ac-kex050i-shard-00-01.6b69sb9.mongodb.net:27017, hosts=[ac-kex050i-shard-00-02.6b69sb9.mongodb.net:27017, ac-kex050i-shard-00-01.6b69sb9.mongodb.net:27017, ac-kex050i-shard-00-00.6b69sb9.mongodb.net:27017], passives=[], arbiters=[], primary='ac-kex050i-shard-00-02.6b69sb9.mongodb.net:27017', tagSet=TagSet{[Tag{name='availabilityZone', value='aps1-az3'}, Tag{name='diskState', value='READY'}, Tag{name='nodeType', value='ELECTABLE'}, Tag{name='provider', value='AWS'}, Tag{name='region', value='AP_SOUTH_1'}, Tag{name='workloadType', value='OPERATIONAL'}]}, electionId=null, setVersion=1, topologyVersion=TopologyVersion{processId=67f95a88e18c31e0b3801de8, counter=3}, lastWriteDate=Fri Apr 18 19:12:28 GMT+05:45 2025, lastUpdateTimeNanos=15461644051043}
2025-04-18 19:12:37 INFO  org.mongodb.driver.cluster - Monitor thread successfully connected to server with description ServerDescription{address=ac-kex050i-shard-00-00.6b69sb9.mongodb.net:27017, type=REPLICA_SET_SECONDARY, cryptd=false, state=CONNECTED, ok=true, minWireVersion=0, maxWireVersion=25, maxDocumentSize=16777216, logicalSessionTimeoutMinutes=30, roundTripTimeNanos=343737849, minRoundTripTimeNanos=0, setName='atlas-kry611-shard-0', canonicalAddress=ac-kex050i-shard-00-00.6b69sb9.mongodb.net:27017, hosts=[ac-kex050i-shard-00-02.6b69sb9.mongodb.net:27017, ac-kex050i-shard-00-01.6b69sb9.mongodb.net:27017, ac-kex050i-shard-00-00.6b69sb9.mongodb.net:27017], passives=[], arbiters=[], primary='ac-kex050i-shard-00-02.6b69sb9.mongodb.net:27017', tagSet=TagSet{[Tag{name='availabilityZone', value='aps1-az1'}, Tag{name='diskState', value='READY'}, Tag{name='nodeType', value='ELECTABLE'}, Tag{name='provider', value='AWS'}, Tag{name='region', value='AP_SOUTH_1'}, Tag{name='workloadType', value='OPERATIONAL'}]}, electionId=null, setVersion=1, topologyVersion=TopologyVersion{processId=67f957c96e7bebcebef83be4, counter=4}, lastWriteDate=Fri Apr 18 19:12:28 GMT+05:45 2025, lastUpdateTimeNanos=15461644052810}
2025-04-18 19:12:37 INFO  org.mongodb.driver.cluster - Monitor thread successfully connected to server with description ServerDescription{address=ac-kex050i-shard-00-02.6b69sb9.mongodb.net:27017, type=REPLICA_SET_PRIMARY, cryptd=false, state=CONNECTED, ok=true, minWireVersion=0, maxWireVersion=25, maxDocumentSize=16777216, logicalSessionTimeoutMinutes=30, roundTripTimeNanos=343738220, minRoundTripTimeNanos=0, setName='atlas-kry611-shard-0', canonicalAddress=ac-kex050i-shard-00-02.6b69sb9.mongodb.net:27017, hosts=[ac-kex050i-shard-00-02.6b69sb9.mongodb.net:27017, ac-kex050i-shard-00-01.6b69sb9.mongodb.net:27017, ac-kex050i-shard-00-00.6b69sb9.mongodb.net:27017], passives=[], arbiters=[], primary='ac-kex050i-shard-00-02.6b69sb9.mongodb.net:27017', tagSet=TagSet{[Tag{name='availabilityZone', value='aps1-az2'}, Tag{name='diskState', value='READY'}, Tag{name='nodeType', value='ELECTABLE'}, Tag{name='provider', value='AWS'}, Tag{name='region', value='AP_SOUTH_1'}, Tag{name='workloadType', value='OPERATIONAL'}]}, electionId=7fffffff0000000000000009, setVersion=1, topologyVersion=TopologyVersion{processId=67f95943868877c2c3e82ebb, counter=6}, lastWriteDate=Fri Apr 18 19:12:28 GMT+05:45 2025, lastUpdateTimeNanos=15461644050948}
2025-04-18 19:12:37 INFO  org.mongodb.driver.cluster - Discovered replica set primary ac-kex050i-shard-00-02.6b69sb9.mongodb.net:27017 with max election id 7fffffff0000000000000009 and max set version 1
2025-04-18 19:12:38 INFO  o.s.s.c.a.a.c.InitializeAuthenticationProviderBeanManagerConfigurer$InitializeAuthenticationProviderManagerConfigurer - Global AuthenticationManager configured with AuthenticationProvider bean with name authenticationProvider
2025-04-18 19:12:38 WARN  o.s.s.c.a.a.c.InitializeUserDetailsBeanManagerConfigurer$InitializeUserDetailsManagerConfigurer - Global AuthenticationManager configured with an AuthenticationProvider bean. UserDetailsService beans will not be used by Spring Security for automatically configuring username/password login. Consider removing the AuthenticationProvider bean. Alternatively, consider using the UserDetailsService in a manually instantiated DaoAuthenticationProvider. If the current configuration is intentional, to turn off this warning, increase the logging level of 'org.springframework.security.config.annotation.authentication.configuration.InitializeUserDetailsBeanManagerConfigurer' to ERROR
2025-04-18 19:12:38 INFO  o.a.coyote.http11.Http11NioProtocol - Starting ProtocolHandler ["http-nio-8080"]
2025-04-18 19:12:38 INFO  o.s.b.w.e.tomcat.TomcatWebServer - Tomcat started on port 8080 (http) with context path '/'
2025-04-18 19:12:38 INFO  m.d.journalApp.JournalAppApplication - Started JournalAppApplication in 4.96 seconds (process running for 6.184)
2025-04-18 19:12:52 INFO  o.a.c.c.C.[Tomcat].[localhost].[/] - Initializing Spring DispatcherServlet 'dispatcherServlet'
2025-04-18 19:12:52 INFO  o.s.web.servlet.DispatcherServlet - Initializing Servlet 'dispatcherServlet'
2025-04-18 19:12:52 INFO  o.s.web.servlet.DispatcherServlet - Completed initialization in 1 ms
2025-04-18 19:13:28 INFO  o.s.b.w.e.tomcat.GracefulShutdown - Commencing graceful shutdown. Waiting for active requests to complete
2025-04-18 19:13:28 INFO  o.s.b.w.e.tomcat.GracefulShutdown - Graceful shutdown complete
2025-04-18 19:13:31 INFO  o.h.validator.internal.util.Version - HV000001: Hibernate Validator 8.0.2.Final
2025-04-18 19:13:31 INFO  m.d.journalApp.JournalAppApplication - Starting JournalAppApplication using Java 23.0.2 with PID 30408 (/home/malle/Project/journalApp/target/classes started by malle in /home/malle/Project/journalApp)
2025-04-18 19:13:31 INFO  m.d.journalApp.JournalAppApplication - The following 1 profile is active: "dev"
2025-04-18 19:13:31 INFO  o.s.d.r.c.RepositoryConfigurationDelegate - Multiple Spring Data modules found, entering strict repository configuration mode
2025-04-18 19:13:31 INFO  o.s.d.r.c.RepositoryConfigurationDelegate - Bootstrapping Spring Data MongoDB repositories in DEFAULT mode.
2025-04-18 19:13:31 INFO  o.s.d.r.c.RepositoryConfigurationDelegate - Finished Spring Data repository scanning in 67 ms. Found 3 MongoDB repository interfaces.
2025-04-18 19:13:31 INFO  o.s.d.r.c.RepositoryConfigurationDelegate - Multiple Spring Data modules found, entering strict repository configuration mode
2025-04-18 19:13:31 INFO  o.s.d.r.c.RepositoryConfigurationDelegate - Bootstrapping Spring Data Redis repositories in DEFAULT mode.
2025-04-18 19:13:31 INFO  o.s.d.r.c.RepositoryConfigurationExtensionSupport - Spring Data Redis - Could not safely identify store assignment for repository candidate interface malla.dipesh.journalApp.repository.ConfigJournalAppRepository; If you want this repository to be a Redis repository, consider annotating your entities with one of these annotations: org.springframework.data.redis.core.RedisHash (preferred), or consider extending one of the following types with your repository: org.springframework.data.keyvalue.repository.KeyValueRepository
2025-04-18 19:13:31 INFO  o.s.d.r.c.RepositoryConfigurationExtensionSupport - Spring Data Redis - Could not safely identify store assignment for repository candidate interface malla.dipesh.journalApp.repository.JournalEntryRepository; If you want this repository to be a Redis repository, consider annotating your entities with one of these annotations: org.springframework.data.redis.core.RedisHash (preferred), or consider extending one of the following types with your repository: org.springframework.data.keyvalue.repository.KeyValueRepository
2025-04-18 19:13:31 INFO  o.s.d.r.c.RepositoryConfigurationExtensionSupport - Spring Data Redis - Could not safely identify store assignment for repository candidate interface malla.dipesh.journalApp.repository.UserRepository; If you want this repository to be a Redis repository, consider annotating your entities with one of these annotations: org.springframework.data.redis.core.RedisHash (preferred), or consider extending one of the following types with your repository: org.springframework.data.keyvalue.repository.KeyValueRepository
2025-04-18 19:13:31 INFO  o.s.d.r.c.RepositoryConfigurationDelegate - Finished Spring Data repository scanning in 10 ms. Found 0 Redis repository interfaces.
2025-04-18 19:13:32 INFO  o.s.b.w.e.tomcat.TomcatWebServer - Tomcat initialized with port 8080 (http)
2025-04-18 19:13:32 INFO  o.a.coyote.http11.Http11NioProtocol - Initializing ProtocolHandler ["http-nio-8080"]
2025-04-18 19:13:32 INFO  o.a.catalina.core.StandardService - Starting service [Tomcat]
2025-04-18 19:13:32 INFO  o.a.catalina.core.StandardEngine - Starting Servlet engine: [Apache Tomcat/10.1.39]
2025-04-18 19:13:32 INFO  o.a.c.c.C.[Tomcat].[localhost].[/] - Initializing Spring embedded WebApplicationContext
2025-04-18 19:13:32 INFO  o.s.b.w.s.c.ServletWebServerApplicationContext - Root WebApplicationContext: initialization completed in 984 ms
2025-04-18 19:13:32 INFO  org.mongodb.driver.cluster - Adding discovered server ac-kex050i-shard-00-02.6b69sb9.mongodb.net:27017 to client view of cluster
2025-04-18 19:13:32 INFO  org.mongodb.driver.client - MongoClient with metadata {"driver": {"name": "mongo-java-driver|sync|spring-boot", "version": "5.2.1"}, "os": {"type": "Linux", "name": "Linux", "architecture": "amd64", "version": "6.11.0-21-generic"}, "platform": "Java/Oracle Corporation/23.0.2+7-58"} created with settings MongoClientSettings{readPreference=primary, writeConcern=WriteConcern{w=majority, wTimeout=null ms, journal=null}, retryWrites=true, retryReads=true, readConcern=ReadConcern{level=null}, credential=MongoCredential{mechanism=null, userName='dipeshmallapub', source='admin', password=<hidden>, mechanismProperties=<hidden>}, transportSettings=null, commandListeners=[], codecRegistry=ProvidersCodecRegistry{codecProviders=[ValueCodecProvider{}, BsonValueCodecProvider{}, DBRefCodecProvider{}, DBObjectCodecProvider{}, DocumentCodecProvider{}, CollectionCodecProvider{}, IterableCodecProvider{}, MapCodecProvider{}, GeoJsonCodecProvider{}, GridFSFileCodecProvider{}, Jsr310CodecProvider{}, JsonObjectCodecProvider{}, BsonCodecProvider{}, EnumCodecProvider{}, com.mongodb.client.model.mql.ExpressionCodecProvider@6b24ddd7, com.mongodb.Jep395RecordCodecProvider@12e007be, com.mongodb.KotlinCodecProvider@3335afcf]}, loggerSettings=LoggerSettings{maxDocumentLength=1000}, clusterSettings={hosts=[127.0.0.1:27017], srvHost=cluster0.6b69sb9.mongodb.net, srvServiceName=mongodb, mode=MULTIPLE, requiredClusterType=REPLICA_SET, requiredReplicaSetName='atlas-kry611-shard-0', serverSelector='null', clusterListeners='[]', serverSelectionTimeout='30000 ms', localThreshold='15 ms'}, socketSettings=SocketSettings{connectTimeoutMS=10000, readTimeoutMS=0, receiveBufferSize=0, proxySettings=ProxySettings{host=null, port=null, username=null, password=null}}, heartbeatSocketSettings=SocketSettings{connectTimeoutMS=10000, readTimeoutMS=10000, receiveBufferSize=0, proxySettings=ProxySettings{host=null, port=null, username=null, password=null}}, connectionPoolSettings=ConnectionPoolSettings{maxSize=100, minSize=0, maxWaitTimeMS=120000, maxConnectionLifeTimeMS=0, maxConnectionIdleTimeMS=0, maintenanceInitialDelayMS=0, maintenanceFrequencyMS=60000, connectionPoolListeners=[], maxConnecting=2}, serverSettings=ServerSettings{heartbeatFrequencyMS=10000, minHeartbeatFrequencyMS=500, serverMonitoringMode=AUTO, serverListeners='[]', serverMonitorListeners='[]'}, sslSettings=SslSettings{enabled=true, invalidHostNameAllowed=false, context=null}, applicationName='null', compressorList=[], uuidRepresentation=JAVA_LEGACY, serverApi=null, autoEncryptionSettings=null, dnsClient=null, inetAddressResolver=null, contextProvider=null, timeoutMS=null}
2025-04-18 19:13:32 INFO  org.mongodb.driver.cluster - Adding discovered server ac-kex050i-shard-00-01.6b69sb9.mongodb.net:27017 to client view of cluster
2025-04-18 19:13:32 INFO  org.mongodb.driver.cluster - Adding discovered server ac-kex050i-shard-00-00.6b69sb9.mongodb.net:27017 to client view of cluster
2025-04-18 19:13:32 INFO  org.mongodb.driver.cluster - Waiting for server to become available for operation with ID 5. Remaining time: 29997 ms. Selector: WritableServerSelector, topology description: {type=REPLICA_SET, servers=[{address=ac-kex050i-shard-00-00.6b69sb9.mongodb.net:27017, type=UNKNOWN, state=CONNECTING}, {address=ac-kex050i-shard-00-02.6b69sb9.mongodb.net:27017, type=UNKNOWN, state=CONNECTING}, {address=ac-kex050i-shard-00-01.6b69sb9.mongodb.net:27017, type=UNKNOWN, state=CONNECTING}].
2025-04-18 19:13:32 INFO  org.mongodb.driver.cluster - Monitor thread successfully connected to server with description ServerDescription{address=ac-kex050i-shard-00-00.6b69sb9.mongodb.net:27017, type=REPLICA_SET_SECONDARY, cryptd=false, state=CONNECTED, ok=true, minWireVersion=0, maxWireVersion=25, maxDocumentSize=16777216, logicalSessionTimeoutMinutes=30, roundTripTimeNanos=269725576, minRoundTripTimeNanos=0, setName='atlas-kry611-shard-0', canonicalAddress=ac-kex050i-shard-00-00.6b69sb9.mongodb.net:27017, hosts=[ac-kex050i-shard-00-02.6b69sb9.mongodb.net:27017, ac-kex050i-shard-00-01.6b69sb9.mongodb.net:27017, ac-kex050i-shard-00-00.6b69sb9.mongodb.net:27017], passives=[], arbiters=[], primary='ac-kex050i-shard-00-02.6b69sb9.mongodb.net:27017', tagSet=TagSet{[Tag{name='availabilityZone', value='aps1-az1'}, Tag{name='diskState', value='READY'}, Tag{name='nodeType', value='ELECTABLE'}, Tag{name='provider', value='AWS'}, Tag{name='region', value='AP_SOUTH_1'}, Tag{name='workloadType', value='OPERATIONAL'}]}, electionId=null, setVersion=1, topologyVersion=TopologyVersion{processId=67f957c96e7bebcebef83be4, counter=4}, lastWriteDate=Fri Apr 18 19:13:29 GMT+05:45 2025, lastUpdateTimeNanos=15517104607187}
2025-04-18 19:13:32 INFO  org.mongodb.driver.cluster - Monitor thread successfully connected to server with description ServerDescription{address=ac-kex050i-shard-00-02.6b69sb9.mongodb.net:27017, type=REPLICA_SET_PRIMARY, cryptd=false, state=CONNECTED, ok=true, minWireVersion=0, maxWireVersion=25, maxDocumentSize=16777216, logicalSessionTimeoutMinutes=30, roundTripTimeNanos=263292141, minRoundTripTimeNanos=0, setName='atlas-kry611-shard-0', canonicalAddress=ac-kex050i-shard-00-02.6b69sb9.mongodb.net:27017, hosts=[ac-kex050i-shard-00-02.6b69sb9.mongodb.net:27017, ac-kex050i-shard-00-01.6b69sb9.mongodb.net:27017, ac-kex050i-shard-00-00.6b69sb9.mongodb.net:27017], passives=[], arbiters=[], primary='ac-kex050i-shard-00-02.6b69sb9.mongodb.net:27017', tagSet=TagSet{[Tag{name='availabilityZone', value='aps1-az2'}, Tag{name='diskState', value='READY'}, Tag{name='nodeType', value='ELECTABLE'}, Tag{name='provider', value='AWS'}, Tag{name='region', value='AP_SOUTH_1'}, Tag{name='workloadType', value='OPERATIONAL'}]}, electionId=7fffffff0000000000000009, setVersion=1, topologyVersion=TopologyVersion{processId=67f95943868877c2c3e82ebb, counter=6}, lastWriteDate=Fri Apr 18 19:13:29 GMT+05:45 2025, lastUpdateTimeNanos=15517104607142}
2025-04-18 19:13:32 INFO  org.mongodb.driver.cluster - Monitor thread successfully connected to server with description ServerDescription{address=ac-kex050i-shard-00-01.6b69sb9.mongodb.net:27017, type=REPLICA_SET_SECONDARY, cryptd=false, state=CONNECTED, ok=true, minWireVersion=0, maxWireVersion=25, maxDocumentSize=16777216, logicalSessionTimeoutMinutes=30, roundTripTimeNanos=271852405, minRoundTripTimeNanos=0, setName='atlas-kry611-shard-0', canonicalAddress=ac-kex050i-shard-00-01.6b69sb9.mongodb.net:27017, hosts=[ac-kex050i-shard-00-02.6b69sb9.mongodb.net:27017, ac-kex050i-shard-00-01.6b69sb9.mongodb.net:27017, ac-kex050i-shard-00-00.6b69sb9.mongodb.net:27017], passives=[], arbiters=[], primary='ac-kex050i-shard-00-02.6b69sb9.mongodb.net:27017', tagSet=TagSet{[Tag{name='availabilityZone', value='aps1-az3'}, Tag{name='diskState', value='READY'}, Tag{name='nodeType', value='ELECTABLE'}, Tag{name='provider', value='AWS'}, Tag{name='region', value='AP_SOUTH_1'}, Tag{name='workloadType', value='OPERATIONAL'}]}, electionId=null, setVersion=1, topologyVersion=TopologyVersion{processId=67f95a88e18c31e0b3801de8, counter=3}, lastWriteDate=Fri Apr 18 19:13:29 GMT+05:45 2025, lastUpdateTimeNanos=15517104607284}
2025-04-18 19:13:32 INFO  org.mongodb.driver.cluster - Discovered replica set primary ac-kex050i-shard-00-02.6b69sb9.mongodb.net:27017 with max election id 7fffffff0000000000000009 and max set version 1
2025-04-18 19:13:33 INFO  o.s.s.c.a.a.c.InitializeAuthenticationProviderBeanManagerConfigurer$InitializeAuthenticationProviderManagerConfigurer - Global AuthenticationManager configured with AuthenticationProvider bean with name authenticationProvider
2025-04-18 19:13:33 WARN  o.s.s.c.a.a.c.InitializeUserDetailsBeanManagerConfigurer$InitializeUserDetailsManagerConfigurer - Global AuthenticationManager configured with an AuthenticationProvider bean. UserDetailsService beans will not be used by Spring Security for automatically configuring username/password login. Consider removing the AuthenticationProvider bean. Alternatively, consider using the UserDetailsService in a manually instantiated DaoAuthenticationProvider. If the current configuration is intentional, to turn off this warning, increase the logging level of 'org.springframework.security.config.annotation.authentication.configuration.InitializeUserDetailsBeanManagerConfigurer' to ERROR
2025-04-18 19:13:33 INFO  o.a.coyote.http11.Http11NioProtocol - Starting ProtocolHandler ["http-nio-8080"]
2025-04-18 19:13:33 INFO  o.s.b.w.e.tomcat.TomcatWebServer - Tomcat started on port 8080 (http) with context path '/'
2025-04-18 19:13:33 INFO  m.d.journalApp.JournalAppApplication - Started JournalAppApplication in 3.038 seconds (process running for 3.585)
2025-04-18 19:13:37 INFO  o.a.c.c.C.[Tomcat].[localhost].[/] - Initializing Spring DispatcherServlet 'dispatcherServlet'
2025-04-18 19:13:37 INFO  o.s.web.servlet.DispatcherServlet - Initializing Servlet 'dispatcherServlet'
2025-04-18 19:13:37 INFO  o.s.web.servlet.DispatcherServlet - Completed initialization in 1 ms
2025-04-18 19:13:44 INFO  o.s.b.w.e.tomcat.GracefulShutdown - Commencing graceful shutdown. Waiting for active requests to complete
2025-04-18 19:13:44 INFO  o.s.b.w.e.tomcat.GracefulShutdown - Graceful shutdown complete
2025-04-18 19:13:59 INFO  o.h.validator.internal.util.Version - HV000001: Hibernate Validator 8.0.2.Final
2025-04-18 19:13:59 INFO  m.d.journalApp.JournalAppApplication - Starting JournalAppApplication using Java 23.0.2 with PID 30637 (/home/malle/Project/journalApp/target/classes started by malle in /home/malle/Project/journalApp)
2025-04-18 19:13:59 INFO  m.d.journalApp.JournalAppApplication - The following 1 profile is active: "dev"
2025-04-18 19:13:59 INFO  o.s.d.r.c.RepositoryConfigurationDelegate - Multiple Spring Data modules found, entering strict repository configuration mode
2025-04-18 19:13:59 INFO  o.s.d.r.c.RepositoryConfigurationDelegate - Bootstrapping Spring Data MongoDB repositories in DEFAULT mode.
2025-04-18 19:14:00 INFO  o.s.d.r.c.RepositoryConfigurationDelegate - Finished Spring Data repository scanning in 80 ms. Found 3 MongoDB repository interfaces.
2025-04-18 19:14:00 INFO  o.s.d.r.c.RepositoryConfigurationDelegate - Multiple Spring Data modules found, entering strict repository configuration mode
2025-04-18 19:14:00 INFO  o.s.d.r.c.RepositoryConfigurationDelegate - Bootstrapping Spring Data Redis repositories in DEFAULT mode.
2025-04-18 19:14:00 INFO  o.s.d.r.c.RepositoryConfigurationExtensionSupport - Spring Data Redis - Could not safely identify store assignment for repository candidate interface malla.dipesh.journalApp.repository.ConfigJournalAppRepository; If you want this repository to be a Redis repository, consider annotating your entities with one of these annotations: org.springframework.data.redis.core.RedisHash (preferred), or consider extending one of the following types with your repository: org.springframework.data.keyvalue.repository.KeyValueRepository
2025-04-18 19:14:00 INFO  o.s.d.r.c.RepositoryConfigurationExtensionSupport - Spring Data Redis - Could not safely identify store assignment for repository candidate interface malla.dipesh.journalApp.repository.JournalEntryRepository; If you want this repository to be a Redis repository, consider annotating your entities with one of these annotations: org.springframework.data.redis.core.RedisHash (preferred), or consider extending one of the following types with your repository: org.springframework.data.keyvalue.repository.KeyValueRepository
2025-04-18 19:14:00 INFO  o.s.d.r.c.RepositoryConfigurationExtensionSupport - Spring Data Redis - Could not safely identify store assignment for repository candidate interface malla.dipesh.journalApp.repository.UserRepository; If you want this repository to be a Redis repository, consider annotating your entities with one of these annotations: org.springframework.data.redis.core.RedisHash (preferred), or consider extending one of the following types with your repository: org.springframework.data.keyvalue.repository.KeyValueRepository
2025-04-18 19:14:00 INFO  o.s.d.r.c.RepositoryConfigurationDelegate - Finished Spring Data repository scanning in 9 ms. Found 0 Redis repository interfaces.
2025-04-18 19:14:00 INFO  o.s.b.w.e.tomcat.TomcatWebServer - Tomcat initialized with port 8080 (http)
2025-04-18 19:14:00 INFO  o.a.coyote.http11.Http11NioProtocol - Initializing ProtocolHandler ["http-nio-8080"]
2025-04-18 19:14:00 INFO  o.a.catalina.core.StandardService - Starting service [Tomcat]
2025-04-18 19:14:00 INFO  o.a.catalina.core.StandardEngine - Starting Servlet engine: [Apache Tomcat/10.1.39]
2025-04-18 19:14:00 INFO  o.a.c.c.C.[Tomcat].[localhost].[/] - Initializing Spring embedded WebApplicationContext
2025-04-18 19:14:00 INFO  o.s.b.w.s.c.ServletWebServerApplicationContext - Root WebApplicationContext: initialization completed in 1136 ms
2025-04-18 19:14:00 INFO  org.mongodb.driver.client - MongoClient with metadata {"driver": {"name": "mongo-java-driver|sync|spring-boot", "version": "5.2.1"}, "os": {"type": "Linux", "name": "Linux", "architecture": "amd64", "version": "6.11.0-21-generic"}, "platform": "Java/Oracle Corporation/23.0.2+7-58"} created with settings MongoClientSettings{readPreference=primary, writeConcern=WriteConcern{w=majority, wTimeout=null ms, journal=null}, retryWrites=true, retryReads=true, readConcern=ReadConcern{level=null}, credential=MongoCredential{mechanism=null, userName='dipeshmallapub', source='admin', password=<hidden>, mechanismProperties=<hidden>}, transportSettings=null, commandListeners=[], codecRegistry=ProvidersCodecRegistry{codecProviders=[ValueCodecProvider{}, BsonValueCodecProvider{}, DBRefCodecProvider{}, DBObjectCodecProvider{}, DocumentCodecProvider{}, CollectionCodecProvider{}, IterableCodecProvider{}, MapCodecProvider{}, GeoJsonCodecProvider{}, GridFSFileCodecProvider{}, Jsr310CodecProvider{}, JsonObjectCodecProvider{}, BsonCodecProvider{}, EnumCodecProvider{}, com.mongodb.client.model.mql.ExpressionCodecProvider@1e606f64, com.mongodb.Jep395RecordCodecProvider@581918f6, com.mongodb.KotlinCodecProvider@1958c0d9]}, loggerSettings=LoggerSettings{maxDocumentLength=1000}, clusterSettings={hosts=[127.0.0.1:27017], srvHost=cluster0.6b69sb9.mongodb.net, srvServiceName=mongodb, mode=MULTIPLE, requiredClusterType=REPLICA_SET, requiredReplicaSetName='atlas-kry611-shard-0', serverSelector='null', clusterListeners='[]', serverSelectionTimeout='30000 ms', localThreshold='15 ms'}, socketSettings=SocketSettings{connectTimeoutMS=10000, readTimeoutMS=0, receiveBufferSize=0, proxySettings=ProxySettings{host=null, port=null, username=null, password=null}}, heartbeatSocketSettings=SocketSettings{connectTimeoutMS=10000, readTimeoutMS=10000, receiveBufferSize=0, proxySettings=ProxySettings{host=null, port=null, username=null, password=null}}, connectionPoolSettings=ConnectionPoolSettings{maxSize=100, minSize=0, maxWaitTimeMS=120000, maxConnectionLifeTimeMS=0, maxConnectionIdleTimeMS=0, maintenanceInitialDelayMS=0, maintenanceFrequencyMS=60000, connectionPoolListeners=[], maxConnecting=2}, serverSettings=ServerSettings{heartbeatFrequencyMS=10000, minHeartbeatFrequencyMS=500, serverMonitoringMode=AUTO, serverListeners='[]', serverMonitorListeners='[]'}, sslSettings=SslSettings{enabled=true, invalidHostNameAllowed=false, context=null}, applicationName='null', compressorList=[], uuidRepresentation=JAVA_LEGACY, serverApi=null, autoEncryptionSettings=null, dnsClient=null, inetAddressResolver=null, contextProvider=null, timeoutMS=null}
2025-04-18 19:14:00 INFO  org.mongodb.driver.cluster - Adding discovered server ac-kex050i-shard-00-02.6b69sb9.mongodb.net:27017 to client view of cluster
2025-04-18 19:14:00 INFO  org.mongodb.driver.cluster - Adding discovered server ac-kex050i-shard-00-00.6b69sb9.mongodb.net:27017 to client view of cluster
2025-04-18 19:14:00 INFO  org.mongodb.driver.cluster - Adding discovered server ac-kex050i-shard-00-01.6b69sb9.mongodb.net:27017 to client view of cluster
2025-04-18 19:14:01 INFO  org.mongodb.driver.cluster - Waiting for server to become available for operation with ID 5. Remaining time: 29994 ms. Selector: WritableServerSelector, topology description: {type=REPLICA_SET, servers=[{address=ac-kex050i-shard-00-00.6b69sb9.mongodb.net:27017, type=UNKNOWN, state=CONNECTING}, {address=ac-kex050i-shard-00-02.6b69sb9.mongodb.net:27017, type=UNKNOWN, state=CONNECTING}, {address=ac-kex050i-shard-00-01.6b69sb9.mongodb.net:27017, type=UNKNOWN, state=CONNECTING}].
2025-04-18 19:14:01 INFO  org.mongodb.driver.cluster - Monitor thread successfully connected to server with description ServerDescription{address=ac-kex050i-shard-00-00.6b69sb9.mongodb.net:27017, type=REPLICA_SET_SECONDARY, cryptd=false, state=CONNECTED, ok=true, minWireVersion=0, maxWireVersion=25, maxDocumentSize=16777216, logicalSessionTimeoutMinutes=30, roundTripTimeNanos=295823866, minRoundTripTimeNanos=0, setName='atlas-kry611-shard-0', canonicalAddress=ac-kex050i-shard-00-00.6b69sb9.mongodb.net:27017, hosts=[ac-kex050i-shard-00-02.6b69sb9.mongodb.net:27017, ac-kex050i-shard-00-01.6b69sb9.mongodb.net:27017, ac-kex050i-shard-00-00.6b69sb9.mongodb.net:27017], passives=[], arbiters=[], primary='ac-kex050i-shard-00-02.6b69sb9.mongodb.net:27017', tagSet=TagSet{[Tag{name='availabilityZone', value='aps1-az1'}, Tag{name='diskState', value='READY'}, Tag{name='nodeType', value='ELECTABLE'}, Tag{name='provider', value='AWS'}, Tag{name='region', value='AP_SOUTH_1'}, Tag{name='workloadType', value='OPERATIONAL'}]}, electionId=null, setVersion=1, topologyVersion=TopologyVersion{processId=67f957c96e7bebcebef83be4, counter=4}, lastWriteDate=Fri Apr 18 19:13:58 GMT+05:45 2025, lastUpdateTimeNanos=15545768846965}
2025-04-18 19:14:01 INFO  org.mongodb.driver.cluster - Monitor thread successfully connected to server with description ServerDescription{address=ac-kex050i-shard-00-02.6b69sb9.mongodb.net:27017, type=REPLICA_SET_PRIMARY, cryptd=false, state=CONNECTED, ok=true, minWireVersion=0, maxWireVersion=25, maxDocumentSize=16777216, logicalSessionTimeoutMinutes=30, roundTripTimeNanos=300615231, minRoundTripTimeNanos=0, setName='atlas-kry611-shard-0', canonicalAddress=ac-kex050i-shard-00-02.6b69sb9.mongodb.net:27017, hosts=[ac-kex050i-shard-00-02.6b69sb9.mongodb.net:27017, ac-kex050i-shard-00-01.6b69sb9.mongodb.net:27017, ac-kex050i-shard-00-00.6b69sb9.mongodb.net:27017], passives=[], arbiters=[], primary='ac-kex050i-shard-00-02.6b69sb9.mongodb.net:27017', tagSet=TagSet{[Tag{name='availabilityZone', value='aps1-az2'}, Tag{name='diskState', value='READY'}, Tag{name='nodeType', value='ELECTABLE'}, Tag{name='provider', value='AWS'}, Tag{name='region', value='AP_SOUTH_1'}, Tag{name='workloadType', value='OPERATIONAL'}]}, electionId=7fffffff0000000000000009, setVersion=1, topologyVersion=TopologyVersion{processId=67f95943868877c2c3e82ebb, counter=6}, lastWriteDate=Fri Apr 18 19:13:58 GMT+05:45 2025, lastUpdateTimeNanos=15545768847329}
2025-04-18 19:14:01 INFO  org.mongodb.driver.cluster - Monitor thread successfully connected to server with description ServerDescription{address=ac-kex050i-shard-00-01.6b69sb9.mongodb.net:27017, type=REPLICA_SET_SECONDARY, cryptd=false, state=CONNECTED, ok=true, minWireVersion=0, maxWireVersion=25, maxDocumentSize=16777216, logicalSessionTimeoutMinutes=30, roundTripTimeNanos=300613948, minRoundTripTimeNanos=0, setName='atlas-kry611-shard-0', canonicalAddress=ac-kex050i-shard-00-01.6b69sb9.mongodb.net:27017, hosts=[ac-kex050i-shard-00-02.6b69sb9.mongodb.net:27017, ac-kex050i-shard-00-01.6b69sb9.mongodb.net:27017, ac-kex050i-shard-00-00.6b69sb9.mongodb.net:27017], passives=[], arbiters=[], primary='ac-kex050i-shard-00-02.6b69sb9.mongodb.net:27017', tagSet=TagSet{[Tag{name='availabilityZone', value='aps1-az3'}, Tag{name='diskState', value='READY'}, Tag{name='nodeType', value='ELECTABLE'}, Tag{name='provider', value='AWS'}, Tag{name='region', value='AP_SOUTH_1'}, Tag{name='workloadType', value='OPERATIONAL'}]}, electionId=null, setVersion=1, topologyVersion=TopologyVersion{processId=67f95a88e18c31e0b3801de8, counter=3}, lastWriteDate=Fri Apr 18 19:13:58 GMT+05:45 2025, lastUpdateTimeNanos=15545768846983}
2025-04-18 19:14:01 INFO  org.mongodb.driver.cluster - Discovered replica set primary ac-kex050i-shard-00-02.6b69sb9.mongodb.net:27017 with max election id 7fffffff0000000000000009 and max set version 1
2025-04-18 19:14:02 INFO  o.s.s.c.a.a.c.InitializeAuthenticationProviderBeanManagerConfigurer$InitializeAuthenticationProviderManagerConfigurer - Global AuthenticationManager configured with AuthenticationProvider bean with name authenticationProvider
2025-04-18 19:14:02 WARN  o.s.s.c.a.a.c.InitializeUserDetailsBeanManagerConfigurer$InitializeUserDetailsManagerConfigurer - Global AuthenticationManager configured with an AuthenticationProvider bean. UserDetailsService beans will not be used by Spring Security for automatically configuring username/password login. Consider removing the AuthenticationProvider bean. Alternatively, consider using the UserDetailsService in a manually instantiated DaoAuthenticationProvider. If the current configuration is intentional, to turn off this warning, increase the logging level of 'org.springframework.security.config.annotation.authentication.configuration.InitializeUserDetailsBeanManagerConfigurer' to ERROR
2025-04-18 19:14:02 INFO  o.a.coyote.http11.Http11NioProtocol - Starting ProtocolHandler ["http-nio-8080"]
2025-04-18 19:14:02 INFO  o.s.b.w.e.tomcat.TomcatWebServer - Tomcat started on port 8080 (http) with context path '/'
2025-04-18 19:14:02 INFO  m.d.journalApp.JournalAppApplication - Started JournalAppApplication in 3.627 seconds (process running for 5.001)
2025-04-18 19:14:08 INFO  o.a.c.c.C.[Tomcat].[localhost].[/] - Initializing Spring DispatcherServlet 'dispatcherServlet'
2025-04-18 19:14:08 INFO  o.s.web.servlet.DispatcherServlet - Initializing Servlet 'dispatcherServlet'
2025-04-18 19:14:08 INFO  o.s.web.servlet.DispatcherServlet - Completed initialization in 1 ms
2025-04-18 19:20:18 INFO  o.s.b.w.e.tomcat.GracefulShutdown - Commencing graceful shutdown. Waiting for active requests to complete
2025-04-18 19:20:19 INFO  o.s.b.w.e.tomcat.GracefulShutdown - Graceful shutdown complete
2025-04-18 19:20:22 INFO  o.h.validator.internal.util.Version - HV000001: Hibernate Validator 8.0.2.Final
2025-04-18 19:20:22 INFO  m.d.journalApp.JournalAppApplication - Starting JournalAppApplication using Java 23.0.2 with PID 31339 (/home/malle/Project/journalApp/target/classes started by malle in /home/malle/Project/journalApp)
2025-04-18 19:20:22 INFO  m.d.journalApp.JournalAppApplication - The following 1 profile is active: "dev"
2025-04-18 19:20:23 INFO  o.s.d.r.c.RepositoryConfigurationDelegate - Multiple Spring Data modules found, entering strict repository configuration mode
2025-04-18 19:20:23 INFO  o.s.d.r.c.RepositoryConfigurationDelegate - Bootstrapping Spring Data MongoDB repositories in DEFAULT mode.
2025-04-18 19:20:23 INFO  o.s.d.r.c.RepositoryConfigurationDelegate - Finished Spring Data repository scanning in 109 ms. Found 3 MongoDB repository interfaces.
2025-04-18 19:20:23 INFO  o.s.d.r.c.RepositoryConfigurationDelegate - Multiple Spring Data modules found, entering strict repository configuration mode
2025-04-18 19:20:23 INFO  o.s.d.r.c.RepositoryConfigurationDelegate - Bootstrapping Spring Data Redis repositories in DEFAULT mode.
2025-04-18 19:20:23 INFO  o.s.d.r.c.RepositoryConfigurationExtensionSupport - Spring Data Redis - Could not safely identify store assignment for repository candidate interface malla.dipesh.journalApp.repository.ConfigJournalAppRepository; If you want this repository to be a Redis repository, consider annotating your entities with one of these annotations: org.springframework.data.redis.core.RedisHash (preferred), or consider extending one of the following types with your repository: org.springframework.data.keyvalue.repository.KeyValueRepository
2025-04-18 19:20:23 INFO  o.s.d.r.c.RepositoryConfigurationExtensionSupport - Spring Data Redis - Could not safely identify store assignment for repository candidate interface malla.dipesh.journalApp.repository.JournalEntryRepository; If you want this repository to be a Redis repository, consider annotating your entities with one of these annotations: org.springframework.data.redis.core.RedisHash (preferred), or consider extending one of the following types with your repository: org.springframework.data.keyvalue.repository.KeyValueRepository
2025-04-18 19:20:23 INFO  o.s.d.r.c.RepositoryConfigurationExtensionSupport - Spring Data Redis - Could not safely identify store assignment for repository candidate interface malla.dipesh.journalApp.repository.UserRepository; If you want this repository to be a Redis repository, consider annotating your entities with one of these annotations: org.springframework.data.redis.core.RedisHash (preferred), or consider extending one of the following types with your repository: org.springframework.data.keyvalue.repository.KeyValueRepository
2025-04-18 19:20:23 INFO  o.s.d.r.c.RepositoryConfigurationDelegate - Finished Spring Data repository scanning in 8 ms. Found 0 Redis repository interfaces.
2025-04-18 19:20:24 INFO  o.s.b.w.e.tomcat.TomcatWebServer - Tomcat initialized with port 8080 (http)
2025-04-18 19:20:24 INFO  o.a.coyote.http11.Http11NioProtocol - Initializing ProtocolHandler ["http-nio-8080"]
2025-04-18 19:20:24 INFO  o.a.catalina.core.StandardService - Starting service [Tomcat]
2025-04-18 19:20:24 INFO  o.a.catalina.core.StandardEngine - Starting Servlet engine: [Apache Tomcat/10.1.39]
2025-04-18 19:20:24 INFO  o.a.c.c.C.[Tomcat].[localhost].[/] - Initializing Spring embedded WebApplicationContext
2025-04-18 19:20:24 INFO  o.s.b.w.s.c.ServletWebServerApplicationContext - Root WebApplicationContext: initialization completed in 1461 ms
2025-04-18 19:20:24 INFO  org.mongodb.driver.client - MongoClient with metadata {"driver": {"name": "mongo-java-driver|sync|spring-boot", "version": "5.2.1"}, "os": {"type": "Linux", "name": "Linux", "architecture": "amd64", "version": "6.11.0-21-generic"}, "platform": "Java/Oracle Corporation/23.0.2+7-58"} created with settings MongoClientSettings{readPreference=primary, writeConcern=WriteConcern{w=majority, wTimeout=null ms, journal=null}, retryWrites=true, retryReads=true, readConcern=ReadConcern{level=null}, credential=MongoCredential{mechanism=null, userName='dipeshmallapub', source='admin', password=<hidden>, mechanismProperties=<hidden>}, transportSettings=null, commandListeners=[], codecRegistry=ProvidersCodecRegistry{codecProviders=[ValueCodecProvider{}, BsonValueCodecProvider{}, DBRefCodecProvider{}, DBObjectCodecProvider{}, DocumentCodecProvider{}, CollectionCodecProvider{}, IterableCodecProvider{}, MapCodecProvider{}, GeoJsonCodecProvider{}, GridFSFileCodecProvider{}, Jsr310CodecProvider{}, JsonObjectCodecProvider{}, BsonCodecProvider{}, EnumCodecProvider{}, com.mongodb.client.model.mql.ExpressionCodecProvider@2969a9a6, com.mongodb.Jep395RecordCodecProvider@25470477, com.mongodb.KotlinCodecProvider@6182ffef]}, loggerSettings=LoggerSettings{maxDocumentLength=1000}, clusterSettings={hosts=[127.0.0.1:27017], srvHost=cluster0.6b69sb9.mongodb.net, srvServiceName=mongodb, mode=MULTIPLE, requiredClusterType=REPLICA_SET, requiredReplicaSetName='atlas-kry611-shard-0', serverSelector='null', clusterListeners='[]', serverSelectionTimeout='30000 ms', localThreshold='15 ms'}, socketSettings=SocketSettings{connectTimeoutMS=10000, readTimeoutMS=0, receiveBufferSize=0, proxySettings=ProxySettings{host=null, port=null, username=null, password=null}}, heartbeatSocketSettings=SocketSettings{connectTimeoutMS=10000, readTimeoutMS=10000, receiveBufferSize=0, proxySettings=ProxySettings{host=null, port=null, username=null, password=null}}, connectionPoolSettings=ConnectionPoolSettings{maxSize=100, minSize=0, maxWaitTimeMS=120000, maxConnectionLifeTimeMS=0, maxConnectionIdleTimeMS=0, maintenanceInitialDelayMS=0, maintenanceFrequencyMS=60000, connectionPoolListeners=[], maxConnecting=2}, serverSettings=ServerSettings{heartbeatFrequencyMS=10000, minHeartbeatFrequencyMS=500, serverMonitoringMode=AUTO, serverListeners='[]', serverMonitorListeners='[]'}, sslSettings=SslSettings{enabled=true, invalidHostNameAllowed=false, context=null}, applicationName='null', compressorList=[], uuidRepresentation=JAVA_LEGACY, serverApi=null, autoEncryptionSettings=null, dnsClient=null, inetAddressResolver=null, contextProvider=null, timeoutMS=null}
2025-04-18 19:20:24 INFO  org.mongodb.driver.cluster - Adding discovered server ac-kex050i-shard-00-02.6b69sb9.mongodb.net:27017 to client view of cluster
2025-04-18 19:20:24 INFO  org.mongodb.driver.cluster - Adding discovered server ac-kex050i-shard-00-00.6b69sb9.mongodb.net:27017 to client view of cluster
2025-04-18 19:20:24 INFO  org.mongodb.driver.cluster - Adding discovered server ac-kex050i-shard-00-01.6b69sb9.mongodb.net:27017 to client view of cluster
2025-04-18 19:20:24 INFO  org.mongodb.driver.cluster - Waiting for server to become available for operation with ID 2. Remaining time: 29995 ms. Selector: WritableServerSelector, topology description: {type=UNKNOWN, servers=[].
2025-04-18 19:20:25 INFO  org.mongodb.driver.cluster - Monitor thread successfully connected to server with description ServerDescription{address=ac-kex050i-shard-00-00.6b69sb9.mongodb.net:27017, type=REPLICA_SET_SECONDARY, cryptd=false, state=CONNECTED, ok=true, minWireVersion=0, maxWireVersion=25, maxDocumentSize=16777216, logicalSessionTimeoutMinutes=30, roundTripTimeNanos=288070197, minRoundTripTimeNanos=0, setName='atlas-kry611-shard-0', canonicalAddress=ac-kex050i-shard-00-00.6b69sb9.mongodb.net:27017, hosts=[ac-kex050i-shard-00-02.6b69sb9.mongodb.net:27017, ac-kex050i-shard-00-01.6b69sb9.mongodb.net:27017, ac-kex050i-shard-00-00.6b69sb9.mongodb.net:27017], passives=[], arbiters=[], primary='ac-kex050i-shard-00-02.6b69sb9.mongodb.net:27017', tagSet=TagSet{[Tag{name='availabilityZone', value='aps1-az1'}, Tag{name='diskState', value='READY'}, Tag{name='nodeType', value='ELECTABLE'}, Tag{name='provider', value='AWS'}, Tag{name='region', value='AP_SOUTH_1'}, Tag{name='workloadType', value='OPERATIONAL'}]}, electionId=null, setVersion=1, topologyVersion=TopologyVersion{processId=67f957c96e7bebcebef83be4, counter=4}, lastWriteDate=Fri Apr 18 19:20:18 GMT+05:45 2025, lastUpdateTimeNanos=15929546248557}
2025-04-18 19:20:25 INFO  org.mongodb.driver.cluster - Monitor thread successfully connected to server with description ServerDescription{address=ac-kex050i-shard-00-01.6b69sb9.mongodb.net:27017, type=REPLICA_SET_SECONDARY, cryptd=false, state=CONNECTED, ok=true, minWireVersion=0, maxWireVersion=25, maxDocumentSize=16777216, logicalSessionTimeoutMinutes=30, roundTripTimeNanos=288948046, minRoundTripTimeNanos=0, setName='atlas-kry611-shard-0', canonicalAddress=ac-kex050i-shard-00-01.6b69sb9.mongodb.net:27017, hosts=[ac-kex050i-shard-00-02.6b69sb9.mongodb.net:27017, ac-kex050i-shard-00-01.6b69sb9.mongodb.net:27017, ac-kex050i-shard-00-00.6b69sb9.mongodb.net:27017], passives=[], arbiters=[], primary='ac-kex050i-shard-00-02.6b69sb9.mongodb.net:27017', tagSet=TagSet{[Tag{name='availabilityZone', value='aps1-az3'}, Tag{name='diskState', value='READY'}, Tag{name='nodeType', value='ELECTABLE'}, Tag{name='provider', value='AWS'}, Tag{name='region', value='AP_SOUTH_1'}, Tag{name='workloadType', value='OPERATIONAL'}]}, electionId=null, setVersion=1, topologyVersion=TopologyVersion{processId=67f95a88e18c31e0b3801de8, counter=3}, lastWriteDate=Fri Apr 18 19:20:18 GMT+05:45 2025, lastUpdateTimeNanos=15929546248678}
2025-04-18 19:20:25 INFO  org.mongodb.driver.cluster - Monitor thread successfully connected to server with description ServerDescription{address=ac-kex050i-shard-00-02.6b69sb9.mongodb.net:27017, type=REPLICA_SET_PRIMARY, cryptd=false, state=CONNECTED, ok=true, minWireVersion=0, maxWireVersion=25, maxDocumentSize=16777216, logicalSessionTimeoutMinutes=30, roundTripTimeNanos=288945174, minRoundTripTimeNanos=0, setName='atlas-kry611-shard-0', canonicalAddress=ac-kex050i-shard-00-02.6b69sb9.mongodb.net:27017, hosts=[ac-kex050i-shard-00-02.6b69sb9.mongodb.net:27017, ac-kex050i-shard-00-01.6b69sb9.mongodb.net:27017, ac-kex050i-shard-00-00.6b69sb9.mongodb.net:27017], passives=[], arbiters=[], primary='ac-kex050i-shard-00-02.6b69sb9.mongodb.net:27017', tagSet=TagSet{[Tag{name='availabilityZone', value='aps1-az2'}, Tag{name='diskState', value='READY'}, Tag{name='nodeType', value='ELECTABLE'}, Tag{name='provider', value='AWS'}, Tag{name='region', value='AP_SOUTH_1'}, Tag{name='workloadType', value='OPERATIONAL'}]}, electionId=7fffffff0000000000000009, setVersion=1, topologyVersion=TopologyVersion{processId=67f95943868877c2c3e82ebb, counter=6}, lastWriteDate=Fri Apr 18 19:20:18 GMT+05:45 2025, lastUpdateTimeNanos=15929546248561}
2025-04-18 19:20:25 INFO  org.mongodb.driver.cluster - Discovered replica set primary ac-kex050i-shard-00-02.6b69sb9.mongodb.net:27017 with max election id 7fffffff0000000000000009 and max set version 1
2025-04-18 19:20:26 INFO  o.s.s.c.a.a.c.InitializeAuthenticationProviderBeanManagerConfigurer$InitializeAuthenticationProviderManagerConfigurer - Global AuthenticationManager configured with AuthenticationProvider bean with name authenticationProvider
2025-04-18 19:20:26 WARN  o.s.s.c.a.a.c.InitializeUserDetailsBeanManagerConfigurer$InitializeUserDetailsManagerConfigurer - Global AuthenticationManager configured with an AuthenticationProvider bean. UserDetailsService beans will not be used by Spring Security for automatically configuring username/password login. Consider removing the AuthenticationProvider bean. Alternatively, consider using the UserDetailsService in a manually instantiated DaoAuthenticationProvider. If the current configuration is intentional, to turn off this warning, increase the logging level of 'org.springframework.security.config.annotation.authentication.configuration.InitializeUserDetailsBeanManagerConfigurer' to ERROR
2025-04-18 19:20:26 INFO  o.a.coyote.http11.Http11NioProtocol - Starting ProtocolHandler ["http-nio-8080"]
2025-04-18 19:20:26 INFO  o.s.b.w.e.tomcat.TomcatWebServer - Tomcat started on port 8080 (http) with context path '/'
2025-04-18 19:20:26 INFO  m.d.journalApp.JournalAppApplication - Started JournalAppApplication in 4.465 seconds (process running for 5.399)
2025-04-18 19:20:37 INFO  o.a.c.c.C.[Tomcat].[localhost].[/] - Initializing Spring DispatcherServlet 'dispatcherServlet'
2025-04-18 19:20:37 INFO  o.s.web.servlet.DispatcherServlet - Initializing Servlet 'dispatcherServlet'
2025-04-18 19:20:37 INFO  o.s.web.servlet.DispatcherServlet - Completed initialization in 1 ms
2025-04-18 19:22:47 INFO  o.s.b.w.e.tomcat.GracefulShutdown - Commencing graceful shutdown. Waiting for active requests to complete
2025-04-18 19:22:47 INFO  o.s.b.w.e.tomcat.GracefulShutdown - Graceful shutdown complete
2025-04-18 19:22:50 INFO  o.h.validator.internal.util.Version - HV000001: Hibernate Validator 8.0.2.Final
2025-04-18 19:22:50 INFO  m.d.journalApp.JournalAppApplication - Starting JournalAppApplication using Java 23.0.2 with PID 31749 (/home/malle/Project/journalApp/target/classes started by malle in /home/malle/Project/journalApp)
2025-04-18 19:22:50 INFO  m.d.journalApp.JournalAppApplication - The following 1 profile is active: "dev"
2025-04-18 19:22:51 INFO  o.s.d.r.c.RepositoryConfigurationDelegate - Multiple Spring Data modules found, entering strict repository configuration mode
2025-04-18 19:22:51 INFO  o.s.d.r.c.RepositoryConfigurationDelegate - Bootstrapping Spring Data MongoDB repositories in DEFAULT mode.
2025-04-18 19:22:51 INFO  o.s.d.r.c.RepositoryConfigurationDelegate - Finished Spring Data repository scanning in 117 ms. Found 3 MongoDB repository interfaces.
2025-04-18 19:22:51 INFO  o.s.d.r.c.RepositoryConfigurationDelegate - Multiple Spring Data modules found, entering strict repository configuration mode
2025-04-18 19:22:51 INFO  o.s.d.r.c.RepositoryConfigurationDelegate - Bootstrapping Spring Data Redis repositories in DEFAULT mode.
2025-04-18 19:22:51 INFO  o.s.d.r.c.RepositoryConfigurationExtensionSupport - Spring Data Redis - Could not safely identify store assignment for repository candidate interface malla.dipesh.journalApp.repository.ConfigJournalAppRepository; If you want this repository to be a Redis repository, consider annotating your entities with one of these annotations: org.springframework.data.redis.core.RedisHash (preferred), or consider extending one of the following types with your repository: org.springframework.data.keyvalue.repository.KeyValueRepository
2025-04-18 19:22:51 INFO  o.s.d.r.c.RepositoryConfigurationExtensionSupport - Spring Data Redis - Could not safely identify store assignment for repository candidate interface malla.dipesh.journalApp.repository.JournalEntryRepository; If you want this repository to be a Redis repository, consider annotating your entities with one of these annotations: org.springframework.data.redis.core.RedisHash (preferred), or consider extending one of the following types with your repository: org.springframework.data.keyvalue.repository.KeyValueRepository
2025-04-18 19:22:51 INFO  o.s.d.r.c.RepositoryConfigurationExtensionSupport - Spring Data Redis - Could not safely identify store assignment for repository candidate interface malla.dipesh.journalApp.repository.UserRepository; If you want this repository to be a Redis repository, consider annotating your entities with one of these annotations: org.springframework.data.redis.core.RedisHash (preferred), or consider extending one of the following types with your repository: org.springframework.data.keyvalue.repository.KeyValueRepository
2025-04-18 19:22:51 INFO  o.s.d.r.c.RepositoryConfigurationDelegate - Finished Spring Data repository scanning in 10 ms. Found 0 Redis repository interfaces.
2025-04-18 19:22:51 INFO  o.s.b.w.e.tomcat.TomcatWebServer - Tomcat initialized with port 8080 (http)
2025-04-18 19:22:51 INFO  o.a.coyote.http11.Http11NioProtocol - Initializing ProtocolHandler ["http-nio-8080"]
2025-04-18 19:22:51 INFO  o.a.catalina.core.StandardService - Starting service [Tomcat]
2025-04-18 19:22:51 INFO  o.a.catalina.core.StandardEngine - Starting Servlet engine: [Apache Tomcat/10.1.39]
2025-04-18 19:22:51 INFO  o.a.c.c.C.[Tomcat].[localhost].[/] - Initializing Spring embedded WebApplicationContext
2025-04-18 19:22:51 INFO  o.s.b.w.s.c.ServletWebServerApplicationContext - Root WebApplicationContext: initialization completed in 1635 ms
2025-04-18 19:22:52 INFO  org.mongodb.driver.client - MongoClient with metadata {"driver": {"name": "mongo-java-driver|sync|spring-boot", "version": "5.2.1"}, "os": {"type": "Linux", "name": "Linux", "architecture": "amd64", "version": "6.11.0-21-generic"}, "platform": "Java/Oracle Corporation/23.0.2+7-58"} created with settings MongoClientSettings{readPreference=primary, writeConcern=WriteConcern{w=majority, wTimeout=null ms, journal=null}, retryWrites=true, retryReads=true, readConcern=ReadConcern{level=null}, credential=MongoCredential{mechanism=null, userName='dipeshmallapub', source='admin', password=<hidden>, mechanismProperties=<hidden>}, transportSettings=null, commandListeners=[], codecRegistry=ProvidersCodecRegistry{codecProviders=[ValueCodecProvider{}, BsonValueCodecProvider{}, DBRefCodecProvider{}, DBObjectCodecProvider{}, DocumentCodecProvider{}, CollectionCodecProvider{}, IterableCodecProvider{}, MapCodecProvider{}, GeoJsonCodecProvider{}, GridFSFileCodecProvider{}, Jsr310CodecProvider{}, JsonObjectCodecProvider{}, BsonCodecProvider{}, EnumCodecProvider{}, com.mongodb.client.model.mql.ExpressionCodecProvider@6736f40f, com.mongodb.Jep395RecordCodecProvider@12f9f896, com.mongodb.KotlinCodecProvider@7548e1fb]}, loggerSettings=LoggerSettings{maxDocumentLength=1000}, clusterSettings={hosts=[127.0.0.1:27017], srvHost=cluster0.6b69sb9.mongodb.net, srvServiceName=mongodb, mode=MULTIPLE, requiredClusterType=REPLICA_SET, requiredReplicaSetName='atlas-kry611-shard-0', serverSelector='null', clusterListeners='[]', serverSelectionTimeout='30000 ms', localThreshold='15 ms'}, socketSettings=SocketSettings{connectTimeoutMS=10000, readTimeoutMS=0, receiveBufferSize=0, proxySettings=ProxySettings{host=null, port=null, username=null, password=null}}, heartbeatSocketSettings=SocketSettings{connectTimeoutMS=10000, readTimeoutMS=10000, receiveBufferSize=0, proxySettings=ProxySettings{host=null, port=null, username=null, password=null}}, connectionPoolSettings=ConnectionPoolSettings{maxSize=100, minSize=0, maxWaitTimeMS=120000, maxConnectionLifeTimeMS=0, maxConnectionIdleTimeMS=0, maintenanceInitialDelayMS=0, maintenanceFrequencyMS=60000, connectionPoolListeners=[], maxConnecting=2}, serverSettings=ServerSettings{heartbeatFrequencyMS=10000, minHeartbeatFrequencyMS=500, serverMonitoringMode=AUTO, serverListeners='[]', serverMonitorListeners='[]'}, sslSettings=SslSettings{enabled=true, invalidHostNameAllowed=false, context=null}, applicationName='null', compressorList=[], uuidRepresentation=JAVA_LEGACY, serverApi=null, autoEncryptionSettings=null, dnsClient=null, inetAddressResolver=null, contextProvider=null, timeoutMS=null}
2025-04-18 19:22:52 INFO  org.mongodb.driver.cluster - Adding discovered server ac-kex050i-shard-00-02.6b69sb9.mongodb.net:27017 to client view of cluster
2025-04-18 19:22:52 INFO  org.mongodb.driver.cluster - Adding discovered server ac-kex050i-shard-00-01.6b69sb9.mongodb.net:27017 to client view of cluster
2025-04-18 19:22:52 INFO  org.mongodb.driver.cluster - Adding discovered server ac-kex050i-shard-00-00.6b69sb9.mongodb.net:27017 to client view of cluster
2025-04-18 19:22:52 INFO  org.mongodb.driver.cluster - Waiting for server to become available for operation with ID 5. Remaining time: 29996 ms. Selector: WritableServerSelector, topology description: {type=REPLICA_SET, servers=[{address=ac-kex050i-shard-00-00.6b69sb9.mongodb.net:27017, type=UNKNOWN, state=CONNECTING}, {address=ac-kex050i-shard-00-02.6b69sb9.mongodb.net:27017, type=UNKNOWN, state=CONNECTING}, {address=ac-kex050i-shard-00-01.6b69sb9.mongodb.net:27017, type=UNKNOWN, state=CONNECTING}].
2025-04-18 19:22:52 INFO  org.mongodb.driver.cluster - Monitor thread successfully connected to server with description ServerDescription{address=ac-kex050i-shard-00-00.6b69sb9.mongodb.net:27017, type=REPLICA_SET_SECONDARY, cryptd=false, state=CONNECTED, ok=true, minWireVersion=0, maxWireVersion=25, maxDocumentSize=16777216, logicalSessionTimeoutMinutes=30, roundTripTimeNanos=352830206, minRoundTripTimeNanos=0, setName='atlas-kry611-shard-0', canonicalAddress=ac-kex050i-shard-00-00.6b69sb9.mongodb.net:27017, hosts=[ac-kex050i-shard-00-02.6b69sb9.mongodb.net:27017, ac-kex050i-shard-00-01.6b69sb9.mongodb.net:27017, ac-kex050i-shard-00-00.6b69sb9.mongodb.net:27017], passives=[], arbiters=[], primary='ac-kex050i-shard-00-02.6b69sb9.mongodb.net:27017', tagSet=TagSet{[Tag{name='availabilityZone', value='aps1-az1'}, Tag{name='diskState', value='READY'}, Tag{name='nodeType', value='ELECTABLE'}, Tag{name='provider', value='AWS'}, Tag{name='region', value='AP_SOUTH_1'}, Tag{name='workloadType', value='OPERATIONAL'}]}, electionId=null, setVersion=1, topologyVersion=TopologyVersion{processId=67f957c96e7bebcebef83be4, counter=4}, lastWriteDate=Fri Apr 18 19:22:48 GMT+05:45 2025, lastUpdateTimeNanos=16077155403008}
2025-04-18 19:22:52 INFO  org.mongodb.driver.cluster - Monitor thread successfully connected to server with description ServerDescription{address=ac-kex050i-shard-00-01.6b69sb9.mongodb.net:27017, type=REPLICA_SET_SECONDARY, cryptd=false, state=CONNECTED, ok=true, minWireVersion=0, maxWireVersion=25, maxDocumentSize=16777216, logicalSessionTimeoutMinutes=30, roundTripTimeNanos=361493314, minRoundTripTimeNanos=0, setName='atlas-kry611-shard-0', canonicalAddress=ac-kex050i-shard-00-01.6b69sb9.mongodb.net:27017, hosts=[ac-kex050i-shard-00-02.6b69sb9.mongodb.net:27017, ac-kex050i-shard-00-01.6b69sb9.mongodb.net:27017, ac-kex050i-shard-00-00.6b69sb9.mongodb.net:27017], passives=[], arbiters=[], primary='ac-kex050i-shard-00-02.6b69sb9.mongodb.net:27017', tagSet=TagSet{[Tag{name='availabilityZone', value='aps1-az3'}, Tag{name='diskState', value='READY'}, Tag{name='nodeType', value='ELECTABLE'}, Tag{name='provider', value='AWS'}, Tag{name='region', value='AP_SOUTH_1'}, Tag{name='workloadType', value='OPERATIONAL'}]}, electionId=null, setVersion=1, topologyVersion=TopologyVersion{processId=67f95a88e18c31e0b3801de8, counter=3}, lastWriteDate=Fri Apr 18 19:22:48 GMT+05:45 2025, lastUpdateTimeNanos=16077163152093}
2025-04-18 19:22:52 INFO  org.mongodb.driver.cluster - Monitor thread successfully connected to server with description ServerDescription{address=ac-kex050i-shard-00-02.6b69sb9.mongodb.net:27017, type=REPLICA_SET_PRIMARY, cryptd=false, state=CONNECTED, ok=true, minWireVersion=0, maxWireVersion=25, maxDocumentSize=16777216, logicalSessionTimeoutMinutes=30, roundTripTimeNanos=360779677, minRoundTripTimeNanos=0, setName='atlas-kry611-shard-0', canonicalAddress=ac-kex050i-shard-00-02.6b69sb9.mongodb.net:27017, hosts=[ac-kex050i-shard-00-02.6b69sb9.mongodb.net:27017, ac-kex050i-shard-00-01.6b69sb9.mongodb.net:27017, ac-kex050i-shard-00-00.6b69sb9.mongodb.net:27017], passives=[], arbiters=[], primary='ac-kex050i-shard-00-02.6b69sb9.mongodb.net:27017', tagSet=TagSet{[Tag{name='availabilityZone', value='aps1-az2'}, Tag{name='diskState', value='READY'}, Tag{name='nodeType', value='ELECTABLE'}, Tag{name='provider', value='AWS'}, Tag{name='region', value='AP_SOUTH_1'}, Tag{name='workloadType', value='OPERATIONAL'}]}, electionId=7fffffff0000000000000009, setVersion=1, topologyVersion=TopologyVersion{processId=67f95943868877c2c3e82ebb, counter=6}, lastWriteDate=Fri Apr 18 19:22:48 GMT+05:45 2025, lastUpdateTimeNanos=16077163220563}
2025-04-18 19:22:52 INFO  org.mongodb.driver.cluster - Discovered replica set primary ac-kex050i-shard-00-02.6b69sb9.mongodb.net:27017 with max election id 7fffffff0000000000000009 and max set version 1
2025-04-18 19:22:54 INFO  o.s.s.c.a.a.c.InitializeAuthenticationProviderBeanManagerConfigurer$InitializeAuthenticationProviderManagerConfigurer - Global AuthenticationManager configured with AuthenticationProvider bean with name authenticationProvider
2025-04-18 19:22:54 WARN  o.s.s.c.a.a.c.InitializeUserDetailsBeanManagerConfigurer$InitializeUserDetailsManagerConfigurer - Global AuthenticationManager configured with an AuthenticationProvider bean. UserDetailsService beans will not be used by Spring Security for automatically configuring username/password login. Consider removing the AuthenticationProvider bean. Alternatively, consider using the UserDetailsService in a manually instantiated DaoAuthenticationProvider. If the current configuration is intentional, to turn off this warning, increase the logging level of 'org.springframework.security.config.annotation.authentication.configuration.InitializeUserDetailsBeanManagerConfigurer' to ERROR
2025-04-18 19:22:54 INFO  o.a.coyote.http11.Http11NioProtocol - Starting ProtocolHandler ["http-nio-8080"]
2025-04-18 19:22:54 INFO  o.s.b.w.e.tomcat.TomcatWebServer - Tomcat started on port 8080 (http) with context path '/'
2025-04-18 19:22:54 INFO  m.d.journalApp.JournalAppApplication - Started JournalAppApplication in 4.457 seconds (process running for 5.149)
2025-04-18 19:24:16 INFO  o.a.c.c.C.[Tomcat].[localhost].[/] - Initializing Spring DispatcherServlet 'dispatcherServlet'
2025-04-18 19:24:16 INFO  o.s.web.servlet.DispatcherServlet - Initializing Servlet 'dispatcherServlet'
2025-04-18 19:24:16 INFO  o.s.web.servlet.DispatcherServlet - Completed initialization in 1 ms
2025-04-18 19:28:27 INFO  o.s.b.w.e.tomcat.GracefulShutdown - Commencing graceful shutdown. Waiting for active requests to complete
2025-04-18 19:28:27 INFO  o.s.b.w.e.tomcat.GracefulShutdown - Graceful shutdown complete
2025-04-18 19:28:32 INFO  o.h.validator.internal.util.Version - HV000001: Hibernate Validator 8.0.2.Final
2025-04-18 19:28:32 INFO  m.d.journalApp.JournalAppApplication - Starting JournalAppApplication using Java 23.0.2 with PID 32381 (/home/malle/Project/journalApp/target/classes started by malle in /home/malle/Project/journalApp)
2025-04-18 19:28:32 INFO  m.d.journalApp.JournalAppApplication - The following 1 profile is active: "dev"
2025-04-18 19:28:32 INFO  o.s.d.r.c.RepositoryConfigurationDelegate - Multiple Spring Data modules found, entering strict repository configuration mode
2025-04-18 19:28:32 INFO  o.s.d.r.c.RepositoryConfigurationDelegate - Bootstrapping Spring Data MongoDB repositories in DEFAULT mode.
2025-04-18 19:28:32 INFO  o.s.d.r.c.RepositoryConfigurationDelegate - Finished Spring Data repository scanning in 95 ms. Found 3 MongoDB repository interfaces.
2025-04-18 19:28:33 INFO  o.s.d.r.c.RepositoryConfigurationDelegate - Multiple Spring Data modules found, entering strict repository configuration mode
2025-04-18 19:28:33 INFO  o.s.d.r.c.RepositoryConfigurationDelegate - Bootstrapping Spring Data Redis repositories in DEFAULT mode.
2025-04-18 19:28:33 INFO  o.s.d.r.c.RepositoryConfigurationExtensionSupport - Spring Data Redis - Could not safely identify store assignment for repository candidate interface malla.dipesh.journalApp.repository.ConfigJournalAppRepository; If you want this repository to be a Redis repository, consider annotating your entities with one of these annotations: org.springframework.data.redis.core.RedisHash (preferred), or consider extending one of the following types with your repository: org.springframework.data.keyvalue.repository.KeyValueRepository
2025-04-18 19:28:33 INFO  o.s.d.r.c.RepositoryConfigurationExtensionSupport - Spring Data Redis - Could not safely identify store assignment for repository candidate interface malla.dipesh.journalApp.repository.JournalEntryRepository; If you want this repository to be a Redis repository, consider annotating your entities with one of these annotations: org.springframework.data.redis.core.RedisHash (preferred), or consider extending one of the following types with your repository: org.springframework.data.keyvalue.repository.KeyValueRepository
2025-04-18 19:28:33 INFO  o.s.d.r.c.RepositoryConfigurationExtensionSupport - Spring Data Redis - Could not safely identify store assignment for repository candidate interface malla.dipesh.journalApp.repository.UserRepository; If you want this repository to be a Redis repository, consider annotating your entities with one of these annotations: org.springframework.data.redis.core.RedisHash (preferred), or consider extending one of the following types with your repository: org.springframework.data.keyvalue.repository.KeyValueRepository
2025-04-18 19:28:33 INFO  o.s.d.r.c.RepositoryConfigurationDelegate - Finished Spring Data repository scanning in 11 ms. Found 0 Redis repository interfaces.
2025-04-18 19:28:33 INFO  o.s.b.w.e.tomcat.TomcatWebServer - Tomcat initialized with port 8080 (http)
2025-04-18 19:28:33 INFO  o.a.coyote.http11.Http11NioProtocol - Initializing ProtocolHandler ["http-nio-8080"]
2025-04-18 19:28:33 INFO  o.a.catalina.core.StandardService - Starting service [Tomcat]
2025-04-18 19:28:33 INFO  o.a.catalina.core.StandardEngine - Starting Servlet engine: [Apache Tomcat/10.1.39]
2025-04-18 19:28:33 INFO  o.a.c.c.C.[Tomcat].[localhost].[/] - Initializing Spring embedded WebApplicationContext
2025-04-18 19:28:33 INFO  o.s.b.w.s.c.ServletWebServerApplicationContext - Root WebApplicationContext: initialization completed in 1247 ms
2025-04-18 19:28:33 INFO  org.mongodb.driver.client - MongoClient with metadata {"driver": {"name": "mongo-java-driver|sync|spring-boot", "version": "5.2.1"}, "os": {"type": "Linux", "name": "Linux", "architecture": "amd64", "version": "6.11.0-21-generic"}, "platform": "Java/Oracle Corporation/23.0.2+7-58"} created with settings MongoClientSettings{readPreference=primary, writeConcern=WriteConcern{w=majority, wTimeout=null ms, journal=null}, retryWrites=true, retryReads=true, readConcern=ReadConcern{level=null}, credential=MongoCredential{mechanism=null, userName='dipeshmallapub', source='admin', password=<hidden>, mechanismProperties=<hidden>}, transportSettings=null, commandListeners=[], codecRegistry=ProvidersCodecRegistry{codecProviders=[ValueCodecProvider{}, BsonValueCodecProvider{}, DBRefCodecProvider{}, DBObjectCodecProvider{}, DocumentCodecProvider{}, CollectionCodecProvider{}, IterableCodecProvider{}, MapCodecProvider{}, GeoJsonCodecProvider{}, GridFSFileCodecProvider{}, Jsr310CodecProvider{}, JsonObjectCodecProvider{}, BsonCodecProvider{}, EnumCodecProvider{}, com.mongodb.client.model.mql.ExpressionCodecProvider@12670e55, com.mongodb.Jep395RecordCodecProvider@43fd77d8, com.mongodb.KotlinCodecProvider@5a90fcaa]}, loggerSettings=LoggerSettings{maxDocumentLength=1000}, clusterSettings={hosts=[127.0.0.1:27017], srvHost=cluster0.6b69sb9.mongodb.net, srvServiceName=mongodb, mode=MULTIPLE, requiredClusterType=REPLICA_SET, requiredReplicaSetName='atlas-kry611-shard-0', serverSelector='null', clusterListeners='[]', serverSelectionTimeout='30000 ms', localThreshold='15 ms'}, socketSettings=SocketSettings{connectTimeoutMS=10000, readTimeoutMS=0, receiveBufferSize=0, proxySettings=ProxySettings{host=null, port=null, username=null, password=null}}, heartbeatSocketSettings=SocketSettings{connectTimeoutMS=10000, readTimeoutMS=10000, receiveBufferSize=0, proxySettings=ProxySettings{host=null, port=null, username=null, password=null}}, connectionPoolSettings=ConnectionPoolSettings{maxSize=100, minSize=0, maxWaitTimeMS=120000, maxConnectionLifeTimeMS=0, maxConnectionIdleTimeMS=0, maintenanceInitialDelayMS=0, maintenanceFrequencyMS=60000, connectionPoolListeners=[], maxConnecting=2}, serverSettings=ServerSettings{heartbeatFrequencyMS=10000, minHeartbeatFrequencyMS=500, serverMonitoringMode=AUTO, serverListeners='[]', serverMonitorListeners='[]'}, sslSettings=SslSettings{enabled=true, invalidHostNameAllowed=false, context=null}, applicationName='null', compressorList=[], uuidRepresentation=JAVA_LEGACY, serverApi=null, autoEncryptionSettings=null, dnsClient=null, inetAddressResolver=null, contextProvider=null, timeoutMS=null}
2025-04-18 19:28:33 INFO  org.mongodb.driver.cluster - Adding discovered server ac-kex050i-shard-00-02.6b69sb9.mongodb.net:27017 to client view of cluster
2025-04-18 19:28:33 INFO  org.mongodb.driver.cluster - Adding discovered server ac-kex050i-shard-00-00.6b69sb9.mongodb.net:27017 to client view of cluster
2025-04-18 19:28:33 INFO  org.mongodb.driver.cluster - Adding discovered server ac-kex050i-shard-00-01.6b69sb9.mongodb.net:27017 to client view of cluster
2025-04-18 19:28:34 INFO  org.mongodb.driver.cluster - Waiting for server to become available for operation with ID 5. Remaining time: 29993 ms. Selector: WritableServerSelector, topology description: {type=REPLICA_SET, servers=[{address=ac-kex050i-shard-00-00.6b69sb9.mongodb.net:27017, type=UNKNOWN, state=CONNECTING}, {address=ac-kex050i-shard-00-02.6b69sb9.mongodb.net:27017, type=UNKNOWN, state=CONNECTING}, {address=ac-kex050i-shard-00-01.6b69sb9.mongodb.net:27017, type=UNKNOWN, state=CONNECTING}].
2025-04-18 19:28:34 INFO  org.mongodb.driver.cluster - Monitor thread successfully connected to server with description ServerDescription{address=ac-kex050i-shard-00-02.6b69sb9.mongodb.net:27017, type=REPLICA_SET_PRIMARY, cryptd=false, state=CONNECTED, ok=true, minWireVersion=0, maxWireVersion=25, maxDocumentSize=16777216, logicalSessionTimeoutMinutes=30, roundTripTimeNanos=307766441, minRoundTripTimeNanos=0, setName='atlas-kry611-shard-0', canonicalAddress=ac-kex050i-shard-00-02.6b69sb9.mongodb.net:27017, hosts=[ac-kex050i-shard-00-02.6b69sb9.mongodb.net:27017, ac-kex050i-shard-00-01.6b69sb9.mongodb.net:27017, ac-kex050i-shard-00-00.6b69sb9.mongodb.net:27017], passives=[], arbiters=[], primary='ac-kex050i-shard-00-02.6b69sb9.mongodb.net:27017', tagSet=TagSet{[Tag{name='availabilityZone', value='aps1-az2'}, Tag{name='diskState', value='READY'}, Tag{name='nodeType', value='ELECTABLE'}, Tag{name='provider', value='AWS'}, Tag{name='region', value='AP_SOUTH_1'}, Tag{name='workloadType', value='OPERATIONAL'}]}, electionId=7fffffff0000000000000009, setVersion=1, topologyVersion=TopologyVersion{processId=67f95943868877c2c3e82ebb, counter=6}, lastWriteDate=Fri Apr 18 19:28:30 GMT+05:45 2025, lastUpdateTimeNanos=16418773424190}
2025-04-18 19:28:34 INFO  org.mongodb.driver.cluster - Monitor thread successfully connected to server with description ServerDescription{address=ac-kex050i-shard-00-01.6b69sb9.mongodb.net:27017, type=REPLICA_SET_SECONDARY, cryptd=false, state=CONNECTED, ok=true, minWireVersion=0, maxWireVersion=25, maxDocumentSize=16777216, logicalSessionTimeoutMinutes=30, roundTripTimeNanos=306988700, minRoundTripTimeNanos=0, setName='atlas-kry611-shard-0', canonicalAddress=ac-kex050i-shard-00-01.6b69sb9.mongodb.net:27017, hosts=[ac-kex050i-shard-00-02.6b69sb9.mongodb.net:27017, ac-kex050i-shard-00-01.6b69sb9.mongodb.net:27017, ac-kex050i-shard-00-00.6b69sb9.mongodb.net:27017], passives=[], arbiters=[], primary='ac-kex050i-shard-00-02.6b69sb9.mongodb.net:27017', tagSet=TagSet{[Tag{name='availabilityZone', value='aps1-az3'}, Tag{name='diskState', value='READY'}, Tag{name='nodeType', value='ELECTABLE'}, Tag{name='provider', value='AWS'}, Tag{name='region', value='AP_SOUTH_1'}, Tag{name='workloadType', value='OPERATIONAL'}]}, electionId=null, setVersion=1, topologyVersion=TopologyVersion{processId=67f95a88e18c31e0b3801de8, counter=3}, lastWriteDate=Fri Apr 18 19:28:30 GMT+05:45 2025, lastUpdateTimeNanos=16418773431379}
2025-04-18 19:28:34 INFO  org.mongodb.driver.cluster - Monitor thread successfully connected to server with description ServerDescription{address=ac-kex050i-shard-00-00.6b69sb9.mongodb.net:27017, type=REPLICA_SET_SECONDARY, cryptd=false, state=CONNECTED, ok=true, minWireVersion=0, maxWireVersion=25, maxDocumentSize=16777216, logicalSessionTimeoutMinutes=30, roundTripTimeNanos=301064547, minRoundTripTimeNanos=0, setName='atlas-kry611-shard-0', canonicalAddress=ac-kex050i-shard-00-00.6b69sb9.mongodb.net:27017, hosts=[ac-kex050i-shard-00-02.6b69sb9.mongodb.net:27017, ac-kex050i-shard-00-01.6b69sb9.mongodb.net:27017, ac-kex050i-shard-00-00.6b69sb9.mongodb.net:27017], passives=[], arbiters=[], primary='ac-kex050i-shard-00-02.6b69sb9.mongodb.net:27017', tagSet=TagSet{[Tag{name='availabilityZone', value='aps1-az1'}, Tag{name='diskState', value='READY'}, Tag{name='nodeType', value='ELECTABLE'}, Tag{name='provider', value='AWS'}, Tag{name='region', value='AP_SOUTH_1'}, Tag{name='workloadType', value='OPERATIONAL'}]}, electionId=null, setVersion=1, topologyVersion=TopologyVersion{processId=67f957c96e7bebcebef83be4, counter=4}, lastWriteDate=Fri Apr 18 19:28:30 GMT+05:45 2025, lastUpdateTimeNanos=16418773431510}
2025-04-18 19:28:34 INFO  org.mongodb.driver.cluster - Discovered replica set primary ac-kex050i-shard-00-02.6b69sb9.mongodb.net:27017 with max election id 7fffffff0000000000000009 and max set version 1
2025-04-18 19:28:35 INFO  o.s.s.c.a.a.c.InitializeAuthenticationProviderBeanManagerConfigurer$InitializeAuthenticationProviderManagerConfigurer - Global AuthenticationManager configured with AuthenticationProvider bean with name authenticationProvider
2025-04-18 19:28:35 WARN  o.s.s.c.a.a.c.InitializeUserDetailsBeanManagerConfigurer$InitializeUserDetailsManagerConfigurer - Global AuthenticationManager configured with an AuthenticationProvider bean. UserDetailsService beans will not be used by Spring Security for automatically configuring username/password login. Consider removing the AuthenticationProvider bean. Alternatively, consider using the UserDetailsService in a manually instantiated DaoAuthenticationProvider. If the current configuration is intentional, to turn off this warning, increase the logging level of 'org.springframework.security.config.annotation.authentication.configuration.InitializeUserDetailsBeanManagerConfigurer' to ERROR
2025-04-18 19:28:36 INFO  o.a.coyote.http11.Http11NioProtocol - Starting ProtocolHandler ["http-nio-8080"]
2025-04-18 19:28:36 INFO  o.s.b.w.e.tomcat.TomcatWebServer - Tomcat started on port 8080 (http) with context path '/'
2025-04-18 19:28:36 INFO  m.d.journalApp.JournalAppApplication - Started JournalAppApplication in 4.16 seconds (process running for 5.636)
2025-04-18 19:28:38 INFO  o.a.c.c.C.[Tomcat].[localhost].[/] - Initializing Spring DispatcherServlet 'dispatcherServlet'
2025-04-18 19:28:38 INFO  o.s.web.servlet.DispatcherServlet - Initializing Servlet 'dispatcherServlet'
2025-04-18 19:28:38 INFO  o.s.web.servlet.DispatcherServlet - Completed initialization in 2 ms
2025-04-18 19:31:05 INFO  o.s.b.w.e.tomcat.GracefulShutdown - Commencing graceful shutdown. Waiting for active requests to complete
2025-04-18 19:31:05 INFO  o.s.b.w.e.tomcat.GracefulShutdown - Graceful shutdown complete
2025-04-18 19:31:10 INFO  o.h.validator.internal.util.Version - HV000001: Hibernate Validator 8.0.2.Final
2025-04-18 19:31:10 INFO  m.d.journalApp.JournalAppApplication - Starting JournalAppApplication using Java 23.0.2 with PID 32858 (/home/malle/Project/journalApp/target/classes started by malle in /home/malle/Project/journalApp)
2025-04-18 19:31:10 INFO  m.d.journalApp.JournalAppApplication - The following 1 profile is active: "dev"
2025-04-18 19:31:11 INFO  o.s.d.r.c.RepositoryConfigurationDelegate - Multiple Spring Data modules found, entering strict repository configuration mode
2025-04-18 19:31:11 INFO  o.s.d.r.c.RepositoryConfigurationDelegate - Bootstrapping Spring Data MongoDB repositories in DEFAULT mode.
2025-04-18 19:31:11 INFO  o.s.d.r.c.RepositoryConfigurationDelegate - Finished Spring Data repository scanning in 66 ms. Found 3 MongoDB repository interfaces.
2025-04-18 19:31:11 INFO  o.s.d.r.c.RepositoryConfigurationDelegate - Multiple Spring Data modules found, entering strict repository configuration mode
2025-04-18 19:31:11 INFO  o.s.d.r.c.RepositoryConfigurationDelegate - Bootstrapping Spring Data Redis repositories in DEFAULT mode.
2025-04-18 19:31:11 INFO  o.s.d.r.c.RepositoryConfigurationExtensionSupport - Spring Data Redis - Could not safely identify store assignment for repository candidate interface malla.dipesh.journalApp.repository.ConfigJournalAppRepository; If you want this repository to be a Redis repository, consider annotating your entities with one of these annotations: org.springframework.data.redis.core.RedisHash (preferred), or consider extending one of the following types with your repository: org.springframework.data.keyvalue.repository.KeyValueRepository
2025-04-18 19:31:11 INFO  o.s.d.r.c.RepositoryConfigurationExtensionSupport - Spring Data Redis - Could not safely identify store assignment for repository candidate interface malla.dipesh.journalApp.repository.JournalEntryRepository; If you want this repository to be a Redis repository, consider annotating your entities with one of these annotations: org.springframework.data.redis.core.RedisHash (preferred), or consider extending one of the following types with your repository: org.springframework.data.keyvalue.repository.KeyValueRepository
2025-04-18 19:31:11 INFO  o.s.d.r.c.RepositoryConfigurationExtensionSupport - Spring Data Redis - Could not safely identify store assignment for repository candidate interface malla.dipesh.journalApp.repository.UserRepository; If you want this repository to be a Redis repository, consider annotating your entities with one of these annotations: org.springframework.data.redis.core.RedisHash (preferred), or consider extending one of the following types with your repository: org.springframework.data.keyvalue.repository.KeyValueRepository
2025-04-18 19:31:11 INFO  o.s.d.r.c.RepositoryConfigurationDelegate - Finished Spring Data repository scanning in 8 ms. Found 0 Redis repository interfaces.
2025-04-18 19:31:11 INFO  o.s.b.w.e.tomcat.TomcatWebServer - Tomcat initialized with port 8080 (http)
2025-04-18 19:31:11 INFO  o.a.coyote.http11.Http11NioProtocol - Initializing ProtocolHandler ["http-nio-8080"]
2025-04-18 19:31:11 INFO  o.a.catalina.core.StandardService - Starting service [Tomcat]
2025-04-18 19:31:11 INFO  o.a.catalina.core.StandardEngine - Starting Servlet engine: [Apache Tomcat/10.1.39]
2025-04-18 19:31:11 INFO  o.a.c.c.C.[Tomcat].[localhost].[/] - Initializing Spring embedded WebApplicationContext
2025-04-18 19:31:11 INFO  o.s.b.w.s.c.ServletWebServerApplicationContext - Root WebApplicationContext: initialization completed in 1053 ms
2025-04-18 19:31:11 INFO  org.mongodb.driver.client - MongoClient with metadata {"driver": {"name": "mongo-java-driver|sync|spring-boot", "version": "5.2.1"}, "os": {"type": "Linux", "name": "Linux", "architecture": "amd64", "version": "6.11.0-21-generic"}, "platform": "Java/Oracle Corporation/23.0.2+7-58"} created with settings MongoClientSettings{readPreference=primary, writeConcern=WriteConcern{w=majority, wTimeout=null ms, journal=null}, retryWrites=true, retryReads=true, readConcern=ReadConcern{level=null}, credential=MongoCredential{mechanism=null, userName='dipeshmallapub', source='admin', password=<hidden>, mechanismProperties=<hidden>}, transportSettings=null, commandListeners=[], codecRegistry=ProvidersCodecRegistry{codecProviders=[ValueCodecProvider{}, BsonValueCodecProvider{}, DBRefCodecProvider{}, DBObjectCodecProvider{}, DocumentCodecProvider{}, CollectionCodecProvider{}, IterableCodecProvider{}, MapCodecProvider{}, GeoJsonCodecProvider{}, GridFSFileCodecProvider{}, Jsr310CodecProvider{}, JsonObjectCodecProvider{}, BsonCodecProvider{}, EnumCodecProvider{}, com.mongodb.client.model.mql.ExpressionCodecProvider@171aa66, com.mongodb.Jep395RecordCodecProvider@58739e5e, com.mongodb.KotlinCodecProvider@4e2cdc51]}, loggerSettings=LoggerSettings{maxDocumentLength=1000}, clusterSettings={hosts=[127.0.0.1:27017], srvHost=cluster0.6b69sb9.mongodb.net, srvServiceName=mongodb, mode=MULTIPLE, requiredClusterType=REPLICA_SET, requiredReplicaSetName='atlas-kry611-shard-0', serverSelector='null', clusterListeners='[]', serverSelectionTimeout='30000 ms', localThreshold='15 ms'}, socketSettings=SocketSettings{connectTimeoutMS=10000, readTimeoutMS=0, receiveBufferSize=0, proxySettings=ProxySettings{host=null, port=null, username=null, password=null}}, heartbeatSocketSettings=SocketSettings{connectTimeoutMS=10000, readTimeoutMS=10000, receiveBufferSize=0, proxySettings=ProxySettings{host=null, port=null, username=null, password=null}}, connectionPoolSettings=ConnectionPoolSettings{maxSize=100, minSize=0, maxWaitTimeMS=120000, maxConnectionLifeTimeMS=0, maxConnectionIdleTimeMS=0, maintenanceInitialDelayMS=0, maintenanceFrequencyMS=60000, connectionPoolListeners=[], maxConnecting=2}, serverSettings=ServerSettings{heartbeatFrequencyMS=10000, minHeartbeatFrequencyMS=500, serverMonitoringMode=AUTO, serverListeners='[]', serverMonitorListeners='[]'}, sslSettings=SslSettings{enabled=true, invalidHostNameAllowed=false, context=null}, applicationName='null', compressorList=[], uuidRepresentation=JAVA_LEGACY, serverApi=null, autoEncryptionSettings=null, dnsClient=null, inetAddressResolver=null, contextProvider=null, timeoutMS=null}
2025-04-18 19:31:12 INFO  org.mongodb.driver.cluster - Adding discovered server ac-kex050i-shard-00-02.6b69sb9.mongodb.net:27017 to client view of cluster
2025-04-18 19:31:12 INFO  org.mongodb.driver.cluster - Adding discovered server ac-kex050i-shard-00-01.6b69sb9.mongodb.net:27017 to client view of cluster
2025-04-18 19:31:12 INFO  org.mongodb.driver.cluster - Adding discovered server ac-kex050i-shard-00-00.6b69sb9.mongodb.net:27017 to client view of cluster
2025-04-18 19:31:12 INFO  org.mongodb.driver.cluster - Waiting for server to become available for operation with ID 5. Remaining time: 29996 ms. Selector: WritableServerSelector, topology description: {type=REPLICA_SET, servers=[{address=ac-kex050i-shard-00-00.6b69sb9.mongodb.net:27017, type=UNKNOWN, state=CONNECTING}, {address=ac-kex050i-shard-00-02.6b69sb9.mongodb.net:27017, type=UNKNOWN, state=CONNECTING}, {address=ac-kex050i-shard-00-01.6b69sb9.mongodb.net:27017, type=UNKNOWN, state=CONNECTING}].
2025-04-18 19:31:12 INFO  org.mongodb.driver.cluster - Monitor thread successfully connected to server with description ServerDescription{address=ac-kex050i-shard-00-02.6b69sb9.mongodb.net:27017, type=REPLICA_SET_PRIMARY, cryptd=false, state=CONNECTED, ok=true, minWireVersion=0, maxWireVersion=25, maxDocumentSize=16777216, logicalSessionTimeoutMinutes=30, roundTripTimeNanos=327361655, minRoundTripTimeNanos=0, setName='atlas-kry611-shard-0', canonicalAddress=ac-kex050i-shard-00-02.6b69sb9.mongodb.net:27017, hosts=[ac-kex050i-shard-00-02.6b69sb9.mongodb.net:27017, ac-kex050i-shard-00-01.6b69sb9.mongodb.net:27017, ac-kex050i-shard-00-00.6b69sb9.mongodb.net:27017], passives=[], arbiters=[], primary='ac-kex050i-shard-00-02.6b69sb9.mongodb.net:27017', tagSet=TagSet{[Tag{name='availabilityZone', value='aps1-az2'}, Tag{name='diskState', value='READY'}, Tag{name='nodeType', value='ELECTABLE'}, Tag{name='provider', value='AWS'}, Tag{name='region', value='AP_SOUTH_1'}, Tag{name='workloadType', value='OPERATIONAL'}]}, electionId=7fffffff0000000000000009, setVersion=1, topologyVersion=TopologyVersion{processId=67f95943868877c2c3e82ebb, counter=6}, lastWriteDate=Fri Apr 18 19:31:09 GMT+05:45 2025, lastUpdateTimeNanos=16576976472108}
2025-04-18 19:31:12 INFO  org.mongodb.driver.cluster - Monitor thread successfully connected to server with description ServerDescription{address=ac-kex050i-shard-00-00.6b69sb9.mongodb.net:27017, type=REPLICA_SET_SECONDARY, cryptd=false, state=CONNECTED, ok=true, minWireVersion=0, maxWireVersion=25, maxDocumentSize=16777216, logicalSessionTimeoutMinutes=30, roundTripTimeNanos=327371919, minRoundTripTimeNanos=0, setName='atlas-kry611-shard-0', canonicalAddress=ac-kex050i-shard-00-00.6b69sb9.mongodb.net:27017, hosts=[ac-kex050i-shard-00-02.6b69sb9.mongodb.net:27017, ac-kex050i-shard-00-01.6b69sb9.mongodb.net:27017, ac-kex050i-shard-00-00.6b69sb9.mongodb.net:27017], passives=[], arbiters=[], primary='ac-kex050i-shard-00-02.6b69sb9.mongodb.net:27017', tagSet=TagSet{[Tag{name='availabilityZone', value='aps1-az1'}, Tag{name='diskState', value='READY'}, Tag{name='nodeType', value='ELECTABLE'}, Tag{name='provider', value='AWS'}, Tag{name='region', value='AP_SOUTH_1'}, Tag{name='workloadType', value='OPERATIONAL'}]}, electionId=null, setVersion=1, topologyVersion=TopologyVersion{processId=67f957c96e7bebcebef83be4, counter=4}, lastWriteDate=Fri Apr 18 19:31:09 GMT+05:45 2025, lastUpdateTimeNanos=16576976490637}
2025-04-18 19:31:12 INFO  org.mongodb.driver.cluster - Monitor thread successfully connected to server with description ServerDescription{address=ac-kex050i-shard-00-01.6b69sb9.mongodb.net:27017, type=REPLICA_SET_SECONDARY, cryptd=false, state=CONNECTED, ok=true, minWireVersion=0, maxWireVersion=25, maxDocumentSize=16777216, logicalSessionTimeoutMinutes=30, roundTripTimeNanos=319584533, minRoundTripTimeNanos=0, setName='atlas-kry611-shard-0', canonicalAddress=ac-kex050i-shard-00-01.6b69sb9.mongodb.net:27017, hosts=[ac-kex050i-shard-00-02.6b69sb9.mongodb.net:27017, ac-kex050i-shard-00-01.6b69sb9.mongodb.net:27017, ac-kex050i-shard-00-00.6b69sb9.mongodb.net:27017], passives=[], arbiters=[], primary='ac-kex050i-shard-00-02.6b69sb9.mongodb.net:27017', tagSet=TagSet{[Tag{name='availabilityZone', value='aps1-az3'}, Tag{name='diskState', value='READY'}, Tag{name='nodeType', value='ELECTABLE'}, Tag{name='provider', value='AWS'}, Tag{name='region', value='AP_SOUTH_1'}, Tag{name='workloadType', value='OPERATIONAL'}]}, electionId=null, setVersion=1, topologyVersion=TopologyVersion{processId=67f95a88e18c31e0b3801de8, counter=3}, lastWriteDate=Fri Apr 18 19:31:09 GMT+05:45 2025, lastUpdateTimeNanos=16576976494597}
2025-04-18 19:31:12 INFO  org.mongodb.driver.cluster - Discovered replica set primary ac-kex050i-shard-00-02.6b69sb9.mongodb.net:27017 with max election id 7fffffff0000000000000009 and max set version 1
2025-04-18 19:31:13 INFO  o.s.s.c.a.a.c.InitializeAuthenticationProviderBeanManagerConfigurer$InitializeAuthenticationProviderManagerConfigurer - Global AuthenticationManager configured with AuthenticationProvider bean with name authenticationProvider
2025-04-18 19:31:13 WARN  o.s.s.c.a.a.c.InitializeUserDetailsBeanManagerConfigurer$InitializeUserDetailsManagerConfigurer - Global AuthenticationManager configured with an AuthenticationProvider bean. UserDetailsService beans will not be used by Spring Security for automatically configuring username/password login. Consider removing the AuthenticationProvider bean. Alternatively, consider using the UserDetailsService in a manually instantiated DaoAuthenticationProvider. If the current configuration is intentional, to turn off this warning, increase the logging level of 'org.springframework.security.config.annotation.authentication.configuration.InitializeUserDetailsBeanManagerConfigurer' to ERROR
2025-04-18 19:31:13 INFO  o.a.coyote.http11.Http11NioProtocol - Starting ProtocolHandler ["http-nio-8080"]
2025-04-18 19:31:13 INFO  o.s.b.w.e.tomcat.TomcatWebServer - Tomcat started on port 8080 (http) with context path '/'
2025-04-18 19:31:13 INFO  m.d.journalApp.JournalAppApplication - Started JournalAppApplication in 3.723 seconds (process running for 4.477)
2025-04-18 19:31:15 INFO  o.a.c.c.C.[Tomcat].[localhost].[/] - Initializing Spring DispatcherServlet 'dispatcherServlet'
2025-04-18 19:31:15 INFO  o.s.web.servlet.DispatcherServlet - Initializing Servlet 'dispatcherServlet'
2025-04-18 19:31:15 INFO  o.s.web.servlet.DispatcherServlet - Completed initialization in 1 ms
2025-04-18 19:34:05 INFO  o.s.b.w.e.tomcat.GracefulShutdown - Commencing graceful shutdown. Waiting for active requests to complete
2025-04-18 19:34:06 INFO  o.s.b.w.e.tomcat.GracefulShutdown - Graceful shutdown complete
2025-04-18 19:34:11 INFO  o.h.validator.internal.util.Version - HV000001: Hibernate Validator 8.0.2.Final
2025-04-18 19:34:11 INFO  m.d.journalApp.JournalAppApplication - Starting JournalAppApplication using Java 23.0.2 with PID 33564 (/home/malle/Project/journalApp/target/classes started by malle in /home/malle/Project/journalApp)
2025-04-18 19:34:11 INFO  m.d.journalApp.JournalAppApplication - The following 1 profile is active: "dev"
2025-04-18 19:34:12 INFO  o.s.d.r.c.RepositoryConfigurationDelegate - Multiple Spring Data modules found, entering strict repository configuration mode
2025-04-18 19:34:12 INFO  o.s.d.r.c.RepositoryConfigurationDelegate - Bootstrapping Spring Data MongoDB repositories in DEFAULT mode.
2025-04-18 19:34:12 INFO  o.s.d.r.c.RepositoryConfigurationDelegate - Finished Spring Data repository scanning in 150 ms. Found 3 MongoDB repository interfaces.
2025-04-18 19:34:13 INFO  o.s.d.r.c.RepositoryConfigurationDelegate - Multiple Spring Data modules found, entering strict repository configuration mode
2025-04-18 19:34:13 INFO  o.s.d.r.c.RepositoryConfigurationDelegate - Bootstrapping Spring Data Redis repositories in DEFAULT mode.
2025-04-18 19:34:13 INFO  o.s.d.r.c.RepositoryConfigurationExtensionSupport - Spring Data Redis - Could not safely identify store assignment for repository candidate interface malla.dipesh.journalApp.repository.ConfigJournalAppRepository; If you want this repository to be a Redis repository, consider annotating your entities with one of these annotations: org.springframework.data.redis.core.RedisHash (preferred), or consider extending one of the following types with your repository: org.springframework.data.keyvalue.repository.KeyValueRepository
2025-04-18 19:34:13 INFO  o.s.d.r.c.RepositoryConfigurationExtensionSupport - Spring Data Redis - Could not safely identify store assignment for repository candidate interface malla.dipesh.journalApp.repository.JournalEntryRepository; If you want this repository to be a Redis repository, consider annotating your entities with one of these annotations: org.springframework.data.redis.core.RedisHash (preferred), or consider extending one of the following types with your repository: org.springframework.data.keyvalue.repository.KeyValueRepository
2025-04-18 19:34:13 INFO  o.s.d.r.c.RepositoryConfigurationExtensionSupport - Spring Data Redis - Could not safely identify store assignment for repository candidate interface malla.dipesh.journalApp.repository.UserRepository; If you want this repository to be a Redis repository, consider annotating your entities with one of these annotations: org.springframework.data.redis.core.RedisHash (preferred), or consider extending one of the following types with your repository: org.springframework.data.keyvalue.repository.KeyValueRepository
2025-04-18 19:34:13 INFO  o.s.d.r.c.RepositoryConfigurationDelegate - Finished Spring Data repository scanning in 13 ms. Found 0 Redis repository interfaces.
2025-04-18 19:34:13 INFO  o.s.b.w.e.tomcat.TomcatWebServer - Tomcat initialized with port 8080 (http)
2025-04-18 19:34:13 INFO  o.a.coyote.http11.Http11NioProtocol - Initializing ProtocolHandler ["http-nio-8080"]
2025-04-18 19:34:13 INFO  o.a.catalina.core.StandardService - Starting service [Tomcat]
2025-04-18 19:34:13 INFO  o.a.catalina.core.StandardEngine - Starting Servlet engine: [Apache Tomcat/10.1.39]
2025-04-18 19:34:13 INFO  o.a.c.c.C.[Tomcat].[localhost].[/] - Initializing Spring embedded WebApplicationContext
2025-04-18 19:34:13 INFO  o.s.b.w.s.c.ServletWebServerApplicationContext - Root WebApplicationContext: initialization completed in 1756 ms
2025-04-18 19:34:13 INFO  org.mongodb.driver.client - MongoClient with metadata {"driver": {"name": "mongo-java-driver|sync|spring-boot", "version": "5.2.1"}, "os": {"type": "Linux", "name": "Linux", "architecture": "amd64", "version": "6.11.0-21-generic"}, "platform": "Java/Oracle Corporation/23.0.2+7-58"} created with settings MongoClientSettings{readPreference=primary, writeConcern=WriteConcern{w=majority, wTimeout=null ms, journal=null}, retryWrites=true, retryReads=true, readConcern=ReadConcern{level=null}, credential=MongoCredential{mechanism=null, userName='dipeshmallapub', source='admin', password=<hidden>, mechanismProperties=<hidden>}, transportSettings=null, commandListeners=[], codecRegistry=ProvidersCodecRegistry{codecProviders=[ValueCodecProvider{}, BsonValueCodecProvider{}, DBRefCodecProvider{}, DBObjectCodecProvider{}, DocumentCodecProvider{}, CollectionCodecProvider{}, IterableCodecProvider{}, MapCodecProvider{}, GeoJsonCodecProvider{}, GridFSFileCodecProvider{}, Jsr310CodecProvider{}, JsonObjectCodecProvider{}, BsonCodecProvider{}, EnumCodecProvider{}, com.mongodb.client.model.mql.ExpressionCodecProvider@1669931a, com.mongodb.Jep395RecordCodecProvider@6b24ddd7, com.mongodb.KotlinCodecProvider@12e007be]}, loggerSettings=LoggerSettings{maxDocumentLength=1000}, clusterSettings={hosts=[127.0.0.1:27017], srvHost=cluster0.6b69sb9.mongodb.net, srvServiceName=mongodb, mode=MULTIPLE, requiredClusterType=REPLICA_SET, requiredReplicaSetName='atlas-kry611-shard-0', serverSelector='null', clusterListeners='[]', serverSelectionTimeout='30000 ms', localThreshold='15 ms'}, socketSettings=SocketSettings{connectTimeoutMS=10000, readTimeoutMS=0, receiveBufferSize=0, proxySettings=ProxySettings{host=null, port=null, username=null, password=null}}, heartbeatSocketSettings=SocketSettings{connectTimeoutMS=10000, readTimeoutMS=10000, receiveBufferSize=0, proxySettings=ProxySettings{host=null, port=null, username=null, password=null}}, connectionPoolSettings=ConnectionPoolSettings{maxSize=100, minSize=0, maxWaitTimeMS=120000, maxConnectionLifeTimeMS=0, maxConnectionIdleTimeMS=0, maintenanceInitialDelayMS=0, maintenanceFrequencyMS=60000, connectionPoolListeners=[], maxConnecting=2}, serverSettings=ServerSettings{heartbeatFrequencyMS=10000, minHeartbeatFrequencyMS=500, serverMonitoringMode=AUTO, serverListeners='[]', serverMonitorListeners='[]'}, sslSettings=SslSettings{enabled=true, invalidHostNameAllowed=false, context=null}, applicationName='null', compressorList=[], uuidRepresentation=JAVA_LEGACY, serverApi=null, autoEncryptionSettings=null, dnsClient=null, inetAddressResolver=null, contextProvider=null, timeoutMS=null}
2025-04-18 19:34:13 INFO  org.mongodb.driver.cluster - Adding discovered server ac-kex050i-shard-00-02.6b69sb9.mongodb.net:27017 to client view of cluster
2025-04-18 19:34:13 INFO  org.mongodb.driver.cluster - Adding discovered server ac-kex050i-shard-00-01.6b69sb9.mongodb.net:27017 to client view of cluster
2025-04-18 19:34:13 INFO  org.mongodb.driver.cluster - Adding discovered server ac-kex050i-shard-00-00.6b69sb9.mongodb.net:27017 to client view of cluster
2025-04-18 19:34:14 INFO  org.mongodb.driver.cluster - Waiting for server to become available for operation with ID 5. Remaining time: 29992 ms. Selector: WritableServerSelector, topology description: {type=REPLICA_SET, servers=[{address=ac-kex050i-shard-00-00.6b69sb9.mongodb.net:27017, type=UNKNOWN, state=CONNECTING}, {address=ac-kex050i-shard-00-02.6b69sb9.mongodb.net:27017, type=UNKNOWN, state=CONNECTING}, {address=ac-kex050i-shard-00-01.6b69sb9.mongodb.net:27017, type=UNKNOWN, state=CONNECTING}].
2025-04-18 19:34:14 INFO  org.mongodb.driver.cluster - Monitor thread successfully connected to server with description ServerDescription{address=ac-kex050i-shard-00-00.6b69sb9.mongodb.net:27017, type=REPLICA_SET_SECONDARY, cryptd=false, state=CONNECTED, ok=true, minWireVersion=0, maxWireVersion=25, maxDocumentSize=16777216, logicalSessionTimeoutMinutes=30, roundTripTimeNanos=466412679, minRoundTripTimeNanos=0, setName='atlas-kry611-shard-0', canonicalAddress=ac-kex050i-shard-00-00.6b69sb9.mongodb.net:27017, hosts=[ac-kex050i-shard-00-02.6b69sb9.mongodb.net:27017, ac-kex050i-shard-00-01.6b69sb9.mongodb.net:27017, ac-kex050i-shard-00-00.6b69sb9.mongodb.net:27017], passives=[], arbiters=[], primary='ac-kex050i-shard-00-02.6b69sb9.mongodb.net:27017', tagSet=TagSet{[Tag{name='availabilityZone', value='aps1-az1'}, Tag{name='diskState', value='READY'}, Tag{name='nodeType', value='ELECTABLE'}, Tag{name='provider', value='AWS'}, Tag{name='region', value='AP_SOUTH_1'}, Tag{name='workloadType', value='OPERATIONAL'}]}, electionId=null, setVersion=1, topologyVersion=TopologyVersion{processId=67f957c96e7bebcebef83be4, counter=4}, lastWriteDate=Fri Apr 18 19:34:14 GMT+05:45 2025, lastUpdateTimeNanos=16759056888865}
2025-04-18 19:34:14 INFO  org.mongodb.driver.cluster - Monitor thread successfully connected to server with description ServerDescription{address=ac-kex050i-shard-00-01.6b69sb9.mongodb.net:27017, type=REPLICA_SET_SECONDARY, cryptd=false, state=CONNECTED, ok=true, minWireVersion=0, maxWireVersion=25, maxDocumentSize=16777216, logicalSessionTimeoutMinutes=30, roundTripTimeNanos=466444765, minRoundTripTimeNanos=0, setName='atlas-kry611-shard-0', canonicalAddress=ac-kex050i-shard-00-01.6b69sb9.mongodb.net:27017, hosts=[ac-kex050i-shard-00-02.6b69sb9.mongodb.net:27017, ac-kex050i-shard-00-01.6b69sb9.mongodb.net:27017, ac-kex050i-shard-00-00.6b69sb9.mongodb.net:27017], passives=[], arbiters=[], primary='ac-kex050i-shard-00-02.6b69sb9.mongodb.net:27017', tagSet=TagSet{[Tag{name='availabilityZone', value='aps1-az3'}, Tag{name='diskState', value='READY'}, Tag{name='nodeType', value='ELECTABLE'}, Tag{name='provider', value='AWS'}, Tag{name='region', value='AP_SOUTH_1'}, Tag{name='workloadType', value='OPERATIONAL'}]}, electionId=null, setVersion=1, topologyVersion=TopologyVersion{processId=67f95a88e18c31e0b3801de8, counter=3}, lastWriteDate=Fri Apr 18 19:34:14 GMT+05:45 2025, lastUpdateTimeNanos=16759056919094}
2025-04-18 19:34:14 INFO  org.mongodb.driver.cluster - Monitor thread successfully connected to server with description ServerDescription{address=ac-kex050i-shard-00-02.6b69sb9.mongodb.net:27017, type=REPLICA_SET_PRIMARY, cryptd=false, state=CONNECTED, ok=true, minWireVersion=0, maxWireVersion=25, maxDocumentSize=16777216, logicalSessionTimeoutMinutes=30, roundTripTimeNanos=473276406, minRoundTripTimeNanos=0, setName='atlas-kry611-shard-0', canonicalAddress=ac-kex050i-shard-00-02.6b69sb9.mongodb.net:27017, hosts=[ac-kex050i-shard-00-02.6b69sb9.mongodb.net:27017, ac-kex050i-shard-00-01.6b69sb9.mongodb.net:27017, ac-kex050i-shard-00-00.6b69sb9.mongodb.net:27017], passives=[], arbiters=[], primary='ac-kex050i-shard-00-02.6b69sb9.mongodb.net:27017', tagSet=TagSet{[Tag{name='availabilityZone', value='aps1-az2'}, Tag{name='diskState', value='READY'}, Tag{name='nodeType', value='ELECTABLE'}, Tag{name='provider', value='AWS'}, Tag{name='region', value='AP_SOUTH_1'}, Tag{name='workloadType', value='OPERATIONAL'}]}, electionId=7fffffff0000000000000009, setVersion=1, topologyVersion=TopologyVersion{processId=67f95943868877c2c3e82ebb, counter=6}, lastWriteDate=Fri Apr 18 19:34:14 GMT+05:45 2025, lastUpdateTimeNanos=16759064088327}
2025-04-18 19:34:14 INFO  org.mongodb.driver.cluster - Discovered replica set primary ac-kex050i-shard-00-02.6b69sb9.mongodb.net:27017 with max election id 7fffffff0000000000000009 and max set version 1
2025-04-18 19:34:16 INFO  o.s.s.c.a.a.c.InitializeAuthenticationProviderBeanManagerConfigurer$InitializeAuthenticationProviderManagerConfigurer - Global AuthenticationManager configured with AuthenticationProvider bean with name authenticationProvider
2025-04-18 19:34:16 WARN  o.s.s.c.a.a.c.InitializeUserDetailsBeanManagerConfigurer$InitializeUserDetailsManagerConfigurer - Global AuthenticationManager configured with an AuthenticationProvider bean. UserDetailsService beans will not be used by Spring Security for automatically configuring username/password login. Consider removing the AuthenticationProvider bean. Alternatively, consider using the UserDetailsService in a manually instantiated DaoAuthenticationProvider. If the current configuration is intentional, to turn off this warning, increase the logging level of 'org.springframework.security.config.annotation.authentication.configuration.InitializeUserDetailsBeanManagerConfigurer' to ERROR
2025-04-18 19:34:16 INFO  o.a.coyote.http11.Http11NioProtocol - Starting ProtocolHandler ["http-nio-8080"]
2025-04-18 19:34:16 INFO  o.s.b.w.e.tomcat.TomcatWebServer - Tomcat started on port 8080 (http) with context path '/'
2025-04-18 19:34:16 INFO  m.d.journalApp.JournalAppApplication - Started JournalAppApplication in 5.654 seconds (process running for 7.17)
2025-04-18 19:34:26 INFO  o.a.c.c.C.[Tomcat].[localhost].[/] - Initializing Spring DispatcherServlet 'dispatcherServlet'
2025-04-18 19:34:26 INFO  o.s.web.servlet.DispatcherServlet - Initializing Servlet 'dispatcherServlet'
2025-04-18 19:34:26 INFO  o.s.web.servlet.DispatcherServlet - Completed initialization in 2 ms
2025-04-18 19:52:35 INFO  org.mongodb.driver.cluster - Exception in monitor thread while connecting to server ac-kex050i-shard-00-01.6b69sb9.mongodb.net:27017
com.mongodb.MongoSocketReadTimeoutException: Timeout while receiving message
	at com.mongodb.internal.connection.InternalStreamConnection.createReadTimeoutException(InternalStreamConnection.java:824)
	at com.mongodb.internal.connection.InternalStreamConnection.translateReadException(InternalStreamConnection.java:812)
	at com.mongodb.internal.connection.InternalStreamConnection.receiveResponseBuffers(InternalStreamConnection.java:862)
	at com.mongodb.internal.connection.InternalStreamConnection.receiveCommandMessageResponse(InternalStreamConnection.java:517)
	at com.mongodb.internal.connection.InternalStreamConnection.receive(InternalStreamConnection.java:469)
	at com.mongodb.internal.connection.DefaultServerMonitor$ServerMonitor.lookupServerDescription(DefaultServerMonitor.java:249)
	at com.mongodb.internal.connection.DefaultServerMonitor$ServerMonitor.run(DefaultServerMonitor.java:176)
Caused by: java.net.SocketTimeoutException: Read timed out
	at java.base/sun.nio.ch.NioSocketImpl.timedRead(NioSocketImpl.java:278)
	at java.base/sun.nio.ch.NioSocketImpl.implRead(NioSocketImpl.java:304)
	at java.base/sun.nio.ch.NioSocketImpl.read(NioSocketImpl.java:346)
	at java.base/sun.nio.ch.NioSocketImpl$1.read(NioSocketImpl.java:796)
	at java.base/java.net.Socket$SocketInputStream.implRead(Socket.java:1116)
	at java.base/java.net.Socket$SocketInputStream.read(Socket.java:1103)
	at java.base/sun.security.ssl.SSLSocketInputRecord.read(SSLSocketInputRecord.java:489)
	at java.base/sun.security.ssl.SSLSocketInputRecord.readHeader(SSLSocketInputRecord.java:483)
	at java.base/sun.security.ssl.SSLSocketInputRecord.bytesInCompletePacket(SSLSocketInputRecord.java:70)
	at java.base/sun.security.ssl.SSLSocketImpl.readApplicationRecord(SSLSocketImpl.java:1462)
	at java.base/sun.security.ssl.SSLSocketImpl$AppInputStream.read(SSLSocketImpl.java:1068)
	at com.mongodb.internal.connection.SocketStream.read(SocketStream.java:182)
	at com.mongodb.internal.connection.InternalStreamConnection.receiveResponseBuffers(InternalStreamConnection.java:829)
	... 4 common frames omitted
2025-04-18 19:52:35 INFO  org.mongodb.driver.cluster - Exception in monitor thread while connecting to server ac-kex050i-shard-00-01.6b69sb9.mongodb.net:27017
com.mongodb.MongoSocketException: ac-kex050i-shard-00-01.6b69sb9.mongodb.net: Temporary failure in name resolution
	at com.mongodb.internal.connection.ServerAddressHelper.getSocketAddresses(ServerAddressHelper.java:75)
	at com.mongodb.internal.connection.SocketStream.initializeSocket(SocketStream.java:100)
	at com.mongodb.internal.connection.SocketStream.open(SocketStream.java:79)
	at com.mongodb.internal.connection.InternalStreamConnection.open(InternalStreamConnection.java:233)
	at com.mongodb.internal.connection.DefaultServerMonitor$ServerMonitor.lookupServerDescription(DefaultServerMonitor.java:219)
	at com.mongodb.internal.connection.DefaultServerMonitor$ServerMonitor.run(DefaultServerMonitor.java:176)
Caused by: java.net.UnknownHostException: ac-kex050i-shard-00-01.6b69sb9.mongodb.net: Temporary failure in name resolution
	at java.base/java.net.Inet6AddressImpl.lookupAllHostAddr(Native Method)
	at java.base/java.net.Inet6AddressImpl.lookupAllHostAddr(Inet6AddressImpl.java:52)
	at java.base/java.net.InetAddress$PlatformResolver.lookupByName(InetAddress.java:1221)
	at java.base/java.net.InetAddress.getAddressesFromNameService(InetAddress.java:1817)
	at java.base/java.net.InetAddress$NameServiceAddresses.get(InetAddress.java:1149)
	at java.base/java.net.InetAddress.getAllByName0(InetAddress.java:1807)
	at java.base/java.net.InetAddress.getAllByName(InetAddress.java:1676)
	at com.mongodb.internal.connection.DefaultInetAddressResolver.lookupByName(DefaultInetAddressResolver.java:34)
	at com.mongodb.internal.connection.ServerAddressHelper.getSocketAddresses(ServerAddressHelper.java:71)
	... 5 common frames omitted
2025-04-18 19:52:35 INFO  org.mongodb.driver.cluster - Exception in monitor thread while connecting to server ac-kex050i-shard-00-00.6b69sb9.mongodb.net:27017
com.mongodb.MongoSocketReadTimeoutException: Timeout while receiving message
	at com.mongodb.internal.connection.InternalStreamConnection.createReadTimeoutException(InternalStreamConnection.java:824)
	at com.mongodb.internal.connection.InternalStreamConnection.translateReadException(InternalStreamConnection.java:812)
	at com.mongodb.internal.connection.InternalStreamConnection.receiveResponseBuffers(InternalStreamConnection.java:862)
	at com.mongodb.internal.connection.InternalStreamConnection.receiveCommandMessageResponse(InternalStreamConnection.java:517)
	at com.mongodb.internal.connection.InternalStreamConnection.receive(InternalStreamConnection.java:469)
	at com.mongodb.internal.connection.DefaultServerMonitor$ServerMonitor.lookupServerDescription(DefaultServerMonitor.java:249)
	at com.mongodb.internal.connection.DefaultServerMonitor$ServerMonitor.run(DefaultServerMonitor.java:176)
Caused by: java.net.SocketTimeoutException: Read timed out
	at java.base/sun.nio.ch.NioSocketImpl.timedRead(NioSocketImpl.java:278)
	at java.base/sun.nio.ch.NioSocketImpl.implRead(NioSocketImpl.java:304)
	at java.base/sun.nio.ch.NioSocketImpl.read(NioSocketImpl.java:346)
	at java.base/sun.nio.ch.NioSocketImpl$1.read(NioSocketImpl.java:796)
	at java.base/java.net.Socket$SocketInputStream.implRead(Socket.java:1116)
	at java.base/java.net.Socket$SocketInputStream.read(Socket.java:1103)
	at java.base/sun.security.ssl.SSLSocketInputRecord.read(SSLSocketInputRecord.java:489)
	at java.base/sun.security.ssl.SSLSocketInputRecord.readHeader(SSLSocketInputRecord.java:483)
	at java.base/sun.security.ssl.SSLSocketInputRecord.bytesInCompletePacket(SSLSocketInputRecord.java:70)
	at java.base/sun.security.ssl.SSLSocketImpl.readApplicationRecord(SSLSocketImpl.java:1462)
	at java.base/sun.security.ssl.SSLSocketImpl$AppInputStream.read(SSLSocketImpl.java:1068)
	at com.mongodb.internal.connection.SocketStream.read(SocketStream.java:182)
	at com.mongodb.internal.connection.InternalStreamConnection.receiveResponseBuffers(InternalStreamConnection.java:829)
	... 4 common frames omitted
2025-04-18 19:52:35 INFO  org.mongodb.driver.cluster - Exception in monitor thread while connecting to server ac-kex050i-shard-00-00.6b69sb9.mongodb.net:27017
com.mongodb.MongoSocketException: ac-kex050i-shard-00-00.6b69sb9.mongodb.net: Temporary failure in name resolution
	at com.mongodb.internal.connection.ServerAddressHelper.getSocketAddresses(ServerAddressHelper.java:75)
	at com.mongodb.internal.connection.SocketStream.initializeSocket(SocketStream.java:100)
	at com.mongodb.internal.connection.SocketStream.open(SocketStream.java:79)
	at com.mongodb.internal.connection.InternalStreamConnection.open(InternalStreamConnection.java:233)
	at com.mongodb.internal.connection.DefaultServerMonitor$ServerMonitor.lookupServerDescription(DefaultServerMonitor.java:219)
	at com.mongodb.internal.connection.DefaultServerMonitor$ServerMonitor.run(DefaultServerMonitor.java:176)
Caused by: java.net.UnknownHostException: ac-kex050i-shard-00-00.6b69sb9.mongodb.net: Temporary failure in name resolution
	at java.base/java.net.Inet6AddressImpl.lookupAllHostAddr(Native Method)
	at java.base/java.net.Inet6AddressImpl.lookupAllHostAddr(Inet6AddressImpl.java:52)
	at java.base/java.net.InetAddress$PlatformResolver.lookupByName(InetAddress.java:1221)
	at java.base/java.net.InetAddress.getAddressesFromNameService(InetAddress.java:1817)
	at java.base/java.net.InetAddress$NameServiceAddresses.get(InetAddress.java:1149)
	at java.base/java.net.InetAddress.getAllByName0(InetAddress.java:1807)
	at java.base/java.net.InetAddress.getAllByName(InetAddress.java:1676)
	at com.mongodb.internal.connection.DefaultInetAddressResolver.lookupByName(DefaultInetAddressResolver.java:34)
	at com.mongodb.internal.connection.ServerAddressHelper.getSocketAddresses(ServerAddressHelper.java:71)
	... 5 common frames omitted
2025-04-18 19:52:35 INFO  org.mongodb.driver.cluster - Exception in monitor thread while connecting to server ac-kex050i-shard-00-02.6b69sb9.mongodb.net:27017
com.mongodb.MongoSocketReadTimeoutException: Timeout while receiving message
	at com.mongodb.internal.connection.InternalStreamConnection.createReadTimeoutException(InternalStreamConnection.java:824)
	at com.mongodb.internal.connection.InternalStreamConnection.translateReadException(InternalStreamConnection.java:812)
	at com.mongodb.internal.connection.InternalStreamConnection.receiveResponseBuffers(InternalStreamConnection.java:862)
	at com.mongodb.internal.connection.InternalStreamConnection.receiveCommandMessageResponse(InternalStreamConnection.java:517)
	at com.mongodb.internal.connection.InternalStreamConnection.receive(InternalStreamConnection.java:469)
	at com.mongodb.internal.connection.DefaultServerMonitor$ServerMonitor.lookupServerDescription(DefaultServerMonitor.java:249)
	at com.mongodb.internal.connection.DefaultServerMonitor$ServerMonitor.run(DefaultServerMonitor.java:176)
Caused by: java.net.SocketTimeoutException: Read timed out
	at java.base/sun.nio.ch.NioSocketImpl.timedRead(NioSocketImpl.java:278)
	at java.base/sun.nio.ch.NioSocketImpl.implRead(NioSocketImpl.java:304)
	at java.base/sun.nio.ch.NioSocketImpl.read(NioSocketImpl.java:346)
	at java.base/sun.nio.ch.NioSocketImpl$1.read(NioSocketImpl.java:796)
	at java.base/java.net.Socket$SocketInputStream.implRead(Socket.java:1116)
	at java.base/java.net.Socket$SocketInputStream.read(Socket.java:1103)
	at java.base/sun.security.ssl.SSLSocketInputRecord.read(SSLSocketInputRecord.java:489)
	at java.base/sun.security.ssl.SSLSocketInputRecord.readHeader(SSLSocketInputRecord.java:483)
	at java.base/sun.security.ssl.SSLSocketInputRecord.bytesInCompletePacket(SSLSocketInputRecord.java:70)
	at java.base/sun.security.ssl.SSLSocketImpl.readApplicationRecord(SSLSocketImpl.java:1462)
	at java.base/sun.security.ssl.SSLSocketImpl$AppInputStream.read(SSLSocketImpl.java:1068)
	at com.mongodb.internal.connection.SocketStream.read(SocketStream.java:182)
	at com.mongodb.internal.connection.InternalStreamConnection.receiveResponseBuffers(InternalStreamConnection.java:829)
	... 4 common frames omitted
2025-04-18 19:52:36 INFO  org.mongodb.driver.cluster - Exception in monitor thread while connecting to server ac-kex050i-shard-00-02.6b69sb9.mongodb.net:27017
com.mongodb.MongoSocketException: ac-kex050i-shard-00-02.6b69sb9.mongodb.net: Temporary failure in name resolution
	at com.mongodb.internal.connection.ServerAddressHelper.getSocketAddresses(ServerAddressHelper.java:75)
	at com.mongodb.internal.connection.SocketStream.initializeSocket(SocketStream.java:100)
	at com.mongodb.internal.connection.SocketStream.open(SocketStream.java:79)
	at com.mongodb.internal.connection.InternalStreamConnection.open(InternalStreamConnection.java:233)
	at com.mongodb.internal.connection.DefaultServerMonitor$ServerMonitor.lookupServerDescription(DefaultServerMonitor.java:219)
	at com.mongodb.internal.connection.DefaultServerMonitor$ServerMonitor.run(DefaultServerMonitor.java:176)
Caused by: java.net.UnknownHostException: ac-kex050i-shard-00-02.6b69sb9.mongodb.net: Temporary failure in name resolution
	at java.base/java.net.Inet6AddressImpl.lookupAllHostAddr(Native Method)
	at java.base/java.net.Inet6AddressImpl.lookupAllHostAddr(Inet6AddressImpl.java:52)
	at java.base/java.net.InetAddress$PlatformResolver.lookupByName(InetAddress.java:1221)
	at java.base/java.net.InetAddress.getAddressesFromNameService(InetAddress.java:1817)
	at java.base/java.net.InetAddress$NameServiceAddresses.get(InetAddress.java:1149)
	at java.base/java.net.InetAddress.getAllByName0(InetAddress.java:1807)
	at java.base/java.net.InetAddress.getAllByName(InetAddress.java:1676)
	at com.mongodb.internal.connection.DefaultInetAddressResolver.lookupByName(DefaultInetAddressResolver.java:34)
	at com.mongodb.internal.connection.ServerAddressHelper.getSocketAddresses(ServerAddressHelper.java:71)
	... 5 common frames omitted
2025-04-18 19:56:21 INFO  org.mongodb.driver.cluster - Monitor thread successfully connected to server with description ServerDescription{address=ac-kex050i-shard-00-01.6b69sb9.mongodb.net:27017, type=REPLICA_SET_SECONDARY, cryptd=false, state=CONNECTED, ok=true, minWireVersion=0, maxWireVersion=25, maxDocumentSize=16777216, logicalSessionTimeoutMinutes=30, roundTripTimeNanos=314298980, minRoundTripTimeNanos=0, setName='atlas-kry611-shard-0', canonicalAddress=ac-kex050i-shard-00-01.6b69sb9.mongodb.net:27017, hosts=[ac-kex050i-shard-00-02.6b69sb9.mongodb.net:27017, ac-kex050i-shard-00-01.6b69sb9.mongodb.net:27017, ac-kex050i-shard-00-00.6b69sb9.mongodb.net:27017], passives=[], arbiters=[], primary='ac-kex050i-shard-00-02.6b69sb9.mongodb.net:27017', tagSet=TagSet{[Tag{name='availabilityZone', value='aps1-az3'}, Tag{name='diskState', value='READY'}, Tag{name='nodeType', value='ELECTABLE'}, Tag{name='provider', value='AWS'}, Tag{name='region', value='AP_SOUTH_1'}, Tag{name='workloadType', value='OPERATIONAL'}]}, electionId=null, setVersion=1, topologyVersion=TopologyVersion{processId=67f95a88e18c31e0b3801de8, counter=3}, lastWriteDate=Fri Apr 18 19:56:15 GMT+05:45 2025, lastUpdateTimeNanos=18085649771405}
2025-04-18 19:56:21 INFO  org.mongodb.driver.cluster - Monitor thread successfully connected to server with description ServerDescription{address=ac-kex050i-shard-00-00.6b69sb9.mongodb.net:27017, type=REPLICA_SET_SECONDARY, cryptd=false, state=CONNECTED, ok=true, minWireVersion=0, maxWireVersion=25, maxDocumentSize=16777216, logicalSessionTimeoutMinutes=30, roundTripTimeNanos=331431609, minRoundTripTimeNanos=0, setName='atlas-kry611-shard-0', canonicalAddress=ac-kex050i-shard-00-00.6b69sb9.mongodb.net:27017, hosts=[ac-kex050i-shard-00-02.6b69sb9.mongodb.net:27017, ac-kex050i-shard-00-01.6b69sb9.mongodb.net:27017, ac-kex050i-shard-00-00.6b69sb9.mongodb.net:27017], passives=[], arbiters=[], primary='ac-kex050i-shard-00-02.6b69sb9.mongodb.net:27017', tagSet=TagSet{[Tag{name='availabilityZone', value='aps1-az1'}, Tag{name='diskState', value='READY'}, Tag{name='nodeType', value='ELECTABLE'}, Tag{name='provider', value='AWS'}, Tag{name='region', value='AP_SOUTH_1'}, Tag{name='workloadType', value='OPERATIONAL'}]}, electionId=null, setVersion=1, topologyVersion=TopologyVersion{processId=67f957c96e7bebcebef83be4, counter=4}, lastWriteDate=Fri Apr 18 19:56:15 GMT+05:45 2025, lastUpdateTimeNanos=18085776092387}
2025-04-18 19:56:21 INFO  org.mongodb.driver.cluster - Monitor thread successfully connected to server with description ServerDescription{address=ac-kex050i-shard-00-02.6b69sb9.mongodb.net:27017, type=REPLICA_SET_PRIMARY, cryptd=false, state=CONNECTED, ok=true, minWireVersion=0, maxWireVersion=25, maxDocumentSize=16777216, logicalSessionTimeoutMinutes=30, roundTripTimeNanos=359107972, minRoundTripTimeNanos=0, setName='atlas-kry611-shard-0', canonicalAddress=ac-kex050i-shard-00-02.6b69sb9.mongodb.net:27017, hosts=[ac-kex050i-shard-00-02.6b69sb9.mongodb.net:27017, ac-kex050i-shard-00-01.6b69sb9.mongodb.net:27017, ac-kex050i-shard-00-00.6b69sb9.mongodb.net:27017], passives=[], arbiters=[], primary='ac-kex050i-shard-00-02.6b69sb9.mongodb.net:27017', tagSet=TagSet{[Tag{name='availabilityZone', value='aps1-az2'}, Tag{name='diskState', value='READY'}, Tag{name='nodeType', value='ELECTABLE'}, Tag{name='provider', value='AWS'}, Tag{name='region', value='AP_SOUTH_1'}, Tag{name='workloadType', value='OPERATIONAL'}]}, electionId=7fffffff0000000000000009, setVersion=1, topologyVersion=TopologyVersion{processId=67f95943868877c2c3e82ebb, counter=6}, lastWriteDate=Fri Apr 18 19:56:15 GMT+05:45 2025, lastUpdateTimeNanos=18085935108266}
2025-04-18 19:56:21 INFO  org.mongodb.driver.cluster - Discovered replica set primary ac-kex050i-shard-00-02.6b69sb9.mongodb.net:27017 with max election id 7fffffff0000000000000009 and max set version 1
2025-04-18 19:56:51 INFO  org.mongodb.driver.cluster - Exception in monitor thread while connecting to server ac-kex050i-shard-00-01.6b69sb9.mongodb.net:27017
com.mongodb.MongoSocketReadTimeoutException: Timeout while receiving message
	at com.mongodb.internal.connection.InternalStreamConnection.createReadTimeoutException(InternalStreamConnection.java:824)
	at com.mongodb.internal.connection.InternalStreamConnection.translateReadException(InternalStreamConnection.java:812)
	at com.mongodb.internal.connection.InternalStreamConnection.receiveResponseBuffers(InternalStreamConnection.java:862)
	at com.mongodb.internal.connection.InternalStreamConnection.receiveCommandMessageResponse(InternalStreamConnection.java:517)
	at com.mongodb.internal.connection.InternalStreamConnection.receive(InternalStreamConnection.java:469)
	at com.mongodb.internal.connection.DefaultServerMonitor$ServerMonitor.lookupServerDescription(DefaultServerMonitor.java:249)
	at com.mongodb.internal.connection.DefaultServerMonitor$ServerMonitor.run(DefaultServerMonitor.java:176)
Caused by: java.net.SocketTimeoutException: Read timed out
	at java.base/sun.nio.ch.NioSocketImpl.timedRead(NioSocketImpl.java:278)
	at java.base/sun.nio.ch.NioSocketImpl.implRead(NioSocketImpl.java:304)
	at java.base/sun.nio.ch.NioSocketImpl.read(NioSocketImpl.java:346)
	at java.base/sun.nio.ch.NioSocketImpl$1.read(NioSocketImpl.java:796)
	at java.base/java.net.Socket$SocketInputStream.implRead(Socket.java:1116)
	at java.base/java.net.Socket$SocketInputStream.read(Socket.java:1103)
	at java.base/sun.security.ssl.SSLSocketInputRecord.read(SSLSocketInputRecord.java:489)
	at java.base/sun.security.ssl.SSLSocketInputRecord.readHeader(SSLSocketInputRecord.java:483)
	at java.base/sun.security.ssl.SSLSocketInputRecord.bytesInCompletePacket(SSLSocketInputRecord.java:70)
	at java.base/sun.security.ssl.SSLSocketImpl.readApplicationRecord(SSLSocketImpl.java:1462)
	at java.base/sun.security.ssl.SSLSocketImpl$AppInputStream.read(SSLSocketImpl.java:1068)
	at com.mongodb.internal.connection.SocketStream.read(SocketStream.java:182)
	at com.mongodb.internal.connection.InternalStreamConnection.receiveResponseBuffers(InternalStreamConnection.java:829)
	... 4 common frames omitted
2025-04-18 19:56:51 INFO  org.mongodb.driver.cluster - Exception in monitor thread while connecting to server ac-kex050i-shard-00-01.6b69sb9.mongodb.net:27017
com.mongodb.MongoSocketException: ac-kex050i-shard-00-01.6b69sb9.mongodb.net: Temporary failure in name resolution
	at com.mongodb.internal.connection.ServerAddressHelper.getSocketAddresses(ServerAddressHelper.java:75)
	at com.mongodb.internal.connection.SocketStream.initializeSocket(SocketStream.java:100)
	at com.mongodb.internal.connection.SocketStream.open(SocketStream.java:79)
	at com.mongodb.internal.connection.InternalStreamConnection.open(InternalStreamConnection.java:233)
	at com.mongodb.internal.connection.DefaultServerMonitor$ServerMonitor.lookupServerDescription(DefaultServerMonitor.java:219)
	at com.mongodb.internal.connection.DefaultServerMonitor$ServerMonitor.run(DefaultServerMonitor.java:176)
Caused by: java.net.UnknownHostException: ac-kex050i-shard-00-01.6b69sb9.mongodb.net: Temporary failure in name resolution
	at java.base/java.net.Inet6AddressImpl.lookupAllHostAddr(Native Method)
	at java.base/java.net.Inet6AddressImpl.lookupAllHostAddr(Inet6AddressImpl.java:52)
	at java.base/java.net.InetAddress$PlatformResolver.lookupByName(InetAddress.java:1221)
	at java.base/java.net.InetAddress.getAddressesFromNameService(InetAddress.java:1817)
	at java.base/java.net.InetAddress$NameServiceAddresses.get(InetAddress.java:1149)
	at java.base/java.net.InetAddress.getAllByName0(InetAddress.java:1807)
	at java.base/java.net.InetAddress.getAllByName(InetAddress.java:1676)
	at com.mongodb.internal.connection.DefaultInetAddressResolver.lookupByName(DefaultInetAddressResolver.java:34)
	at com.mongodb.internal.connection.ServerAddressHelper.getSocketAddresses(ServerAddressHelper.java:71)
	... 5 common frames omitted
2025-04-18 19:56:51 INFO  org.mongodb.driver.cluster - Exception in monitor thread while connecting to server ac-kex050i-shard-00-00.6b69sb9.mongodb.net:27017
com.mongodb.MongoSocketReadTimeoutException: Timeout while receiving message
	at com.mongodb.internal.connection.InternalStreamConnection.createReadTimeoutException(InternalStreamConnection.java:824)
	at com.mongodb.internal.connection.InternalStreamConnection.translateReadException(InternalStreamConnection.java:812)
	at com.mongodb.internal.connection.InternalStreamConnection.receiveResponseBuffers(InternalStreamConnection.java:862)
	at com.mongodb.internal.connection.InternalStreamConnection.receiveCommandMessageResponse(InternalStreamConnection.java:517)
	at com.mongodb.internal.connection.InternalStreamConnection.receive(InternalStreamConnection.java:469)
	at com.mongodb.internal.connection.DefaultServerMonitor$ServerMonitor.lookupServerDescription(DefaultServerMonitor.java:249)
	at com.mongodb.internal.connection.DefaultServerMonitor$ServerMonitor.run(DefaultServerMonitor.java:176)
Caused by: java.net.SocketTimeoutException: Read timed out
	at java.base/sun.nio.ch.NioSocketImpl.timedRead(NioSocketImpl.java:278)
	at java.base/sun.nio.ch.NioSocketImpl.implRead(NioSocketImpl.java:304)
	at java.base/sun.nio.ch.NioSocketImpl.read(NioSocketImpl.java:346)
	at java.base/sun.nio.ch.NioSocketImpl$1.read(NioSocketImpl.java:796)
	at java.base/java.net.Socket$SocketInputStream.implRead(Socket.java:1116)
	at java.base/java.net.Socket$SocketInputStream.read(Socket.java:1103)
	at java.base/sun.security.ssl.SSLSocketInputRecord.read(SSLSocketInputRecord.java:489)
	at java.base/sun.security.ssl.SSLSocketInputRecord.readHeader(SSLSocketInputRecord.java:483)
	at java.base/sun.security.ssl.SSLSocketInputRecord.bytesInCompletePacket(SSLSocketInputRecord.java:70)
	at java.base/sun.security.ssl.SSLSocketImpl.readApplicationRecord(SSLSocketImpl.java:1462)
	at java.base/sun.security.ssl.SSLSocketImpl$AppInputStream.read(SSLSocketImpl.java:1068)
	at com.mongodb.internal.connection.SocketStream.read(SocketStream.java:182)
	at com.mongodb.internal.connection.InternalStreamConnection.receiveResponseBuffers(InternalStreamConnection.java:829)
	... 4 common frames omitted
2025-04-18 19:56:51 INFO  org.mongodb.driver.cluster - Exception in monitor thread while connecting to server ac-kex050i-shard-00-00.6b69sb9.mongodb.net:27017
com.mongodb.MongoSocketException: ac-kex050i-shard-00-00.6b69sb9.mongodb.net: Temporary failure in name resolution
	at com.mongodb.internal.connection.ServerAddressHelper.getSocketAddresses(ServerAddressHelper.java:75)
	at com.mongodb.internal.connection.SocketStream.initializeSocket(SocketStream.java:100)
	at com.mongodb.internal.connection.SocketStream.open(SocketStream.java:79)
	at com.mongodb.internal.connection.InternalStreamConnection.open(InternalStreamConnection.java:233)
	at com.mongodb.internal.connection.DefaultServerMonitor$ServerMonitor.lookupServerDescription(DefaultServerMonitor.java:219)
	at com.mongodb.internal.connection.DefaultServerMonitor$ServerMonitor.run(DefaultServerMonitor.java:176)
Caused by: java.net.UnknownHostException: ac-kex050i-shard-00-00.6b69sb9.mongodb.net: Temporary failure in name resolution
	at java.base/java.net.Inet6AddressImpl.lookupAllHostAddr(Native Method)
	at java.base/java.net.Inet6AddressImpl.lookupAllHostAddr(Inet6AddressImpl.java:52)
	at java.base/java.net.InetAddress$PlatformResolver.lookupByName(InetAddress.java:1221)
	at java.base/java.net.InetAddress.getAddressesFromNameService(InetAddress.java:1817)
	at java.base/java.net.InetAddress$NameServiceAddresses.get(InetAddress.java:1149)
	at java.base/java.net.InetAddress.getAllByName0(InetAddress.java:1807)
	at java.base/java.net.InetAddress.getAllByName(InetAddress.java:1676)
	at com.mongodb.internal.connection.DefaultInetAddressResolver.lookupByName(DefaultInetAddressResolver.java:34)
	at com.mongodb.internal.connection.ServerAddressHelper.getSocketAddresses(ServerAddressHelper.java:71)
	... 5 common frames omitted
2025-04-18 19:56:52 INFO  org.mongodb.driver.cluster - Exception in monitor thread while connecting to server ac-kex050i-shard-00-02.6b69sb9.mongodb.net:27017
com.mongodb.MongoSocketReadTimeoutException: Timeout while receiving message
	at com.mongodb.internal.connection.InternalStreamConnection.createReadTimeoutException(InternalStreamConnection.java:824)
	at com.mongodb.internal.connection.InternalStreamConnection.translateReadException(InternalStreamConnection.java:812)
	at com.mongodb.internal.connection.InternalStreamConnection.receiveResponseBuffers(InternalStreamConnection.java:862)
	at com.mongodb.internal.connection.InternalStreamConnection.receiveCommandMessageResponse(InternalStreamConnection.java:517)
	at com.mongodb.internal.connection.InternalStreamConnection.receive(InternalStreamConnection.java:469)
	at com.mongodb.internal.connection.DefaultServerMonitor$ServerMonitor.lookupServerDescription(DefaultServerMonitor.java:249)
	at com.mongodb.internal.connection.DefaultServerMonitor$ServerMonitor.run(DefaultServerMonitor.java:176)
Caused by: java.net.SocketTimeoutException: Read timed out
	at java.base/sun.nio.ch.NioSocketImpl.timedRead(NioSocketImpl.java:278)
	at java.base/sun.nio.ch.NioSocketImpl.implRead(NioSocketImpl.java:304)
	at java.base/sun.nio.ch.NioSocketImpl.read(NioSocketImpl.java:346)
	at java.base/sun.nio.ch.NioSocketImpl$1.read(NioSocketImpl.java:796)
	at java.base/java.net.Socket$SocketInputStream.implRead(Socket.java:1116)
	at java.base/java.net.Socket$SocketInputStream.read(Socket.java:1103)
	at java.base/sun.security.ssl.SSLSocketInputRecord.read(SSLSocketInputRecord.java:489)
	at java.base/sun.security.ssl.SSLSocketInputRecord.readHeader(SSLSocketInputRecord.java:483)
	at java.base/sun.security.ssl.SSLSocketInputRecord.bytesInCompletePacket(SSLSocketInputRecord.java:70)
	at java.base/sun.security.ssl.SSLSocketImpl.readApplicationRecord(SSLSocketImpl.java:1462)
	at java.base/sun.security.ssl.SSLSocketImpl$AppInputStream.read(SSLSocketImpl.java:1068)
	at com.mongodb.internal.connection.SocketStream.read(SocketStream.java:182)
	at com.mongodb.internal.connection.InternalStreamConnection.receiveResponseBuffers(InternalStreamConnection.java:829)
	... 4 common frames omitted
2025-04-18 19:56:52 INFO  org.mongodb.driver.cluster - Exception in monitor thread while connecting to server ac-kex050i-shard-00-02.6b69sb9.mongodb.net:27017
com.mongodb.MongoSocketException: ac-kex050i-shard-00-02.6b69sb9.mongodb.net: Temporary failure in name resolution
	at com.mongodb.internal.connection.ServerAddressHelper.getSocketAddresses(ServerAddressHelper.java:75)
	at com.mongodb.internal.connection.SocketStream.initializeSocket(SocketStream.java:100)
	at com.mongodb.internal.connection.SocketStream.open(SocketStream.java:79)
	at com.mongodb.internal.connection.InternalStreamConnection.open(InternalStreamConnection.java:233)
	at com.mongodb.internal.connection.DefaultServerMonitor$ServerMonitor.lookupServerDescription(DefaultServerMonitor.java:219)
	at com.mongodb.internal.connection.DefaultServerMonitor$ServerMonitor.run(DefaultServerMonitor.java:176)
Caused by: java.net.UnknownHostException: ac-kex050i-shard-00-02.6b69sb9.mongodb.net: Temporary failure in name resolution
	at java.base/java.net.Inet6AddressImpl.lookupAllHostAddr(Native Method)
	at java.base/java.net.Inet6AddressImpl.lookupAllHostAddr(Inet6AddressImpl.java:52)
	at java.base/java.net.InetAddress$PlatformResolver.lookupByName(InetAddress.java:1221)
	at java.base/java.net.InetAddress.getAddressesFromNameService(InetAddress.java:1817)
	at java.base/java.net.InetAddress$NameServiceAddresses.get(InetAddress.java:1149)
	at java.base/java.net.InetAddress.getAllByName0(InetAddress.java:1807)
	at java.base/java.net.InetAddress.getAllByName(InetAddress.java:1676)
	at com.mongodb.internal.connection.DefaultInetAddressResolver.lookupByName(DefaultInetAddressResolver.java:34)
	at com.mongodb.internal.connection.ServerAddressHelper.getSocketAddresses(ServerAddressHelper.java:71)
	... 5 common frames omitted
2025-04-18 19:57:01 INFO  org.mongodb.driver.cluster - Monitor thread successfully connected to server with description ServerDescription{address=ac-kex050i-shard-00-01.6b69sb9.mongodb.net:27017, type=REPLICA_SET_SECONDARY, cryptd=false, state=CONNECTED, ok=true, minWireVersion=0, maxWireVersion=25, maxDocumentSize=16777216, logicalSessionTimeoutMinutes=30, roundTripTimeNanos=145815673, minRoundTripTimeNanos=0, setName='atlas-kry611-shard-0', canonicalAddress=ac-kex050i-shard-00-01.6b69sb9.mongodb.net:27017, hosts=[ac-kex050i-shard-00-02.6b69sb9.mongodb.net:27017, ac-kex050i-shard-00-01.6b69sb9.mongodb.net:27017, ac-kex050i-shard-00-00.6b69sb9.mongodb.net:27017], passives=[], arbiters=[], primary='ac-kex050i-shard-00-02.6b69sb9.mongodb.net:27017', tagSet=TagSet{[Tag{name='availabilityZone', value='aps1-az3'}, Tag{name='diskState', value='READY'}, Tag{name='nodeType', value='ELECTABLE'}, Tag{name='provider', value='AWS'}, Tag{name='region', value='AP_SOUTH_1'}, Tag{name='workloadType', value='OPERATIONAL'}]}, electionId=null, setVersion=1, topologyVersion=TopologyVersion{processId=67f95a88e18c31e0b3801de8, counter=3}, lastWriteDate=Fri Apr 18 19:57:00 GMT+05:45 2025, lastUpdateTimeNanos=18126062417856}
2025-04-18 19:57:01 INFO  org.mongodb.driver.cluster - Monitor thread successfully connected to server with description ServerDescription{address=ac-kex050i-shard-00-00.6b69sb9.mongodb.net:27017, type=REPLICA_SET_SECONDARY, cryptd=false, state=CONNECTED, ok=true, minWireVersion=0, maxWireVersion=25, maxDocumentSize=16777216, logicalSessionTimeoutMinutes=30, roundTripTimeNanos=157084007, minRoundTripTimeNanos=0, setName='atlas-kry611-shard-0', canonicalAddress=ac-kex050i-shard-00-00.6b69sb9.mongodb.net:27017, hosts=[ac-kex050i-shard-00-02.6b69sb9.mongodb.net:27017, ac-kex050i-shard-00-01.6b69sb9.mongodb.net:27017, ac-kex050i-shard-00-00.6b69sb9.mongodb.net:27017], passives=[], arbiters=[], primary='ac-kex050i-shard-00-02.6b69sb9.mongodb.net:27017', tagSet=TagSet{[Tag{name='availabilityZone', value='aps1-az1'}, Tag{name='diskState', value='READY'}, Tag{name='nodeType', value='ELECTABLE'}, Tag{name='provider', value='AWS'}, Tag{name='region', value='AP_SOUTH_1'}, Tag{name='workloadType', value='OPERATIONAL'}]}, electionId=null, setVersion=1, topologyVersion=TopologyVersion{processId=67f957c96e7bebcebef83be4, counter=4}, lastWriteDate=Fri Apr 18 19:57:00 GMT+05:45 2025, lastUpdateTimeNanos=18126230184581}
2025-04-18 19:57:02 INFO  org.mongodb.driver.cluster - Monitor thread successfully connected to server with description ServerDescription{address=ac-kex050i-shard-00-02.6b69sb9.mongodb.net:27017, type=REPLICA_SET_PRIMARY, cryptd=false, state=CONNECTED, ok=true, minWireVersion=0, maxWireVersion=25, maxDocumentSize=16777216, logicalSessionTimeoutMinutes=30, roundTripTimeNanos=122186229, minRoundTripTimeNanos=0, setName='atlas-kry611-shard-0', canonicalAddress=ac-kex050i-shard-00-02.6b69sb9.mongodb.net:27017, hosts=[ac-kex050i-shard-00-02.6b69sb9.mongodb.net:27017, ac-kex050i-shard-00-01.6b69sb9.mongodb.net:27017, ac-kex050i-shard-00-00.6b69sb9.mongodb.net:27017], passives=[], arbiters=[], primary='ac-kex050i-shard-00-02.6b69sb9.mongodb.net:27017', tagSet=TagSet{[Tag{name='availabilityZone', value='aps1-az2'}, Tag{name='diskState', value='READY'}, Tag{name='nodeType', value='ELECTABLE'}, Tag{name='provider', value='AWS'}, Tag{name='region', value='AP_SOUTH_1'}, Tag{name='workloadType', value='OPERATIONAL'}]}, electionId=7fffffff0000000000000009, setVersion=1, topologyVersion=TopologyVersion{processId=67f95943868877c2c3e82ebb, counter=6}, lastWriteDate=Fri Apr 18 19:57:00 GMT+05:45 2025, lastUpdateTimeNanos=18126622906216}
2025-04-18 19:57:02 INFO  org.mongodb.driver.cluster - Discovered replica set primary ac-kex050i-shard-00-02.6b69sb9.mongodb.net:27017 with max election id 7fffffff0000000000000009 and max set version 1
2025-04-18 19:58:31 INFO  org.mongodb.driver.cluster - Exception in monitor thread while connecting to server ac-kex050i-shard-00-01.6b69sb9.mongodb.net:27017
com.mongodb.MongoSocketReadTimeoutException: Timeout while receiving message
	at com.mongodb.internal.connection.InternalStreamConnection.createReadTimeoutException(InternalStreamConnection.java:824)
	at com.mongodb.internal.connection.InternalStreamConnection.translateReadException(InternalStreamConnection.java:812)
	at com.mongodb.internal.connection.InternalStreamConnection.receiveResponseBuffers(InternalStreamConnection.java:862)
	at com.mongodb.internal.connection.InternalStreamConnection.receiveCommandMessageResponse(InternalStreamConnection.java:517)
	at com.mongodb.internal.connection.InternalStreamConnection.receive(InternalStreamConnection.java:469)
	at com.mongodb.internal.connection.DefaultServerMonitor$ServerMonitor.lookupServerDescription(DefaultServerMonitor.java:249)
	at com.mongodb.internal.connection.DefaultServerMonitor$ServerMonitor.run(DefaultServerMonitor.java:176)
Caused by: java.net.SocketTimeoutException: Read timed out
	at java.base/sun.nio.ch.NioSocketImpl.timedRead(NioSocketImpl.java:278)
	at java.base/sun.nio.ch.NioSocketImpl.implRead(NioSocketImpl.java:304)
	at java.base/sun.nio.ch.NioSocketImpl.read(NioSocketImpl.java:346)
	at java.base/sun.nio.ch.NioSocketImpl$1.read(NioSocketImpl.java:796)
	at java.base/java.net.Socket$SocketInputStream.implRead(Socket.java:1116)
	at java.base/java.net.Socket$SocketInputStream.read(Socket.java:1103)
	at java.base/sun.security.ssl.SSLSocketInputRecord.read(SSLSocketInputRecord.java:489)
	at java.base/sun.security.ssl.SSLSocketInputRecord.readHeader(SSLSocketInputRecord.java:483)
	at java.base/sun.security.ssl.SSLSocketInputRecord.bytesInCompletePacket(SSLSocketInputRecord.java:70)
	at java.base/sun.security.ssl.SSLSocketImpl.readApplicationRecord(SSLSocketImpl.java:1462)
	at java.base/sun.security.ssl.SSLSocketImpl$AppInputStream.read(SSLSocketImpl.java:1068)
	at com.mongodb.internal.connection.SocketStream.read(SocketStream.java:182)
	at com.mongodb.internal.connection.InternalStreamConnection.receiveResponseBuffers(InternalStreamConnection.java:829)
	... 4 common frames omitted
2025-04-18 19:58:32 INFO  org.mongodb.driver.cluster - Exception in monitor thread while connecting to server ac-kex050i-shard-00-00.6b69sb9.mongodb.net:27017
com.mongodb.MongoSocketReadTimeoutException: Timeout while receiving message
	at com.mongodb.internal.connection.InternalStreamConnection.createReadTimeoutException(InternalStreamConnection.java:824)
	at com.mongodb.internal.connection.InternalStreamConnection.translateReadException(InternalStreamConnection.java:812)
	at com.mongodb.internal.connection.InternalStreamConnection.receiveResponseBuffers(InternalStreamConnection.java:862)
	at com.mongodb.internal.connection.InternalStreamConnection.receiveCommandMessageResponse(InternalStreamConnection.java:517)
	at com.mongodb.internal.connection.InternalStreamConnection.receive(InternalStreamConnection.java:469)
	at com.mongodb.internal.connection.DefaultServerMonitor$ServerMonitor.lookupServerDescription(DefaultServerMonitor.java:249)
	at com.mongodb.internal.connection.DefaultServerMonitor$ServerMonitor.run(DefaultServerMonitor.java:176)
Caused by: java.net.SocketTimeoutException: Read timed out
	at java.base/sun.nio.ch.NioSocketImpl.timedRead(NioSocketImpl.java:278)
	at java.base/sun.nio.ch.NioSocketImpl.implRead(NioSocketImpl.java:304)
	at java.base/sun.nio.ch.NioSocketImpl.read(NioSocketImpl.java:346)
	at java.base/sun.nio.ch.NioSocketImpl$1.read(NioSocketImpl.java:796)
	at java.base/java.net.Socket$SocketInputStream.implRead(Socket.java:1116)
	at java.base/java.net.Socket$SocketInputStream.read(Socket.java:1103)
	at java.base/sun.security.ssl.SSLSocketInputRecord.read(SSLSocketInputRecord.java:489)
	at java.base/sun.security.ssl.SSLSocketInputRecord.readHeader(SSLSocketInputRecord.java:483)
	at java.base/sun.security.ssl.SSLSocketInputRecord.bytesInCompletePacket(SSLSocketInputRecord.java:70)
	at java.base/sun.security.ssl.SSLSocketImpl.readApplicationRecord(SSLSocketImpl.java:1462)
	at java.base/sun.security.ssl.SSLSocketImpl$AppInputStream.read(SSLSocketImpl.java:1068)
	at com.mongodb.internal.connection.SocketStream.read(SocketStream.java:182)
	at com.mongodb.internal.connection.InternalStreamConnection.receiveResponseBuffers(InternalStreamConnection.java:829)
	... 4 common frames omitted
2025-04-18 19:58:32 INFO  org.mongodb.driver.cluster - Exception in monitor thread while connecting to server ac-kex050i-shard-00-02.6b69sb9.mongodb.net:27017
com.mongodb.MongoSocketReadTimeoutException: Timeout while receiving message
	at com.mongodb.internal.connection.InternalStreamConnection.createReadTimeoutException(InternalStreamConnection.java:824)
	at com.mongodb.internal.connection.InternalStreamConnection.translateReadException(InternalStreamConnection.java:812)
	at com.mongodb.internal.connection.InternalStreamConnection.receiveResponseBuffers(InternalStreamConnection.java:862)
	at com.mongodb.internal.connection.InternalStreamConnection.receiveCommandMessageResponse(InternalStreamConnection.java:517)
	at com.mongodb.internal.connection.InternalStreamConnection.receive(InternalStreamConnection.java:469)
	at com.mongodb.internal.connection.DefaultServerMonitor$ServerMonitor.lookupServerDescription(DefaultServerMonitor.java:249)
	at com.mongodb.internal.connection.DefaultServerMonitor$ServerMonitor.run(DefaultServerMonitor.java:176)
Caused by: java.net.SocketTimeoutException: Read timed out
	at java.base/sun.nio.ch.NioSocketImpl.timedRead(NioSocketImpl.java:278)
	at java.base/sun.nio.ch.NioSocketImpl.implRead(NioSocketImpl.java:304)
	at java.base/sun.nio.ch.NioSocketImpl.read(NioSocketImpl.java:346)
	at java.base/sun.nio.ch.NioSocketImpl$1.read(NioSocketImpl.java:796)
	at java.base/java.net.Socket$SocketInputStream.implRead(Socket.java:1116)
	at java.base/java.net.Socket$SocketInputStream.read(Socket.java:1103)
	at java.base/sun.security.ssl.SSLSocketInputRecord.read(SSLSocketInputRecord.java:489)
	at java.base/sun.security.ssl.SSLSocketInputRecord.readHeader(SSLSocketInputRecord.java:483)
	at java.base/sun.security.ssl.SSLSocketInputRecord.bytesInCompletePacket(SSLSocketInputRecord.java:70)
	at java.base/sun.security.ssl.SSLSocketImpl.readApplicationRecord(SSLSocketImpl.java:1462)
	at java.base/sun.security.ssl.SSLSocketImpl$AppInputStream.read(SSLSocketImpl.java:1068)
	at com.mongodb.internal.connection.SocketStream.read(SocketStream.java:182)
	at com.mongodb.internal.connection.InternalStreamConnection.receiveResponseBuffers(InternalStreamConnection.java:829)
	... 4 common frames omitted
2025-04-18 19:58:48 INFO  org.mongodb.driver.cluster - Exception in monitor thread while connecting to server ac-kex050i-shard-00-00.6b69sb9.mongodb.net:27017
com.mongodb.MongoSocketException: ac-kex050i-shard-00-00.6b69sb9.mongodb.net
	at com.mongodb.internal.connection.ServerAddressHelper.getSocketAddresses(ServerAddressHelper.java:75)
	at com.mongodb.internal.connection.SocketStream.initializeSocket(SocketStream.java:100)
	at com.mongodb.internal.connection.SocketStream.open(SocketStream.java:79)
	at com.mongodb.internal.connection.InternalStreamConnection.open(InternalStreamConnection.java:233)
	at com.mongodb.internal.connection.DefaultServerMonitor$ServerMonitor.lookupServerDescription(DefaultServerMonitor.java:219)
	at com.mongodb.internal.connection.DefaultServerMonitor$ServerMonitor.run(DefaultServerMonitor.java:176)
Caused by: java.net.UnknownHostException: ac-kex050i-shard-00-00.6b69sb9.mongodb.net
	at java.base/java.net.InetAddress$CachedLookup.get(InetAddress.java:998)
	at java.base/java.net.InetAddress$NameServiceAddresses.get(InetAddress.java:1201)
	at java.base/java.net.InetAddress.getAllByName0(InetAddress.java:1807)
	at java.base/java.net.InetAddress.getAllByName(InetAddress.java:1676)
	at com.mongodb.internal.connection.DefaultInetAddressResolver.lookupByName(DefaultInetAddressResolver.java:34)
	at com.mongodb.internal.connection.ServerAddressHelper.getSocketAddresses(ServerAddressHelper.java:71)
	... 5 common frames omitted
2025-04-18 19:58:51 INFO  org.mongodb.driver.cluster - Exception in monitor thread while connecting to server ac-kex050i-shard-00-01.6b69sb9.mongodb.net:27017
com.mongodb.MongoSocketException: ac-kex050i-shard-00-01.6b69sb9.mongodb.net: Temporary failure in name resolution
	at com.mongodb.internal.connection.ServerAddressHelper.getSocketAddresses(ServerAddressHelper.java:75)
	at com.mongodb.internal.connection.SocketStream.initializeSocket(SocketStream.java:100)
	at com.mongodb.internal.connection.SocketStream.open(SocketStream.java:79)
	at com.mongodb.internal.connection.InternalStreamConnection.open(InternalStreamConnection.java:233)
	at com.mongodb.internal.connection.DefaultServerMonitor$ServerMonitor.lookupServerDescription(DefaultServerMonitor.java:219)
	at com.mongodb.internal.connection.DefaultServerMonitor$ServerMonitor.run(DefaultServerMonitor.java:176)
Caused by: java.net.UnknownHostException: ac-kex050i-shard-00-01.6b69sb9.mongodb.net: Temporary failure in name resolution
	at java.base/java.net.Inet6AddressImpl.lookupAllHostAddr(Native Method)
	at java.base/java.net.Inet6AddressImpl.lookupAllHostAddr(Inet6AddressImpl.java:52)
	at java.base/java.net.InetAddress$PlatformResolver.lookupByName(InetAddress.java:1221)
	at java.base/java.net.InetAddress.getAddressesFromNameService(InetAddress.java:1817)
	at java.base/java.net.InetAddress$NameServiceAddresses.get(InetAddress.java:1149)
	at java.base/java.net.InetAddress.getAllByName0(InetAddress.java:1807)
	at java.base/java.net.InetAddress.getAllByName(InetAddress.java:1676)
	at com.mongodb.internal.connection.DefaultInetAddressResolver.lookupByName(DefaultInetAddressResolver.java:34)
	at com.mongodb.internal.connection.ServerAddressHelper.getSocketAddresses(ServerAddressHelper.java:71)
	... 5 common frames omitted
2025-04-18 19:58:52 INFO  org.mongodb.driver.cluster - Exception in monitor thread while connecting to server ac-kex050i-shard-00-02.6b69sb9.mongodb.net:27017
com.mongodb.MongoSocketException: ac-kex050i-shard-00-02.6b69sb9.mongodb.net: Temporary failure in name resolution
	at com.mongodb.internal.connection.ServerAddressHelper.getSocketAddresses(ServerAddressHelper.java:75)
	at com.mongodb.internal.connection.SocketStream.initializeSocket(SocketStream.java:100)
	at com.mongodb.internal.connection.SocketStream.open(SocketStream.java:79)
	at com.mongodb.internal.connection.InternalStreamConnection.open(InternalStreamConnection.java:233)
	at com.mongodb.internal.connection.DefaultServerMonitor$ServerMonitor.lookupServerDescription(DefaultServerMonitor.java:219)
	at com.mongodb.internal.connection.DefaultServerMonitor$ServerMonitor.run(DefaultServerMonitor.java:176)
Caused by: java.net.UnknownHostException: ac-kex050i-shard-00-02.6b69sb9.mongodb.net: Temporary failure in name resolution
	at java.base/java.net.Inet6AddressImpl.lookupAllHostAddr(Native Method)
	at java.base/java.net.Inet6AddressImpl.lookupAllHostAddr(Inet6AddressImpl.java:52)
	at java.base/java.net.InetAddress$PlatformResolver.lookupByName(InetAddress.java:1221)
	at java.base/java.net.InetAddress.getAddressesFromNameService(InetAddress.java:1817)
	at java.base/java.net.InetAddress$NameServiceAddresses.get(InetAddress.java:1149)
	at java.base/java.net.InetAddress.getAllByName0(InetAddress.java:1807)
	at java.base/java.net.InetAddress.getAllByName(InetAddress.java:1676)
	at com.mongodb.internal.connection.DefaultInetAddressResolver.lookupByName(DefaultInetAddressResolver.java:34)
	at com.mongodb.internal.connection.ServerAddressHelper.getSocketAddresses(ServerAddressHelper.java:71)
	... 5 common frames omitted
2025-04-18 19:59:09 INFO  org.mongodb.driver.cluster - Monitor thread successfully connected to server with description ServerDescription{address=ac-kex050i-shard-00-00.6b69sb9.mongodb.net:27017, type=REPLICA_SET_SECONDARY, cryptd=false, state=CONNECTED, ok=true, minWireVersion=0, maxWireVersion=25, maxDocumentSize=16777216, logicalSessionTimeoutMinutes=30, roundTripTimeNanos=1782653284, minRoundTripTimeNanos=0, setName='atlas-kry611-shard-0', canonicalAddress=ac-kex050i-shard-00-00.6b69sb9.mongodb.net:27017, hosts=[ac-kex050i-shard-00-02.6b69sb9.mongodb.net:27017, ac-kex050i-shard-00-01.6b69sb9.mongodb.net:27017, ac-kex050i-shard-00-00.6b69sb9.mongodb.net:27017], passives=[], arbiters=[], primary='ac-kex050i-shard-00-02.6b69sb9.mongodb.net:27017', tagSet=TagSet{[Tag{name='availabilityZone', value='aps1-az1'}, Tag{name='diskState', value='READY'}, Tag{name='nodeType', value='ELECTABLE'}, Tag{name='provider', value='AWS'}, Tag{name='region', value='AP_SOUTH_1'}, Tag{name='workloadType', value='OPERATIONAL'}]}, electionId=null, setVersion=1, topologyVersion=TopologyVersion{processId=67f957c96e7bebcebef83be4, counter=4}, lastWriteDate=Fri Apr 18 19:59:08 GMT+05:45 2025, lastUpdateTimeNanos=18253535404042}
2025-04-18 19:59:10 INFO  org.mongodb.driver.cluster - Monitor thread successfully connected to server with description ServerDescription{address=ac-kex050i-shard-00-01.6b69sb9.mongodb.net:27017, type=REPLICA_SET_SECONDARY, cryptd=false, state=CONNECTED, ok=true, minWireVersion=0, maxWireVersion=25, maxDocumentSize=16777216, logicalSessionTimeoutMinutes=30, roundTripTimeNanos=3126986395, minRoundTripTimeNanos=0, setName='atlas-kry611-shard-0', canonicalAddress=ac-kex050i-shard-00-01.6b69sb9.mongodb.net:27017, hosts=[ac-kex050i-shard-00-02.6b69sb9.mongodb.net:27017, ac-kex050i-shard-00-01.6b69sb9.mongodb.net:27017, ac-kex050i-shard-00-00.6b69sb9.mongodb.net:27017], passives=[], arbiters=[], primary='ac-kex050i-shard-00-02.6b69sb9.mongodb.net:27017', tagSet=TagSet{[Tag{name='availabilityZone', value='aps1-az3'}, Tag{name='diskState', value='READY'}, Tag{name='nodeType', value='ELECTABLE'}, Tag{name='provider', value='AWS'}, Tag{name='region', value='AP_SOUTH_1'}, Tag{name='workloadType', value='OPERATIONAL'}]}, electionId=null, setVersion=1, topologyVersion=TopologyVersion{processId=67f95a88e18c31e0b3801de8, counter=3}, lastWriteDate=Fri Apr 18 19:59:08 GMT+05:45 2025, lastUpdateTimeNanos=18254471716090}
2025-04-18 19:59:10 INFO  org.mongodb.driver.cluster - Monitor thread successfully connected to server with description ServerDescription{address=ac-kex050i-shard-00-02.6b69sb9.mongodb.net:27017, type=REPLICA_SET_PRIMARY, cryptd=false, state=CONNECTED, ok=true, minWireVersion=0, maxWireVersion=25, maxDocumentSize=16777216, logicalSessionTimeoutMinutes=30, roundTripTimeNanos=247529905, minRoundTripTimeNanos=0, setName='atlas-kry611-shard-0', canonicalAddress=ac-kex050i-shard-00-02.6b69sb9.mongodb.net:27017, hosts=[ac-kex050i-shard-00-02.6b69sb9.mongodb.net:27017, ac-kex050i-shard-00-01.6b69sb9.mongodb.net:27017, ac-kex050i-shard-00-00.6b69sb9.mongodb.net:27017], passives=[], arbiters=[], primary='ac-kex050i-shard-00-02.6b69sb9.mongodb.net:27017', tagSet=TagSet{[Tag{name='availabilityZone', value='aps1-az2'}, Tag{name='diskState', value='READY'}, Tag{name='nodeType', value='ELECTABLE'}, Tag{name='provider', value='AWS'}, Tag{name='region', value='AP_SOUTH_1'}, Tag{name='workloadType', value='OPERATIONAL'}]}, electionId=7fffffff0000000000000009, setVersion=1, topologyVersion=TopologyVersion{processId=67f95943868877c2c3e82ebb, counter=6}, lastWriteDate=Fri Apr 18 19:59:08 GMT+05:45 2025, lastUpdateTimeNanos=18254532039593}
2025-04-18 19:59:10 INFO  org.mongodb.driver.cluster - Discovered replica set primary ac-kex050i-shard-00-02.6b69sb9.mongodb.net:27017 with max election id 7fffffff0000000000000009 and max set version 1
2025-04-18 20:01:45 INFO  o.s.b.w.e.tomcat.GracefulShutdown - Commencing graceful shutdown. Waiting for active requests to complete
2025-04-18 20:01:45 INFO  o.s.b.w.e.tomcat.GracefulShutdown - Graceful shutdown complete
2025-04-18 20:04:06 INFO  o.h.validator.internal.util.Version - HV000001: Hibernate Validator 8.0.2.Final
2025-04-18 20:04:06 INFO  m.d.journalApp.JournalAppApplication - Starting JournalAppApplication using Java 23.0.2 with PID 36043 (/home/malle/Project/journalApp/target/classes started by malle in /home/malle/Project/journalApp)
2025-04-18 20:04:06 INFO  m.d.journalApp.JournalAppApplication - The following 1 profile is active: "dev"
2025-04-18 20:04:07 INFO  o.s.d.r.c.RepositoryConfigurationDelegate - Multiple Spring Data modules found, entering strict repository configuration mode
2025-04-18 20:04:07 INFO  o.s.d.r.c.RepositoryConfigurationDelegate - Bootstrapping Spring Data MongoDB repositories in DEFAULT mode.
2025-04-18 20:04:07 INFO  o.s.d.r.c.RepositoryConfigurationDelegate - Finished Spring Data repository scanning in 250 ms. Found 3 MongoDB repository interfaces.
2025-04-18 20:04:07 INFO  o.s.d.r.c.RepositoryConfigurationDelegate - Multiple Spring Data modules found, entering strict repository configuration mode
2025-04-18 20:04:07 INFO  o.s.d.r.c.RepositoryConfigurationDelegate - Bootstrapping Spring Data Redis repositories in DEFAULT mode.
2025-04-18 20:04:07 INFO  o.s.d.r.c.RepositoryConfigurationExtensionSupport - Spring Data Redis - Could not safely identify store assignment for repository candidate interface malla.dipesh.journalApp.repository.ConfigJournalAppRepository; If you want this repository to be a Redis repository, consider annotating your entities with one of these annotations: org.springframework.data.redis.core.RedisHash (preferred), or consider extending one of the following types with your repository: org.springframework.data.keyvalue.repository.KeyValueRepository
2025-04-18 20:04:07 INFO  o.s.d.r.c.RepositoryConfigurationExtensionSupport - Spring Data Redis - Could not safely identify store assignment for repository candidate interface malla.dipesh.journalApp.repository.JournalEntryRepository; If you want this repository to be a Redis repository, consider annotating your entities with one of these annotations: org.springframework.data.redis.core.RedisHash (preferred), or consider extending one of the following types with your repository: org.springframework.data.keyvalue.repository.KeyValueRepository
2025-04-18 20:04:07 INFO  o.s.d.r.c.RepositoryConfigurationExtensionSupport - Spring Data Redis - Could not safely identify store assignment for repository candidate interface malla.dipesh.journalApp.repository.UserRepository; If you want this repository to be a Redis repository, consider annotating your entities with one of these annotations: org.springframework.data.redis.core.RedisHash (preferred), or consider extending one of the following types with your repository: org.springframework.data.keyvalue.repository.KeyValueRepository
2025-04-18 20:04:07 INFO  o.s.d.r.c.RepositoryConfigurationDelegate - Finished Spring Data repository scanning in 21 ms. Found 0 Redis repository interfaces.
2025-04-18 20:04:08 INFO  o.s.b.w.e.tomcat.TomcatWebServer - Tomcat initialized with port 8080 (http)
2025-04-18 20:04:08 INFO  o.a.coyote.http11.Http11NioProtocol - Initializing ProtocolHandler ["http-nio-8080"]
2025-04-18 20:04:08 INFO  o.a.catalina.core.StandardService - Starting service [Tomcat]
2025-04-18 20:04:08 INFO  o.a.catalina.core.StandardEngine - Starting Servlet engine: [Apache Tomcat/10.1.39]
2025-04-18 20:04:08 INFO  o.a.c.c.C.[Tomcat].[localhost].[/] - Initializing Spring embedded WebApplicationContext
2025-04-18 20:04:08 INFO  o.s.b.w.s.c.ServletWebServerApplicationContext - Root WebApplicationContext: initialization completed in 2429 ms
2025-04-18 20:04:08 INFO  org.mongodb.driver.client - MongoClient with metadata {"driver": {"name": "mongo-java-driver|sync|spring-boot", "version": "5.2.1"}, "os": {"type": "Linux", "name": "Linux", "architecture": "amd64", "version": "6.11.0-21-generic"}, "platform": "Java/Oracle Corporation/23.0.2+7-58"} created with settings MongoClientSettings{readPreference=primary, writeConcern=WriteConcern{w=majority, wTimeout=null ms, journal=null}, retryWrites=true, retryReads=true, readConcern=ReadConcern{level=null}, credential=MongoCredential{mechanism=null, userName='dipeshmallapub', source='admin', password=<hidden>, mechanismProperties=<hidden>}, transportSettings=null, commandListeners=[], codecRegistry=ProvidersCodecRegistry{codecProviders=[ValueCodecProvider{}, BsonValueCodecProvider{}, DBRefCodecProvider{}, DBObjectCodecProvider{}, DocumentCodecProvider{}, CollectionCodecProvider{}, IterableCodecProvider{}, MapCodecProvider{}, GeoJsonCodecProvider{}, GridFSFileCodecProvider{}, Jsr310CodecProvider{}, JsonObjectCodecProvider{}, BsonCodecProvider{}, EnumCodecProvider{}, com.mongodb.client.model.mql.ExpressionCodecProvider@123ca460, com.mongodb.Jep395RecordCodecProvider@11228bee, com.mongodb.KotlinCodecProvider@7d626f2]}, loggerSettings=LoggerSettings{maxDocumentLength=1000}, clusterSettings={hosts=[127.0.0.1:27017], srvHost=cluster0.6b69sb9.mongodb.net, srvServiceName=mongodb, mode=MULTIPLE, requiredClusterType=REPLICA_SET, requiredReplicaSetName='atlas-kry611-shard-0', serverSelector='null', clusterListeners='[]', serverSelectionTimeout='30000 ms', localThreshold='15 ms'}, socketSettings=SocketSettings{connectTimeoutMS=10000, readTimeoutMS=0, receiveBufferSize=0, proxySettings=ProxySettings{host=null, port=null, username=null, password=null}}, heartbeatSocketSettings=SocketSettings{connectTimeoutMS=10000, readTimeoutMS=10000, receiveBufferSize=0, proxySettings=ProxySettings{host=null, port=null, username=null, password=null}}, connectionPoolSettings=ConnectionPoolSettings{maxSize=100, minSize=0, maxWaitTimeMS=120000, maxConnectionLifeTimeMS=0, maxConnectionIdleTimeMS=0, maintenanceInitialDelayMS=0, maintenanceFrequencyMS=60000, connectionPoolListeners=[], maxConnecting=2}, serverSettings=ServerSettings{heartbeatFrequencyMS=10000, minHeartbeatFrequencyMS=500, serverMonitoringMode=AUTO, serverListeners='[]', serverMonitorListeners='[]'}, sslSettings=SslSettings{enabled=true, invalidHostNameAllowed=false, context=null}, applicationName='null', compressorList=[], uuidRepresentation=JAVA_LEGACY, serverApi=null, autoEncryptionSettings=null, dnsClient=null, inetAddressResolver=null, contextProvider=null, timeoutMS=null}
2025-04-18 20:04:09 INFO  org.mongodb.driver.cluster - Adding discovered server ac-kex050i-shard-00-02.6b69sb9.mongodb.net:27017 to client view of cluster
2025-04-18 20:04:09 INFO  org.mongodb.driver.cluster - Adding discovered server ac-kex050i-shard-00-00.6b69sb9.mongodb.net:27017 to client view of cluster
2025-04-18 20:04:09 INFO  org.mongodb.driver.cluster - Adding discovered server ac-kex050i-shard-00-01.6b69sb9.mongodb.net:27017 to client view of cluster
2025-04-18 20:04:09 INFO  org.mongodb.driver.cluster - Waiting for server to become available for operation with ID 5. Remaining time: 29988 ms. Selector: WritableServerSelector, topology description: {type=REPLICA_SET, servers=[{address=ac-kex050i-shard-00-00.6b69sb9.mongodb.net:27017, type=UNKNOWN, state=CONNECTING}, {address=ac-kex050i-shard-00-02.6b69sb9.mongodb.net:27017, type=UNKNOWN, state=CONNECTING}, {address=ac-kex050i-shard-00-01.6b69sb9.mongodb.net:27017, type=UNKNOWN, state=CONNECTING}].
2025-04-18 20:04:09 INFO  org.mongodb.driver.cluster - Monitor thread successfully connected to server with description ServerDescription{address=ac-kex050i-shard-00-00.6b69sb9.mongodb.net:27017, type=REPLICA_SET_SECONDARY, cryptd=false, state=CONNECTED, ok=true, minWireVersion=0, maxWireVersion=25, maxDocumentSize=16777216, logicalSessionTimeoutMinutes=30, roundTripTimeNanos=455997254, minRoundTripTimeNanos=0, setName='atlas-kry611-shard-0', canonicalAddress=ac-kex050i-shard-00-00.6b69sb9.mongodb.net:27017, hosts=[ac-kex050i-shard-00-02.6b69sb9.mongodb.net:27017, ac-kex050i-shard-00-01.6b69sb9.mongodb.net:27017, ac-kex050i-shard-00-00.6b69sb9.mongodb.net:27017], passives=[], arbiters=[], primary='ac-kex050i-shard-00-02.6b69sb9.mongodb.net:27017', tagSet=TagSet{[Tag{name='availabilityZone', value='aps1-az1'}, Tag{name='diskState', value='READY'}, Tag{name='nodeType', value='ELECTABLE'}, Tag{name='provider', value='AWS'}, Tag{name='region', value='AP_SOUTH_1'}, Tag{name='workloadType', value='OPERATIONAL'}]}, electionId=null, setVersion=1, topologyVersion=TopologyVersion{processId=67f957c96e7bebcebef83be4, counter=4}, lastWriteDate=Fri Apr 18 20:04:06 GMT+05:45 2025, lastUpdateTimeNanos=18554251824349}
2025-04-18 20:04:09 INFO  org.mongodb.driver.cluster - Monitor thread successfully connected to server with description ServerDescription{address=ac-kex050i-shard-00-01.6b69sb9.mongodb.net:27017, type=REPLICA_SET_SECONDARY, cryptd=false, state=CONNECTED, ok=true, minWireVersion=0, maxWireVersion=25, maxDocumentSize=16777216, logicalSessionTimeoutMinutes=30, roundTripTimeNanos=452685183, minRoundTripTimeNanos=0, setName='atlas-kry611-shard-0', canonicalAddress=ac-kex050i-shard-00-01.6b69sb9.mongodb.net:27017, hosts=[ac-kex050i-shard-00-02.6b69sb9.mongodb.net:27017, ac-kex050i-shard-00-01.6b69sb9.mongodb.net:27017, ac-kex050i-shard-00-00.6b69sb9.mongodb.net:27017], passives=[], arbiters=[], primary='ac-kex050i-shard-00-02.6b69sb9.mongodb.net:27017', tagSet=TagSet{[Tag{name='availabilityZone', value='aps1-az3'}, Tag{name='diskState', value='READY'}, Tag{name='nodeType', value='ELECTABLE'}, Tag{name='provider', value='AWS'}, Tag{name='region', value='AP_SOUTH_1'}, Tag{name='workloadType', value='OPERATIONAL'}]}, electionId=null, setVersion=1, topologyVersion=TopologyVersion{processId=67f95a88e18c31e0b3801de8, counter=3}, lastWriteDate=Fri Apr 18 20:04:06 GMT+05:45 2025, lastUpdateTimeNanos=18554251824413}
2025-04-18 20:04:09 INFO  org.mongodb.driver.cluster - Monitor thread successfully connected to server with description ServerDescription{address=ac-kex050i-shard-00-02.6b69sb9.mongodb.net:27017, type=REPLICA_SET_PRIMARY, cryptd=false, state=CONNECTED, ok=true, minWireVersion=0, maxWireVersion=25, maxDocumentSize=16777216, logicalSessionTimeoutMinutes=30, roundTripTimeNanos=455996065, minRoundTripTimeNanos=0, setName='atlas-kry611-shard-0', canonicalAddress=ac-kex050i-shard-00-02.6b69sb9.mongodb.net:27017, hosts=[ac-kex050i-shard-00-02.6b69sb9.mongodb.net:27017, ac-kex050i-shard-00-01.6b69sb9.mongodb.net:27017, ac-kex050i-shard-00-00.6b69sb9.mongodb.net:27017], passives=[], arbiters=[], primary='ac-kex050i-shard-00-02.6b69sb9.mongodb.net:27017', tagSet=TagSet{[Tag{name='availabilityZone', value='aps1-az2'}, Tag{name='diskState', value='READY'}, Tag{name='nodeType', value='ELECTABLE'}, Tag{name='provider', value='AWS'}, Tag{name='region', value='AP_SOUTH_1'}, Tag{name='workloadType', value='OPERATIONAL'}]}, electionId=7fffffff0000000000000009, setVersion=1, topologyVersion=TopologyVersion{processId=67f95943868877c2c3e82ebb, counter=6}, lastWriteDate=Fri Apr 18 20:04:06 GMT+05:45 2025, lastUpdateTimeNanos=18554251824499}
2025-04-18 20:04:09 INFO  org.mongodb.driver.cluster - Discovered replica set primary ac-kex050i-shard-00-02.6b69sb9.mongodb.net:27017 with max election id 7fffffff0000000000000009 and max set version 1
2025-04-18 20:04:11 INFO  o.s.s.c.a.a.c.InitializeAuthenticationProviderBeanManagerConfigurer$InitializeAuthenticationProviderManagerConfigurer - Global AuthenticationManager configured with AuthenticationProvider bean with name authenticationProvider
2025-04-18 20:04:11 WARN  o.s.s.c.a.a.c.InitializeUserDetailsBeanManagerConfigurer$InitializeUserDetailsManagerConfigurer - Global AuthenticationManager configured with an AuthenticationProvider bean. UserDetailsService beans will not be used by Spring Security for automatically configuring username/password login. Consider removing the AuthenticationProvider bean. Alternatively, consider using the UserDetailsService in a manually instantiated DaoAuthenticationProvider. If the current configuration is intentional, to turn off this warning, increase the logging level of 'org.springframework.security.config.annotation.authentication.configuration.InitializeUserDetailsBeanManagerConfigurer' to ERROR
2025-04-18 20:04:12 INFO  o.a.coyote.http11.Http11NioProtocol - Starting ProtocolHandler ["http-nio-8080"]
2025-04-18 20:04:12 INFO  o.s.b.w.e.tomcat.TomcatWebServer - Tomcat started on port 8080 (http) with context path '/'
2025-04-18 20:04:12 INFO  m.d.journalApp.JournalAppApplication - Started JournalAppApplication in 6.693 seconds (process running for 8.473)
2025-04-18 20:04:37 INFO  o.a.c.c.C.[Tomcat].[localhost].[/] - Initializing Spring DispatcherServlet 'dispatcherServlet'
2025-04-18 20:04:37 INFO  o.s.web.servlet.DispatcherServlet - Initializing Servlet 'dispatcherServlet'
2025-04-18 20:04:37 INFO  o.s.web.servlet.DispatcherServlet - Completed initialization in 2 ms
2025-04-18 20:05:50 INFO  o.s.b.w.e.tomcat.GracefulShutdown - Commencing graceful shutdown. Waiting for active requests to complete
2025-04-18 20:05:50 INFO  o.s.b.w.e.tomcat.GracefulShutdown - Graceful shutdown complete
2025-04-18 20:05:55 INFO  o.h.validator.internal.util.Version - HV000001: Hibernate Validator 8.0.2.Final
2025-04-18 20:05:55 INFO  m.d.journalApp.JournalAppApplication - Starting JournalAppApplication using Java 23.0.2 with PID 36407 (/home/malle/Project/journalApp/target/classes started by malle in /home/malle/Project/journalApp)
2025-04-18 20:05:55 INFO  m.d.journalApp.JournalAppApplication - The following 1 profile is active: "dev"
2025-04-18 20:05:56 INFO  o.s.d.r.c.RepositoryConfigurationDelegate - Multiple Spring Data modules found, entering strict repository configuration mode
2025-04-18 20:05:56 INFO  o.s.d.r.c.RepositoryConfigurationDelegate - Bootstrapping Spring Data MongoDB repositories in DEFAULT mode.
2025-04-18 20:05:56 INFO  o.s.d.r.c.RepositoryConfigurationDelegate - Finished Spring Data repository scanning in 162 ms. Found 3 MongoDB repository interfaces.
2025-04-18 20:05:57 INFO  o.s.d.r.c.RepositoryConfigurationDelegate - Multiple Spring Data modules found, entering strict repository configuration mode
2025-04-18 20:05:57 INFO  o.s.d.r.c.RepositoryConfigurationDelegate - Bootstrapping Spring Data Redis repositories in DEFAULT mode.
2025-04-18 20:05:57 INFO  o.s.d.r.c.RepositoryConfigurationExtensionSupport - Spring Data Redis - Could not safely identify store assignment for repository candidate interface malla.dipesh.journalApp.repository.ConfigJournalAppRepository; If you want this repository to be a Redis repository, consider annotating your entities with one of these annotations: org.springframework.data.redis.core.RedisHash (preferred), or consider extending one of the following types with your repository: org.springframework.data.keyvalue.repository.KeyValueRepository
2025-04-18 20:05:57 INFO  o.s.d.r.c.RepositoryConfigurationExtensionSupport - Spring Data Redis - Could not safely identify store assignment for repository candidate interface malla.dipesh.journalApp.repository.JournalEntryRepository; If you want this repository to be a Redis repository, consider annotating your entities with one of these annotations: org.springframework.data.redis.core.RedisHash (preferred), or consider extending one of the following types with your repository: org.springframework.data.keyvalue.repository.KeyValueRepository
2025-04-18 20:05:57 INFO  o.s.d.r.c.RepositoryConfigurationExtensionSupport - Spring Data Redis - Could not safely identify store assignment for repository candidate interface malla.dipesh.journalApp.repository.UserRepository; If you want this repository to be a Redis repository, consider annotating your entities with one of these annotations: org.springframework.data.redis.core.RedisHash (preferred), or consider extending one of the following types with your repository: org.springframework.data.keyvalue.repository.KeyValueRepository
2025-04-18 20:05:57 INFO  o.s.d.r.c.RepositoryConfigurationDelegate - Finished Spring Data repository scanning in 24 ms. Found 0 Redis repository interfaces.
2025-04-18 20:05:57 INFO  o.s.b.w.e.tomcat.TomcatWebServer - Tomcat initialized with port 8080 (http)
2025-04-18 20:05:57 INFO  o.a.coyote.http11.Http11NioProtocol - Initializing ProtocolHandler ["http-nio-8080"]
2025-04-18 20:05:57 INFO  o.a.catalina.core.StandardService - Starting service [Tomcat]
2025-04-18 20:05:57 INFO  o.a.catalina.core.StandardEngine - Starting Servlet engine: [Apache Tomcat/10.1.39]
2025-04-18 20:05:57 INFO  o.a.c.c.C.[Tomcat].[localhost].[/] - Initializing Spring embedded WebApplicationContext
2025-04-18 20:05:57 INFO  o.s.b.w.s.c.ServletWebServerApplicationContext - Root WebApplicationContext: initialization completed in 2210 ms
2025-04-18 20:05:58 INFO  org.mongodb.driver.client - MongoClient with metadata {"driver": {"name": "mongo-java-driver|sync|spring-boot", "version": "5.2.1"}, "os": {"type": "Linux", "name": "Linux", "architecture": "amd64", "version": "6.11.0-21-generic"}, "platform": "Java/Oracle Corporation/23.0.2+7-58"} created with settings MongoClientSettings{readPreference=primary, writeConcern=WriteConcern{w=majority, wTimeout=null ms, journal=null}, retryWrites=true, retryReads=true, readConcern=ReadConcern{level=null}, credential=MongoCredential{mechanism=null, userName='dipeshmallapub', source='admin', password=<hidden>, mechanismProperties=<hidden>}, transportSettings=null, commandListeners=[], codecRegistry=ProvidersCodecRegistry{codecProviders=[ValueCodecProvider{}, BsonValueCodecProvider{}, DBRefCodecProvider{}, DBObjectCodecProvider{}, DocumentCodecProvider{}, CollectionCodecProvider{}, IterableCodecProvider{}, MapCodecProvider{}, GeoJsonCodecProvider{}, GridFSFileCodecProvider{}, Jsr310CodecProvider{}, JsonObjectCodecProvider{}, BsonCodecProvider{}, EnumCodecProvider{}, com.mongodb.client.model.mql.ExpressionCodecProvider@7a1ddbf1, com.mongodb.Jep395RecordCodecProvider@1e606f64, com.mongodb.KotlinCodecProvider@581918f6]}, loggerSettings=LoggerSettings{maxDocumentLength=1000}, clusterSettings={hosts=[127.0.0.1:27017], srvHost=cluster0.6b69sb9.mongodb.net, srvServiceName=mongodb, mode=MULTIPLE, requiredClusterType=REPLICA_SET, requiredReplicaSetName='atlas-kry611-shard-0', serverSelector='null', clusterListeners='[]', serverSelectionTimeout='30000 ms', localThreshold='15 ms'}, socketSettings=SocketSettings{connectTimeoutMS=10000, readTimeoutMS=0, receiveBufferSize=0, proxySettings=ProxySettings{host=null, port=null, username=null, password=null}}, heartbeatSocketSettings=SocketSettings{connectTimeoutMS=10000, readTimeoutMS=10000, receiveBufferSize=0, proxySettings=ProxySettings{host=null, port=null, username=null, password=null}}, connectionPoolSettings=ConnectionPoolSettings{maxSize=100, minSize=0, maxWaitTimeMS=120000, maxConnectionLifeTimeMS=0, maxConnectionIdleTimeMS=0, maintenanceInitialDelayMS=0, maintenanceFrequencyMS=60000, connectionPoolListeners=[], maxConnecting=2}, serverSettings=ServerSettings{heartbeatFrequencyMS=10000, minHeartbeatFrequencyMS=500, serverMonitoringMode=AUTO, serverListeners='[]', serverMonitorListeners='[]'}, sslSettings=SslSettings{enabled=true, invalidHostNameAllowed=false, context=null}, applicationName='null', compressorList=[], uuidRepresentation=JAVA_LEGACY, serverApi=null, autoEncryptionSettings=null, dnsClient=null, inetAddressResolver=null, contextProvider=null, timeoutMS=null}
2025-04-18 20:05:58 INFO  org.mongodb.driver.cluster - Waiting for server to become available for operation with ID 2. Remaining time: 29989 ms. Selector: WritableServerSelector, topology description: {type=UNKNOWN, servers=[].
2025-04-18 20:05:58 INFO  org.mongodb.driver.cluster - Adding discovered server ac-kex050i-shard-00-02.6b69sb9.mongodb.net:27017 to client view of cluster
2025-04-18 20:05:59 INFO  org.mongodb.driver.cluster - Adding discovered server ac-kex050i-shard-00-01.6b69sb9.mongodb.net:27017 to client view of cluster
2025-04-18 20:05:59 INFO  org.mongodb.driver.cluster - Adding discovered server ac-kex050i-shard-00-00.6b69sb9.mongodb.net:27017 to client view of cluster
2025-04-18 20:06:00 INFO  org.mongodb.driver.cluster - Monitor thread successfully connected to server with description ServerDescription{address=ac-kex050i-shard-00-02.6b69sb9.mongodb.net:27017, type=REPLICA_SET_PRIMARY, cryptd=false, state=CONNECTED, ok=true, minWireVersion=0, maxWireVersion=25, maxDocumentSize=16777216, logicalSessionTimeoutMinutes=30, roundTripTimeNanos=486408832, minRoundTripTimeNanos=0, setName='atlas-kry611-shard-0', canonicalAddress=ac-kex050i-shard-00-02.6b69sb9.mongodb.net:27017, hosts=[ac-kex050i-shard-00-02.6b69sb9.mongodb.net:27017, ac-kex050i-shard-00-01.6b69sb9.mongodb.net:27017, ac-kex050i-shard-00-00.6b69sb9.mongodb.net:27017], passives=[], arbiters=[], primary='ac-kex050i-shard-00-02.6b69sb9.mongodb.net:27017', tagSet=TagSet{[Tag{name='availabilityZone', value='aps1-az2'}, Tag{name='diskState', value='READY'}, Tag{name='nodeType', value='ELECTABLE'}, Tag{name='provider', value='AWS'}, Tag{name='region', value='AP_SOUTH_1'}, Tag{name='workloadType', value='OPERATIONAL'}]}, electionId=7fffffff0000000000000009, setVersion=1, topologyVersion=TopologyVersion{processId=67f95943868877c2c3e82ebb, counter=6}, lastWriteDate=Fri Apr 18 20:05:56 GMT+05:45 2025, lastUpdateTimeNanos=18664402778345}
2025-04-18 20:06:00 INFO  org.mongodb.driver.cluster - Monitor thread successfully connected to server with description ServerDescription{address=ac-kex050i-shard-00-00.6b69sb9.mongodb.net:27017, type=REPLICA_SET_SECONDARY, cryptd=false, state=CONNECTED, ok=true, minWireVersion=0, maxWireVersion=25, maxDocumentSize=16777216, logicalSessionTimeoutMinutes=30, roundTripTimeNanos=494511915, minRoundTripTimeNanos=0, setName='atlas-kry611-shard-0', canonicalAddress=ac-kex050i-shard-00-00.6b69sb9.mongodb.net:27017, hosts=[ac-kex050i-shard-00-02.6b69sb9.mongodb.net:27017, ac-kex050i-shard-00-01.6b69sb9.mongodb.net:27017, ac-kex050i-shard-00-00.6b69sb9.mongodb.net:27017], passives=[], arbiters=[], primary='ac-kex050i-shard-00-02.6b69sb9.mongodb.net:27017', tagSet=TagSet{[Tag{name='availabilityZone', value='aps1-az1'}, Tag{name='diskState', value='READY'}, Tag{name='nodeType', value='ELECTABLE'}, Tag{name='provider', value='AWS'}, Tag{name='region', value='AP_SOUTH_1'}, Tag{name='workloadType', value='OPERATIONAL'}]}, electionId=null, setVersion=1, topologyVersion=TopologyVersion{processId=67f957c96e7bebcebef83be4, counter=4}, lastWriteDate=Fri Apr 18 20:05:56 GMT+05:45 2025, lastUpdateTimeNanos=18664410873926}
2025-04-18 20:06:00 INFO  org.mongodb.driver.cluster - Discovered replica set primary ac-kex050i-shard-00-02.6b69sb9.mongodb.net:27017 with max election id 7fffffff0000000000000009 and max set version 1
2025-04-18 20:06:00 INFO  org.mongodb.driver.cluster - Monitor thread successfully connected to server with description ServerDescription{address=ac-kex050i-shard-00-01.6b69sb9.mongodb.net:27017, type=REPLICA_SET_SECONDARY, cryptd=false, state=CONNECTED, ok=true, minWireVersion=0, maxWireVersion=25, maxDocumentSize=16777216, logicalSessionTimeoutMinutes=30, roundTripTimeNanos=602472081, minRoundTripTimeNanos=0, setName='atlas-kry611-shard-0', canonicalAddress=ac-kex050i-shard-00-01.6b69sb9.mongodb.net:27017, hosts=[ac-kex050i-shard-00-02.6b69sb9.mongodb.net:27017, ac-kex050i-shard-00-01.6b69sb9.mongodb.net:27017, ac-kex050i-shard-00-00.6b69sb9.mongodb.net:27017], passives=[], arbiters=[], primary='ac-kex050i-shard-00-02.6b69sb9.mongodb.net:27017', tagSet=TagSet{[Tag{name='availabilityZone', value='aps1-az3'}, Tag{name='diskState', value='READY'}, Tag{name='nodeType', value='ELECTABLE'}, Tag{name='provider', value='AWS'}, Tag{name='region', value='AP_SOUTH_1'}, Tag{name='workloadType', value='OPERATIONAL'}]}, electionId=null, setVersion=1, topologyVersion=TopologyVersion{processId=67f95a88e18c31e0b3801de8, counter=3}, lastWriteDate=Fri Apr 18 20:05:56 GMT+05:45 2025, lastUpdateTimeNanos=18664518815490}
2025-04-18 20:06:01 INFO  o.s.s.c.a.a.c.InitializeAuthenticationProviderBeanManagerConfigurer$InitializeAuthenticationProviderManagerConfigurer - Global AuthenticationManager configured with AuthenticationProvider bean with name authenticationProvider
2025-04-18 20:06:01 WARN  o.s.s.c.a.a.c.InitializeUserDetailsBeanManagerConfigurer$InitializeUserDetailsManagerConfigurer - Global AuthenticationManager configured with an AuthenticationProvider bean. UserDetailsService beans will not be used by Spring Security for automatically configuring username/password login. Consider removing the AuthenticationProvider bean. Alternatively, consider using the UserDetailsService in a manually instantiated DaoAuthenticationProvider. If the current configuration is intentional, to turn off this warning, increase the logging level of 'org.springframework.security.config.annotation.authentication.configuration.InitializeUserDetailsBeanManagerConfigurer' to ERROR
2025-04-18 20:06:02 INFO  o.a.coyote.http11.Http11NioProtocol - Starting ProtocolHandler ["http-nio-8080"]
2025-04-18 20:06:02 INFO  o.s.b.w.e.tomcat.TomcatWebServer - Tomcat started on port 8080 (http) with context path '/'
2025-04-18 20:06:02 INFO  m.d.journalApp.JournalAppApplication - Started JournalAppApplication in 7.724 seconds (process running for 9.445)
2025-04-18 20:06:06 INFO  o.a.c.c.C.[Tomcat].[localhost].[/] - Initializing Spring DispatcherServlet 'dispatcherServlet'
2025-04-18 20:06:06 INFO  o.s.web.servlet.DispatcherServlet - Initializing Servlet 'dispatcherServlet'
2025-04-18 20:06:06 INFO  o.s.web.servlet.DispatcherServlet - Completed initialization in 3 ms
2025-04-18 20:06:38 INFO  o.s.b.w.e.tomcat.GracefulShutdown - Commencing graceful shutdown. Waiting for active requests to complete
2025-04-18 20:06:38 INFO  o.s.b.w.e.tomcat.GracefulShutdown - Graceful shutdown complete
2025-04-18 20:06:43 INFO  o.h.validator.internal.util.Version - HV000001: Hibernate Validator 8.0.2.Final
2025-04-18 20:06:43 INFO  m.d.journalApp.JournalAppApplication - Starting JournalAppApplication using Java 23.0.2 with PID 36689 (/home/malle/Project/journalApp/target/classes started by malle in /home/malle/Project/journalApp)
2025-04-18 20:06:43 INFO  m.d.journalApp.JournalAppApplication - The following 1 profile is active: "dev"
2025-04-18 20:06:43 INFO  o.s.d.r.c.RepositoryConfigurationDelegate - Multiple Spring Data modules found, entering strict repository configuration mode
2025-04-18 20:06:43 INFO  o.s.d.r.c.RepositoryConfigurationDelegate - Bootstrapping Spring Data MongoDB repositories in DEFAULT mode.
2025-04-18 20:06:44 INFO  o.s.d.r.c.RepositoryConfigurationDelegate - Finished Spring Data repository scanning in 117 ms. Found 3 MongoDB repository interfaces.
2025-04-18 20:06:44 INFO  o.s.d.r.c.RepositoryConfigurationDelegate - Multiple Spring Data modules found, entering strict repository configuration mode
2025-04-18 20:06:44 INFO  o.s.d.r.c.RepositoryConfigurationDelegate - Bootstrapping Spring Data Redis repositories in DEFAULT mode.
2025-04-18 20:06:44 INFO  o.s.d.r.c.RepositoryConfigurationExtensionSupport - Spring Data Redis - Could not safely identify store assignment for repository candidate interface malla.dipesh.journalApp.repository.ConfigJournalAppRepository; If you want this repository to be a Redis repository, consider annotating your entities with one of these annotations: org.springframework.data.redis.core.RedisHash (preferred), or consider extending one of the following types with your repository: org.springframework.data.keyvalue.repository.KeyValueRepository
2025-04-18 20:06:44 INFO  o.s.d.r.c.RepositoryConfigurationExtensionSupport - Spring Data Redis - Could not safely identify store assignment for repository candidate interface malla.dipesh.journalApp.repository.JournalEntryRepository; If you want this repository to be a Redis repository, consider annotating your entities with one of these annotations: org.springframework.data.redis.core.RedisHash (preferred), or consider extending one of the following types with your repository: org.springframework.data.keyvalue.repository.KeyValueRepository
2025-04-18 20:06:44 INFO  o.s.d.r.c.RepositoryConfigurationExtensionSupport - Spring Data Redis - Could not safely identify store assignment for repository candidate interface malla.dipesh.journalApp.repository.UserRepository; If you want this repository to be a Redis repository, consider annotating your entities with one of these annotations: org.springframework.data.redis.core.RedisHash (preferred), or consider extending one of the following types with your repository: org.springframework.data.keyvalue.repository.KeyValueRepository
2025-04-18 20:06:44 INFO  o.s.d.r.c.RepositoryConfigurationDelegate - Finished Spring Data repository scanning in 16 ms. Found 0 Redis repository interfaces.
2025-04-18 20:06:45 INFO  o.s.b.w.e.tomcat.TomcatWebServer - Tomcat initialized with port 8080 (http)
2025-04-18 20:06:45 INFO  o.a.coyote.http11.Http11NioProtocol - Initializing ProtocolHandler ["http-nio-8080"]
2025-04-18 20:06:45 INFO  o.a.catalina.core.StandardService - Starting service [Tomcat]
2025-04-18 20:06:45 INFO  o.a.catalina.core.StandardEngine - Starting Servlet engine: [Apache Tomcat/10.1.39]
2025-04-18 20:06:45 INFO  o.a.c.c.C.[Tomcat].[localhost].[/] - Initializing Spring embedded WebApplicationContext
2025-04-18 20:06:45 INFO  o.s.b.w.s.c.ServletWebServerApplicationContext - Root WebApplicationContext: initialization completed in 1787 ms
2025-04-18 20:06:45 INFO  org.mongodb.driver.cluster - Adding discovered server ac-kex050i-shard-00-02.6b69sb9.mongodb.net:27017 to client view of cluster
2025-04-18 20:06:45 INFO  org.mongodb.driver.client - MongoClient with metadata {"driver": {"name": "mongo-java-driver|sync|spring-boot", "version": "5.2.1"}, "os": {"type": "Linux", "name": "Linux", "architecture": "amd64", "version": "6.11.0-21-generic"}, "platform": "Java/Oracle Corporation/23.0.2+7-58"} created with settings MongoClientSettings{readPreference=primary, writeConcern=WriteConcern{w=majority, wTimeout=null ms, journal=null}, retryWrites=true, retryReads=true, readConcern=ReadConcern{level=null}, credential=MongoCredential{mechanism=null, userName='dipeshmallapub', source='admin', password=<hidden>, mechanismProperties=<hidden>}, transportSettings=null, commandListeners=[], codecRegistry=ProvidersCodecRegistry{codecProviders=[ValueCodecProvider{}, BsonValueCodecProvider{}, DBRefCodecProvider{}, DBObjectCodecProvider{}, DocumentCodecProvider{}, CollectionCodecProvider{}, IterableCodecProvider{}, MapCodecProvider{}, GeoJsonCodecProvider{}, GridFSFileCodecProvider{}, Jsr310CodecProvider{}, JsonObjectCodecProvider{}, BsonCodecProvider{}, EnumCodecProvider{}, com.mongodb.client.model.mql.ExpressionCodecProvider@7da77305, com.mongodb.Jep395RecordCodecProvider@3cdfbbef, com.mongodb.KotlinCodecProvider@7a1ddbf1]}, loggerSettings=LoggerSettings{maxDocumentLength=1000}, clusterSettings={hosts=[127.0.0.1:27017], srvHost=cluster0.6b69sb9.mongodb.net, srvServiceName=mongodb, mode=MULTIPLE, requiredClusterType=REPLICA_SET, requiredReplicaSetName='atlas-kry611-shard-0', serverSelector='null', clusterListeners='[]', serverSelectionTimeout='30000 ms', localThreshold='15 ms'}, socketSettings=SocketSettings{connectTimeoutMS=10000, readTimeoutMS=0, receiveBufferSize=0, proxySettings=ProxySettings{host=null, port=null, username=null, password=null}}, heartbeatSocketSettings=SocketSettings{connectTimeoutMS=10000, readTimeoutMS=10000, receiveBufferSize=0, proxySettings=ProxySettings{host=null, port=null, username=null, password=null}}, connectionPoolSettings=ConnectionPoolSettings{maxSize=100, minSize=0, maxWaitTimeMS=120000, maxConnectionLifeTimeMS=0, maxConnectionIdleTimeMS=0, maintenanceInitialDelayMS=0, maintenanceFrequencyMS=60000, connectionPoolListeners=[], maxConnecting=2}, serverSettings=ServerSettings{heartbeatFrequencyMS=10000, minHeartbeatFrequencyMS=500, serverMonitoringMode=AUTO, serverListeners='[]', serverMonitorListeners='[]'}, sslSettings=SslSettings{enabled=true, invalidHostNameAllowed=false, context=null}, applicationName='null', compressorList=[], uuidRepresentation=JAVA_LEGACY, serverApi=null, autoEncryptionSettings=null, dnsClient=null, inetAddressResolver=null, contextProvider=null, timeoutMS=null}
2025-04-18 20:06:45 INFO  org.mongodb.driver.cluster - Adding discovered server ac-kex050i-shard-00-01.6b69sb9.mongodb.net:27017 to client view of cluster
2025-04-18 20:06:45 INFO  org.mongodb.driver.cluster - Adding discovered server ac-kex050i-shard-00-00.6b69sb9.mongodb.net:27017 to client view of cluster
2025-04-18 20:06:45 INFO  org.mongodb.driver.cluster - Waiting for server to become available for operation with ID 5. Remaining time: 29988 ms. Selector: WritableServerSelector, topology description: {type=REPLICA_SET, servers=[{address=ac-kex050i-shard-00-00.6b69sb9.mongodb.net:27017, type=UNKNOWN, state=CONNECTING}, {address=ac-kex050i-shard-00-02.6b69sb9.mongodb.net:27017, type=UNKNOWN, state=CONNECTING}, {address=ac-kex050i-shard-00-01.6b69sb9.mongodb.net:27017, type=UNKNOWN, state=CONNECTING}].
2025-04-18 20:06:46 INFO  org.mongodb.driver.cluster - Monitor thread successfully connected to server with description ServerDescription{address=ac-kex050i-shard-00-01.6b69sb9.mongodb.net:27017, type=REPLICA_SET_SECONDARY, cryptd=false, state=CONNECTED, ok=true, minWireVersion=0, maxWireVersion=25, maxDocumentSize=16777216, logicalSessionTimeoutMinutes=30, roundTripTimeNanos=472877247, minRoundTripTimeNanos=0, setName='atlas-kry611-shard-0', canonicalAddress=ac-kex050i-shard-00-01.6b69sb9.mongodb.net:27017, hosts=[ac-kex050i-shard-00-02.6b69sb9.mongodb.net:27017, ac-kex050i-shard-00-01.6b69sb9.mongodb.net:27017, ac-kex050i-shard-00-00.6b69sb9.mongodb.net:27017], passives=[], arbiters=[], primary='ac-kex050i-shard-00-02.6b69sb9.mongodb.net:27017', tagSet=TagSet{[Tag{name='availabilityZone', value='aps1-az3'}, Tag{name='diskState', value='READY'}, Tag{name='nodeType', value='ELECTABLE'}, Tag{name='provider', value='AWS'}, Tag{name='region', value='AP_SOUTH_1'}, Tag{name='workloadType', value='OPERATIONAL'}]}, electionId=null, setVersion=1, topologyVersion=TopologyVersion{processId=67f95a88e18c31e0b3801de8, counter=3}, lastWriteDate=Fri Apr 18 20:06:39 GMT+05:45 2025, lastUpdateTimeNanos=18710450131684}
2025-04-18 20:06:46 INFO  org.mongodb.driver.cluster - Monitor thread successfully connected to server with description ServerDescription{address=ac-kex050i-shard-00-00.6b69sb9.mongodb.net:27017, type=REPLICA_SET_SECONDARY, cryptd=false, state=CONNECTED, ok=true, minWireVersion=0, maxWireVersion=25, maxDocumentSize=16777216, logicalSessionTimeoutMinutes=30, roundTripTimeNanos=473465888, minRoundTripTimeNanos=0, setName='atlas-kry611-shard-0', canonicalAddress=ac-kex050i-shard-00-00.6b69sb9.mongodb.net:27017, hosts=[ac-kex050i-shard-00-02.6b69sb9.mongodb.net:27017, ac-kex050i-shard-00-01.6b69sb9.mongodb.net:27017, ac-kex050i-shard-00-00.6b69sb9.mongodb.net:27017], passives=[], arbiters=[], primary='ac-kex050i-shard-00-02.6b69sb9.mongodb.net:27017', tagSet=TagSet{[Tag{name='availabilityZone', value='aps1-az1'}, Tag{name='diskState', value='READY'}, Tag{name='nodeType', value='ELECTABLE'}, Tag{name='provider', value='AWS'}, Tag{name='region', value='AP_SOUTH_1'}, Tag{name='workloadType', value='OPERATIONAL'}]}, electionId=null, setVersion=1, topologyVersion=TopologyVersion{processId=67f957c96e7bebcebef83be4, counter=4}, lastWriteDate=Fri Apr 18 20:06:39 GMT+05:45 2025, lastUpdateTimeNanos=18710450131621}
2025-04-18 20:06:46 INFO  org.mongodb.driver.cluster - Monitor thread successfully connected to server with description ServerDescription{address=ac-kex050i-shard-00-02.6b69sb9.mongodb.net:27017, type=REPLICA_SET_PRIMARY, cryptd=false, state=CONNECTED, ok=true, minWireVersion=0, maxWireVersion=25, maxDocumentSize=16777216, logicalSessionTimeoutMinutes=30, roundTripTimeNanos=472900893, minRoundTripTimeNanos=0, setName='atlas-kry611-shard-0', canonicalAddress=ac-kex050i-shard-00-02.6b69sb9.mongodb.net:27017, hosts=[ac-kex050i-shard-00-02.6b69sb9.mongodb.net:27017, ac-kex050i-shard-00-01.6b69sb9.mongodb.net:27017, ac-kex050i-shard-00-00.6b69sb9.mongodb.net:27017], passives=[], arbiters=[], primary='ac-kex050i-shard-00-02.6b69sb9.mongodb.net:27017', tagSet=TagSet{[Tag{name='availabilityZone', value='aps1-az2'}, Tag{name='diskState', value='READY'}, Tag{name='nodeType', value='ELECTABLE'}, Tag{name='provider', value='AWS'}, Tag{name='region', value='AP_SOUTH_1'}, Tag{name='workloadType', value='OPERATIONAL'}]}, electionId=7fffffff0000000000000009, setVersion=1, topologyVersion=TopologyVersion{processId=67f95943868877c2c3e82ebb, counter=6}, lastWriteDate=Fri Apr 18 20:06:39 GMT+05:45 2025, lastUpdateTimeNanos=18710450131806}
2025-04-18 20:06:46 INFO  org.mongodb.driver.cluster - Discovered replica set primary ac-kex050i-shard-00-02.6b69sb9.mongodb.net:27017 with max election id 7fffffff0000000000000009 and max set version 1
2025-04-18 20:06:47 INFO  o.s.s.c.a.a.c.InitializeAuthenticationProviderBeanManagerConfigurer$InitializeAuthenticationProviderManagerConfigurer - Global AuthenticationManager configured with AuthenticationProvider bean with name authenticationProvider
2025-04-18 20:06:47 WARN  o.s.s.c.a.a.c.InitializeUserDetailsBeanManagerConfigurer$InitializeUserDetailsManagerConfigurer - Global AuthenticationManager configured with an AuthenticationProvider bean. UserDetailsService beans will not be used by Spring Security for automatically configuring username/password login. Consider removing the AuthenticationProvider bean. Alternatively, consider using the UserDetailsService in a manually instantiated DaoAuthenticationProvider. If the current configuration is intentional, to turn off this warning, increase the logging level of 'org.springframework.security.config.annotation.authentication.configuration.InitializeUserDetailsBeanManagerConfigurer' to ERROR
2025-04-18 20:06:48 INFO  o.a.coyote.http11.Http11NioProtocol - Starting ProtocolHandler ["http-nio-8080"]
2025-04-18 20:06:48 INFO  o.s.b.w.e.tomcat.TomcatWebServer - Tomcat started on port 8080 (http) with context path '/'
2025-04-18 20:06:48 INFO  m.d.journalApp.JournalAppApplication - Started JournalAppApplication in 5.668 seconds (process running for 6.945)
2025-04-18 20:06:52 INFO  o.a.c.c.C.[Tomcat].[localhost].[/] - Initializing Spring DispatcherServlet 'dispatcherServlet'
2025-04-18 20:06:52 INFO  o.s.web.servlet.DispatcherServlet - Initializing Servlet 'dispatcherServlet'
2025-04-18 20:06:52 INFO  o.s.web.servlet.DispatcherServlet - Completed initialization in 2 ms
2025-04-18 20:15:43 INFO  o.s.b.w.e.tomcat.GracefulShutdown - Commencing graceful shutdown. Waiting for active requests to complete
2025-04-18 20:15:43 INFO  o.s.b.w.e.tomcat.GracefulShutdown - Graceful shutdown complete
2025-04-18 20:15:48 INFO  o.h.validator.internal.util.Version - HV000001: Hibernate Validator 8.0.2.Final
2025-04-18 20:15:48 INFO  m.d.journalApp.JournalAppApplication - Starting JournalAppApplication using Java 23.0.2 with PID 37631 (/home/malle/Project/journalApp/target/classes started by malle in /home/malle/Project/journalApp)
2025-04-18 20:15:48 INFO  m.d.journalApp.JournalAppApplication - The following 1 profile is active: "dev"
2025-04-18 20:15:49 INFO  o.s.d.r.c.RepositoryConfigurationDelegate - Multiple Spring Data modules found, entering strict repository configuration mode
2025-04-18 20:15:49 INFO  o.s.d.r.c.RepositoryConfigurationDelegate - Bootstrapping Spring Data MongoDB repositories in DEFAULT mode.
2025-04-18 20:15:49 INFO  o.s.d.r.c.RepositoryConfigurationDelegate - Finished Spring Data repository scanning in 138 ms. Found 3 MongoDB repository interfaces.
2025-04-18 20:15:50 INFO  o.s.d.r.c.RepositoryConfigurationDelegate - Multiple Spring Data modules found, entering strict repository configuration mode
2025-04-18 20:15:50 INFO  o.s.d.r.c.RepositoryConfigurationDelegate - Bootstrapping Spring Data Redis repositories in DEFAULT mode.
2025-04-18 20:15:50 INFO  o.s.d.r.c.RepositoryConfigurationExtensionSupport - Spring Data Redis - Could not safely identify store assignment for repository candidate interface malla.dipesh.journalApp.repository.ConfigJournalAppRepository; If you want this repository to be a Redis repository, consider annotating your entities with one of these annotations: org.springframework.data.redis.core.RedisHash (preferred), or consider extending one of the following types with your repository: org.springframework.data.keyvalue.repository.KeyValueRepository
2025-04-18 20:15:50 INFO  o.s.d.r.c.RepositoryConfigurationExtensionSupport - Spring Data Redis - Could not safely identify store assignment for repository candidate interface malla.dipesh.journalApp.repository.JournalEntryRepository; If you want this repository to be a Redis repository, consider annotating your entities with one of these annotations: org.springframework.data.redis.core.RedisHash (preferred), or consider extending one of the following types with your repository: org.springframework.data.keyvalue.repository.KeyValueRepository
2025-04-18 20:15:50 INFO  o.s.d.r.c.RepositoryConfigurationExtensionSupport - Spring Data Redis - Could not safely identify store assignment for repository candidate interface malla.dipesh.journalApp.repository.UserRepository; If you want this repository to be a Redis repository, consider annotating your entities with one of these annotations: org.springframework.data.redis.core.RedisHash (preferred), or consider extending one of the following types with your repository: org.springframework.data.keyvalue.repository.KeyValueRepository
2025-04-18 20:15:50 INFO  o.s.d.r.c.RepositoryConfigurationDelegate - Finished Spring Data repository scanning in 12 ms. Found 0 Redis repository interfaces.
2025-04-18 20:15:50 INFO  o.s.b.w.e.tomcat.TomcatWebServer - Tomcat initialized with port 8080 (http)
2025-04-18 20:15:50 INFO  o.a.coyote.http11.Http11NioProtocol - Initializing ProtocolHandler ["http-nio-8080"]
2025-04-18 20:15:50 INFO  o.a.catalina.core.StandardService - Starting service [Tomcat]
2025-04-18 20:15:50 INFO  o.a.catalina.core.StandardEngine - Starting Servlet engine: [Apache Tomcat/10.1.39]
2025-04-18 20:15:50 INFO  o.a.c.c.C.[Tomcat].[localhost].[/] - Initializing Spring embedded WebApplicationContext
2025-04-18 20:15:50 INFO  o.s.b.w.s.c.ServletWebServerApplicationContext - Root WebApplicationContext: initialization completed in 1681 ms
2025-04-18 20:15:50 INFO  org.mongodb.driver.client - MongoClient with metadata {"driver": {"name": "mongo-java-driver|sync|spring-boot", "version": "5.2.1"}, "os": {"type": "Linux", "name": "Linux", "architecture": "amd64", "version": "6.11.0-21-generic"}, "platform": "Java/Oracle Corporation/23.0.2+7-58"} created with settings MongoClientSettings{readPreference=primary, writeConcern=WriteConcern{w=majority, wTimeout=null ms, journal=null}, retryWrites=true, retryReads=true, readConcern=ReadConcern{level=null}, credential=MongoCredential{mechanism=null, userName='dipeshmallapub', source='admin', password=<hidden>, mechanismProperties=<hidden>}, transportSettings=null, commandListeners=[], codecRegistry=ProvidersCodecRegistry{codecProviders=[ValueCodecProvider{}, BsonValueCodecProvider{}, DBRefCodecProvider{}, DBObjectCodecProvider{}, DocumentCodecProvider{}, CollectionCodecProvider{}, IterableCodecProvider{}, MapCodecProvider{}, GeoJsonCodecProvider{}, GridFSFileCodecProvider{}, Jsr310CodecProvider{}, JsonObjectCodecProvider{}, BsonCodecProvider{}, EnumCodecProvider{}, com.mongodb.client.model.mql.ExpressionCodecProvider@171aa66, com.mongodb.Jep395RecordCodecProvider@58739e5e, com.mongodb.KotlinCodecProvider@4e2cdc51]}, loggerSettings=LoggerSettings{maxDocumentLength=1000}, clusterSettings={hosts=[127.0.0.1:27017], srvHost=cluster0.6b69sb9.mongodb.net, srvServiceName=mongodb, mode=MULTIPLE, requiredClusterType=REPLICA_SET, requiredReplicaSetName='atlas-kry611-shard-0', serverSelector='null', clusterListeners='[]', serverSelectionTimeout='30000 ms', localThreshold='15 ms'}, socketSettings=SocketSettings{connectTimeoutMS=10000, readTimeoutMS=0, receiveBufferSize=0, proxySettings=ProxySettings{host=null, port=null, username=null, password=null}}, heartbeatSocketSettings=SocketSettings{connectTimeoutMS=10000, readTimeoutMS=10000, receiveBufferSize=0, proxySettings=ProxySettings{host=null, port=null, username=null, password=null}}, connectionPoolSettings=ConnectionPoolSettings{maxSize=100, minSize=0, maxWaitTimeMS=120000, maxConnectionLifeTimeMS=0, maxConnectionIdleTimeMS=0, maintenanceInitialDelayMS=0, maintenanceFrequencyMS=60000, connectionPoolListeners=[], maxConnecting=2}, serverSettings=ServerSettings{heartbeatFrequencyMS=10000, minHeartbeatFrequencyMS=500, serverMonitoringMode=AUTO, serverListeners='[]', serverMonitorListeners='[]'}, sslSettings=SslSettings{enabled=true, invalidHostNameAllowed=false, context=null}, applicationName='null', compressorList=[], uuidRepresentation=JAVA_LEGACY, serverApi=null, autoEncryptionSettings=null, dnsClient=null, inetAddressResolver=null, contextProvider=null, timeoutMS=null}
2025-04-18 20:15:51 INFO  org.mongodb.driver.cluster - Adding discovered server ac-kex050i-shard-00-02.6b69sb9.mongodb.net:27017 to client view of cluster
2025-04-18 20:15:51 INFO  org.mongodb.driver.cluster - Adding discovered server ac-kex050i-shard-00-00.6b69sb9.mongodb.net:27017 to client view of cluster
2025-04-18 20:15:51 INFO  org.mongodb.driver.cluster - Adding discovered server ac-kex050i-shard-00-01.6b69sb9.mongodb.net:27017 to client view of cluster
2025-04-18 20:15:51 INFO  org.mongodb.driver.cluster - Waiting for server to become available for operation with ID 5. Remaining time: 29992 ms. Selector: WritableServerSelector, topology description: {type=REPLICA_SET, servers=[{address=ac-kex050i-shard-00-00.6b69sb9.mongodb.net:27017, type=UNKNOWN, state=CONNECTING}, {address=ac-kex050i-shard-00-02.6b69sb9.mongodb.net:27017, type=UNKNOWN, state=CONNECTING}, {address=ac-kex050i-shard-00-01.6b69sb9.mongodb.net:27017, type=UNKNOWN, state=CONNECTING}].
2025-04-18 20:15:51 INFO  org.mongodb.driver.cluster - Monitor thread successfully connected to server with description ServerDescription{address=ac-kex050i-shard-00-01.6b69sb9.mongodb.net:27017, type=REPLICA_SET_SECONDARY, cryptd=false, state=CONNECTED, ok=true, minWireVersion=0, maxWireVersion=25, maxDocumentSize=16777216, logicalSessionTimeoutMinutes=30, roundTripTimeNanos=407932024, minRoundTripTimeNanos=0, setName='atlas-kry611-shard-0', canonicalAddress=ac-kex050i-shard-00-01.6b69sb9.mongodb.net:27017, hosts=[ac-kex050i-shard-00-02.6b69sb9.mongodb.net:27017, ac-kex050i-shard-00-01.6b69sb9.mongodb.net:27017, ac-kex050i-shard-00-00.6b69sb9.mongodb.net:27017], passives=[], arbiters=[], primary='ac-kex050i-shard-00-02.6b69sb9.mongodb.net:27017', tagSet=TagSet{[Tag{name='availabilityZone', value='aps1-az3'}, Tag{name='diskState', value='READY'}, Tag{name='nodeType', value='ELECTABLE'}, Tag{name='provider', value='AWS'}, Tag{name='region', value='AP_SOUTH_1'}, Tag{name='workloadType', value='OPERATIONAL'}]}, electionId=null, setVersion=1, topologyVersion=TopologyVersion{processId=67f95a88e18c31e0b3801de8, counter=3}, lastWriteDate=Fri Apr 18 20:15:51 GMT+05:45 2025, lastUpdateTimeNanos=19256255870075}
2025-04-18 20:15:51 INFO  org.mongodb.driver.cluster - Monitor thread successfully connected to server with description ServerDescription{address=ac-kex050i-shard-00-02.6b69sb9.mongodb.net:27017, type=REPLICA_SET_PRIMARY, cryptd=false, state=CONNECTED, ok=true, minWireVersion=0, maxWireVersion=25, maxDocumentSize=16777216, logicalSessionTimeoutMinutes=30, roundTripTimeNanos=397760393, minRoundTripTimeNanos=0, setName='atlas-kry611-shard-0', canonicalAddress=ac-kex050i-shard-00-02.6b69sb9.mongodb.net:27017, hosts=[ac-kex050i-shard-00-02.6b69sb9.mongodb.net:27017, ac-kex050i-shard-00-01.6b69sb9.mongodb.net:27017, ac-kex050i-shard-00-00.6b69sb9.mongodb.net:27017], passives=[], arbiters=[], primary='ac-kex050i-shard-00-02.6b69sb9.mongodb.net:27017', tagSet=TagSet{[Tag{name='availabilityZone', value='aps1-az2'}, Tag{name='diskState', value='READY'}, Tag{name='nodeType', value='ELECTABLE'}, Tag{name='provider', value='AWS'}, Tag{name='region', value='AP_SOUTH_1'}, Tag{name='workloadType', value='OPERATIONAL'}]}, electionId=7fffffff0000000000000009, setVersion=1, topologyVersion=TopologyVersion{processId=67f95943868877c2c3e82ebb, counter=6}, lastWriteDate=Fri Apr 18 20:15:51 GMT+05:45 2025, lastUpdateTimeNanos=19256255869628}
2025-04-18 20:15:51 INFO  org.mongodb.driver.cluster - Monitor thread successfully connected to server with description ServerDescription{address=ac-kex050i-shard-00-00.6b69sb9.mongodb.net:27017, type=REPLICA_SET_SECONDARY, cryptd=false, state=CONNECTED, ok=true, minWireVersion=0, maxWireVersion=25, maxDocumentSize=16777216, logicalSessionTimeoutMinutes=30, roundTripTimeNanos=397804636, minRoundTripTimeNanos=0, setName='atlas-kry611-shard-0', canonicalAddress=ac-kex050i-shard-00-00.6b69sb9.mongodb.net:27017, hosts=[ac-kex050i-shard-00-02.6b69sb9.mongodb.net:27017, ac-kex050i-shard-00-01.6b69sb9.mongodb.net:27017, ac-kex050i-shard-00-00.6b69sb9.mongodb.net:27017], passives=[], arbiters=[], primary='ac-kex050i-shard-00-02.6b69sb9.mongodb.net:27017', tagSet=TagSet{[Tag{name='availabilityZone', value='aps1-az1'}, Tag{name='diskState', value='READY'}, Tag{name='nodeType', value='ELECTABLE'}, Tag{name='provider', value='AWS'}, Tag{name='region', value='AP_SOUTH_1'}, Tag{name='workloadType', value='OPERATIONAL'}]}, electionId=null, setVersion=1, topologyVersion=TopologyVersion{processId=67f957c96e7bebcebef83be4, counter=4}, lastWriteDate=Fri Apr 18 20:15:51 GMT+05:45 2025, lastUpdateTimeNanos=19256255869995}
2025-04-18 20:15:51 INFO  org.mongodb.driver.cluster - Discovered replica set primary ac-kex050i-shard-00-02.6b69sb9.mongodb.net:27017 with max election id 7fffffff0000000000000009 and max set version 1
2025-04-18 20:15:53 INFO  o.s.s.c.a.a.c.InitializeAuthenticationProviderBeanManagerConfigurer$InitializeAuthenticationProviderManagerConfigurer - Global AuthenticationManager configured with AuthenticationProvider bean with name authenticationProvider
2025-04-18 20:15:53 WARN  o.s.s.c.a.a.c.InitializeUserDetailsBeanManagerConfigurer$InitializeUserDetailsManagerConfigurer - Global AuthenticationManager configured with an AuthenticationProvider bean. UserDetailsService beans will not be used by Spring Security for automatically configuring username/password login. Consider removing the AuthenticationProvider bean. Alternatively, consider using the UserDetailsService in a manually instantiated DaoAuthenticationProvider. If the current configuration is intentional, to turn off this warning, increase the logging level of 'org.springframework.security.config.annotation.authentication.configuration.InitializeUserDetailsBeanManagerConfigurer' to ERROR
2025-04-18 20:15:54 INFO  o.a.coyote.http11.Http11NioProtocol - Starting ProtocolHandler ["http-nio-8080"]
2025-04-18 20:15:54 INFO  o.s.b.w.e.tomcat.TomcatWebServer - Tomcat started on port 8080 (http) with context path '/'
2025-04-18 20:15:54 INFO  m.d.journalApp.JournalAppApplication - Started JournalAppApplication in 5.531 seconds (process running for 6.433)
2025-04-18 20:15:56 INFO  o.a.c.c.C.[Tomcat].[localhost].[/] - Initializing Spring DispatcherServlet 'dispatcherServlet'
2025-04-18 20:15:56 INFO  o.s.web.servlet.DispatcherServlet - Initializing Servlet 'dispatcherServlet'
2025-04-18 20:15:56 INFO  o.s.web.servlet.DispatcherServlet - Completed initialization in 2 ms
2025-04-18 20:21:01 INFO  o.s.b.w.e.tomcat.GracefulShutdown - Commencing graceful shutdown. Waiting for active requests to complete
2025-04-18 20:21:01 INFO  o.s.b.w.e.tomcat.GracefulShutdown - Graceful shutdown complete
2025-04-18 20:21:04 INFO  o.h.validator.internal.util.Version - HV000001: Hibernate Validator 8.0.2.Final
2025-04-18 20:21:04 INFO  m.d.journalApp.JournalAppApplication - Starting JournalAppApplication using Java 23.0.2 with PID 38211 (/home/malle/Project/journalApp/target/classes started by malle in /home/malle/Project/journalApp)
2025-04-18 20:21:04 INFO  m.d.journalApp.JournalAppApplication - The following 1 profile is active: "dev"
2025-04-18 20:21:05 INFO  o.s.d.r.c.RepositoryConfigurationDelegate - Multiple Spring Data modules found, entering strict repository configuration mode
2025-04-18 20:21:05 INFO  o.s.d.r.c.RepositoryConfigurationDelegate - Bootstrapping Spring Data MongoDB repositories in DEFAULT mode.
2025-04-18 20:21:05 INFO  o.s.d.r.c.RepositoryConfigurationDelegate - Finished Spring Data repository scanning in 120 ms. Found 3 MongoDB repository interfaces.
2025-04-18 20:21:05 INFO  o.s.d.r.c.RepositoryConfigurationDelegate - Multiple Spring Data modules found, entering strict repository configuration mode
2025-04-18 20:21:05 INFO  o.s.d.r.c.RepositoryConfigurationDelegate - Bootstrapping Spring Data Redis repositories in DEFAULT mode.
2025-04-18 20:21:05 INFO  o.s.d.r.c.RepositoryConfigurationExtensionSupport - Spring Data Redis - Could not safely identify store assignment for repository candidate interface malla.dipesh.journalApp.repository.ConfigJournalAppRepository; If you want this repository to be a Redis repository, consider annotating your entities with one of these annotations: org.springframework.data.redis.core.RedisHash (preferred), or consider extending one of the following types with your repository: org.springframework.data.keyvalue.repository.KeyValueRepository
2025-04-18 20:21:05 INFO  o.s.d.r.c.RepositoryConfigurationExtensionSupport - Spring Data Redis - Could not safely identify store assignment for repository candidate interface malla.dipesh.journalApp.repository.JournalEntryRepository; If you want this repository to be a Redis repository, consider annotating your entities with one of these annotations: org.springframework.data.redis.core.RedisHash (preferred), or consider extending one of the following types with your repository: org.springframework.data.keyvalue.repository.KeyValueRepository
2025-04-18 20:21:05 INFO  o.s.d.r.c.RepositoryConfigurationExtensionSupport - Spring Data Redis - Could not safely identify store assignment for repository candidate interface malla.dipesh.journalApp.repository.UserRepository; If you want this repository to be a Redis repository, consider annotating your entities with one of these annotations: org.springframework.data.redis.core.RedisHash (preferred), or consider extending one of the following types with your repository: org.springframework.data.keyvalue.repository.KeyValueRepository
2025-04-18 20:21:05 INFO  o.s.d.r.c.RepositoryConfigurationDelegate - Finished Spring Data repository scanning in 17 ms. Found 0 Redis repository interfaces.
2025-04-18 20:21:06 INFO  o.s.b.w.e.tomcat.TomcatWebServer - Tomcat initialized with port 8080 (http)
2025-04-18 20:21:06 INFO  o.a.coyote.http11.Http11NioProtocol - Initializing ProtocolHandler ["http-nio-8080"]
2025-04-18 20:21:06 INFO  o.a.catalina.core.StandardService - Starting service [Tomcat]
2025-04-18 20:21:06 INFO  o.a.catalina.core.StandardEngine - Starting Servlet engine: [Apache Tomcat/10.1.39]
2025-04-18 20:21:06 INFO  o.a.c.c.C.[Tomcat].[localhost].[/] - Initializing Spring embedded WebApplicationContext
2025-04-18 20:21:06 INFO  o.s.b.w.s.c.ServletWebServerApplicationContext - Root WebApplicationContext: initialization completed in 1765 ms
2025-04-18 20:21:06 INFO  org.mongodb.driver.client - MongoClient with metadata {"driver": {"name": "mongo-java-driver|sync|spring-boot", "version": "5.2.1"}, "os": {"type": "Linux", "name": "Linux", "architecture": "amd64", "version": "6.11.0-21-generic"}, "platform": "Java/Oracle Corporation/23.0.2+7-58"} created with settings MongoClientSettings{readPreference=primary, writeConcern=WriteConcern{w=majority, wTimeout=null ms, journal=null}, retryWrites=true, retryReads=true, readConcern=ReadConcern{level=null}, credential=MongoCredential{mechanism=null, userName='dipeshmallapub', source='admin', password=<hidden>, mechanismProperties=<hidden>}, transportSettings=null, commandListeners=[], codecRegistry=ProvidersCodecRegistry{codecProviders=[ValueCodecProvider{}, BsonValueCodecProvider{}, DBRefCodecProvider{}, DBObjectCodecProvider{}, DocumentCodecProvider{}, CollectionCodecProvider{}, IterableCodecProvider{}, MapCodecProvider{}, GeoJsonCodecProvider{}, GridFSFileCodecProvider{}, Jsr310CodecProvider{}, JsonObjectCodecProvider{}, BsonCodecProvider{}, EnumCodecProvider{}, com.mongodb.client.model.mql.ExpressionCodecProvider@1669931a, com.mongodb.Jep395RecordCodecProvider@6b24ddd7, com.mongodb.KotlinCodecProvider@12e007be]}, loggerSettings=LoggerSettings{maxDocumentLength=1000}, clusterSettings={hosts=[127.0.0.1:27017], srvHost=cluster0.6b69sb9.mongodb.net, srvServiceName=mongodb, mode=MULTIPLE, requiredClusterType=REPLICA_SET, requiredReplicaSetName='atlas-kry611-shard-0', serverSelector='null', clusterListeners='[]', serverSelectionTimeout='30000 ms', localThreshold='15 ms'}, socketSettings=SocketSettings{connectTimeoutMS=10000, readTimeoutMS=0, receiveBufferSize=0, proxySettings=ProxySettings{host=null, port=null, username=null, password=null}}, heartbeatSocketSettings=SocketSettings{connectTimeoutMS=10000, readTimeoutMS=10000, receiveBufferSize=0, proxySettings=ProxySettings{host=null, port=null, username=null, password=null}}, connectionPoolSettings=ConnectionPoolSettings{maxSize=100, minSize=0, maxWaitTimeMS=120000, maxConnectionLifeTimeMS=0, maxConnectionIdleTimeMS=0, maintenanceInitialDelayMS=0, maintenanceFrequencyMS=60000, connectionPoolListeners=[], maxConnecting=2}, serverSettings=ServerSettings{heartbeatFrequencyMS=10000, minHeartbeatFrequencyMS=500, serverMonitoringMode=AUTO, serverListeners='[]', serverMonitorListeners='[]'}, sslSettings=SslSettings{enabled=true, invalidHostNameAllowed=false, context=null}, applicationName='null', compressorList=[], uuidRepresentation=JAVA_LEGACY, serverApi=null, autoEncryptionSettings=null, dnsClient=null, inetAddressResolver=null, contextProvider=null, timeoutMS=null}
2025-04-18 20:21:06 INFO  org.mongodb.driver.cluster - Adding discovered server ac-kex050i-shard-00-02.6b69sb9.mongodb.net:27017 to client view of cluster
2025-04-18 20:21:06 INFO  org.mongodb.driver.cluster - Adding discovered server ac-kex050i-shard-00-01.6b69sb9.mongodb.net:27017 to client view of cluster
2025-04-18 20:21:06 INFO  org.mongodb.driver.cluster - Adding discovered server ac-kex050i-shard-00-00.6b69sb9.mongodb.net:27017 to client view of cluster
2025-04-18 20:21:06 INFO  org.mongodb.driver.cluster - Waiting for server to become available for operation with ID 5. Remaining time: 29991 ms. Selector: WritableServerSelector, topology description: {type=REPLICA_SET, servers=[{address=ac-kex050i-shard-00-00.6b69sb9.mongodb.net:27017, type=UNKNOWN, state=CONNECTING}, {address=ac-kex050i-shard-00-02.6b69sb9.mongodb.net:27017, type=UNKNOWN, state=CONNECTING}, {address=ac-kex050i-shard-00-01.6b69sb9.mongodb.net:27017, type=UNKNOWN, state=CONNECTING}].
2025-04-18 20:21:07 INFO  org.mongodb.driver.cluster - Monitor thread successfully connected to server with description ServerDescription{address=ac-kex050i-shard-00-01.6b69sb9.mongodb.net:27017, type=REPLICA_SET_SECONDARY, cryptd=false, state=CONNECTED, ok=true, minWireVersion=0, maxWireVersion=25, maxDocumentSize=16777216, logicalSessionTimeoutMinutes=30, roundTripTimeNanos=424659774, minRoundTripTimeNanos=0, setName='atlas-kry611-shard-0', canonicalAddress=ac-kex050i-shard-00-01.6b69sb9.mongodb.net:27017, hosts=[ac-kex050i-shard-00-02.6b69sb9.mongodb.net:27017, ac-kex050i-shard-00-01.6b69sb9.mongodb.net:27017, ac-kex050i-shard-00-00.6b69sb9.mongodb.net:27017], passives=[], arbiters=[], primary='ac-kex050i-shard-00-02.6b69sb9.mongodb.net:27017', tagSet=TagSet{[Tag{name='availabilityZone', value='aps1-az3'}, Tag{name='diskState', value='READY'}, Tag{name='nodeType', value='ELECTABLE'}, Tag{name='provider', value='AWS'}, Tag{name='region', value='AP_SOUTH_1'}, Tag{name='workloadType', value='OPERATIONAL'}]}, electionId=null, setVersion=1, topologyVersion=TopologyVersion{processId=67f95a88e18c31e0b3801de8, counter=3}, lastWriteDate=Fri Apr 18 20:21:06 GMT+05:45 2025, lastUpdateTimeNanos=19571764397812}
2025-04-18 20:21:07 INFO  org.mongodb.driver.cluster - Monitor thread successfully connected to server with description ServerDescription{address=ac-kex050i-shard-00-00.6b69sb9.mongodb.net:27017, type=REPLICA_SET_SECONDARY, cryptd=false, state=CONNECTED, ok=true, minWireVersion=0, maxWireVersion=25, maxDocumentSize=16777216, logicalSessionTimeoutMinutes=30, roundTripTimeNanos=425700536, minRoundTripTimeNanos=0, setName='atlas-kry611-shard-0', canonicalAddress=ac-kex050i-shard-00-00.6b69sb9.mongodb.net:27017, hosts=[ac-kex050i-shard-00-02.6b69sb9.mongodb.net:27017, ac-kex050i-shard-00-01.6b69sb9.mongodb.net:27017, ac-kex050i-shard-00-00.6b69sb9.mongodb.net:27017], passives=[], arbiters=[], primary='ac-kex050i-shard-00-02.6b69sb9.mongodb.net:27017', tagSet=TagSet{[Tag{name='availabilityZone', value='aps1-az1'}, Tag{name='diskState', value='READY'}, Tag{name='nodeType', value='ELECTABLE'}, Tag{name='provider', value='AWS'}, Tag{name='region', value='AP_SOUTH_1'}, Tag{name='workloadType', value='OPERATIONAL'}]}, electionId=null, setVersion=1, topologyVersion=TopologyVersion{processId=67f957c96e7bebcebef83be4, counter=4}, lastWriteDate=Fri Apr 18 20:21:06 GMT+05:45 2025, lastUpdateTimeNanos=19571764398864}
2025-04-18 20:21:07 INFO  org.mongodb.driver.cluster - Monitor thread successfully connected to server with description ServerDescription{address=ac-kex050i-shard-00-02.6b69sb9.mongodb.net:27017, type=REPLICA_SET_PRIMARY, cryptd=false, state=CONNECTED, ok=true, minWireVersion=0, maxWireVersion=25, maxDocumentSize=16777216, logicalSessionTimeoutMinutes=30, roundTripTimeNanos=424696095, minRoundTripTimeNanos=0, setName='atlas-kry611-shard-0', canonicalAddress=ac-kex050i-shard-00-02.6b69sb9.mongodb.net:27017, hosts=[ac-kex050i-shard-00-02.6b69sb9.mongodb.net:27017, ac-kex050i-shard-00-01.6b69sb9.mongodb.net:27017, ac-kex050i-shard-00-00.6b69sb9.mongodb.net:27017], passives=[], arbiters=[], primary='ac-kex050i-shard-00-02.6b69sb9.mongodb.net:27017', tagSet=TagSet{[Tag{name='availabilityZone', value='aps1-az2'}, Tag{name='diskState', value='READY'}, Tag{name='nodeType', value='ELECTABLE'}, Tag{name='provider', value='AWS'}, Tag{name='region', value='AP_SOUTH_1'}, Tag{name='workloadType', value='OPERATIONAL'}]}, electionId=7fffffff0000000000000009, setVersion=1, topologyVersion=TopologyVersion{processId=67f95943868877c2c3e82ebb, counter=6}, lastWriteDate=Fri Apr 18 20:21:06 GMT+05:45 2025, lastUpdateTimeNanos=19571764398805}
2025-04-18 20:21:07 INFO  org.mongodb.driver.cluster - Discovered replica set primary ac-kex050i-shard-00-02.6b69sb9.mongodb.net:27017 with max election id 7fffffff0000000000000009 and max set version 1
2025-04-18 20:21:08 INFO  o.s.s.c.a.a.c.InitializeAuthenticationProviderBeanManagerConfigurer$InitializeAuthenticationProviderManagerConfigurer - Global AuthenticationManager configured with AuthenticationProvider bean with name authenticationProvider
2025-04-18 20:21:08 WARN  o.s.s.c.a.a.c.InitializeUserDetailsBeanManagerConfigurer$InitializeUserDetailsManagerConfigurer - Global AuthenticationManager configured with an AuthenticationProvider bean. UserDetailsService beans will not be used by Spring Security for automatically configuring username/password login. Consider removing the AuthenticationProvider bean. Alternatively, consider using the UserDetailsService in a manually instantiated DaoAuthenticationProvider. If the current configuration is intentional, to turn off this warning, increase the logging level of 'org.springframework.security.config.annotation.authentication.configuration.InitializeUserDetailsBeanManagerConfigurer' to ERROR
2025-04-18 20:21:09 INFO  o.a.coyote.http11.Http11NioProtocol - Starting ProtocolHandler ["http-nio-8080"]
2025-04-18 20:21:09 INFO  o.s.b.w.e.tomcat.TomcatWebServer - Tomcat started on port 8080 (http) with context path '/'
2025-04-18 20:21:09 INFO  m.d.journalApp.JournalAppApplication - Started JournalAppApplication in 5.646 seconds (process running for 6.777)
2025-04-18 20:21:11 INFO  o.a.c.c.C.[Tomcat].[localhost].[/] - Initializing Spring DispatcherServlet 'dispatcherServlet'
2025-04-18 20:21:11 INFO  o.s.web.servlet.DispatcherServlet - Initializing Servlet 'dispatcherServlet'
2025-04-18 20:21:11 INFO  o.s.web.servlet.DispatcherServlet - Completed initialization in 3 ms
2025-04-18 20:27:24 INFO  o.s.b.w.e.tomcat.GracefulShutdown - Commencing graceful shutdown. Waiting for active requests to complete
2025-04-18 20:27:24 INFO  o.s.b.w.e.tomcat.GracefulShutdown - Graceful shutdown complete
2025-04-18 20:27:33 INFO  o.h.validator.internal.util.Version - HV000001: Hibernate Validator 8.0.2.Final
2025-04-18 20:27:33 INFO  m.d.journalApp.JournalAppApplication - Starting JournalAppApplication using Java 23.0.2 with PID 38662 (/home/malle/Project/journalApp/target/classes started by malle in /home/malle/Project/journalApp)
2025-04-18 20:27:33 INFO  m.d.journalApp.JournalAppApplication - The following 1 profile is active: "dev"
2025-04-18 20:27:34 INFO  o.s.d.r.c.RepositoryConfigurationDelegate - Multiple Spring Data modules found, entering strict repository configuration mode
2025-04-18 20:27:34 INFO  o.s.d.r.c.RepositoryConfigurationDelegate - Bootstrapping Spring Data MongoDB repositories in DEFAULT mode.
2025-04-18 20:27:34 INFO  o.s.d.r.c.RepositoryConfigurationDelegate - Finished Spring Data repository scanning in 246 ms. Found 3 MongoDB repository interfaces.
2025-04-18 20:27:35 INFO  o.s.d.r.c.RepositoryConfigurationDelegate - Multiple Spring Data modules found, entering strict repository configuration mode
2025-04-18 20:27:35 INFO  o.s.d.r.c.RepositoryConfigurationDelegate - Bootstrapping Spring Data Redis repositories in DEFAULT mode.
2025-04-18 20:27:35 INFO  o.s.d.r.c.RepositoryConfigurationExtensionSupport - Spring Data Redis - Could not safely identify store assignment for repository candidate interface malla.dipesh.journalApp.repository.ConfigJournalAppRepository; If you want this repository to be a Redis repository, consider annotating your entities with one of these annotations: org.springframework.data.redis.core.RedisHash (preferred), or consider extending one of the following types with your repository: org.springframework.data.keyvalue.repository.KeyValueRepository
2025-04-18 20:27:35 INFO  o.s.d.r.c.RepositoryConfigurationExtensionSupport - Spring Data Redis - Could not safely identify store assignment for repository candidate interface malla.dipesh.journalApp.repository.JournalEntryRepository; If you want this repository to be a Redis repository, consider annotating your entities with one of these annotations: org.springframework.data.redis.core.RedisHash (preferred), or consider extending one of the following types with your repository: org.springframework.data.keyvalue.repository.KeyValueRepository
2025-04-18 20:27:35 INFO  o.s.d.r.c.RepositoryConfigurationExtensionSupport - Spring Data Redis - Could not safely identify store assignment for repository candidate interface malla.dipesh.journalApp.repository.UserRepository; If you want this repository to be a Redis repository, consider annotating your entities with one of these annotations: org.springframework.data.redis.core.RedisHash (preferred), or consider extending one of the following types with your repository: org.springframework.data.keyvalue.repository.KeyValueRepository
2025-04-18 20:27:35 INFO  o.s.d.r.c.RepositoryConfigurationDelegate - Finished Spring Data repository scanning in 13 ms. Found 0 Redis repository interfaces.
2025-04-18 20:27:35 INFO  o.s.b.w.e.tomcat.TomcatWebServer - Tomcat initialized with port 8080 (http)
2025-04-18 20:27:35 INFO  o.a.coyote.http11.Http11NioProtocol - Initializing ProtocolHandler ["http-nio-8080"]
2025-04-18 20:27:35 INFO  o.a.catalina.core.StandardService - Starting service [Tomcat]
2025-04-18 20:27:35 INFO  o.a.catalina.core.StandardEngine - Starting Servlet engine: [Apache Tomcat/10.1.39]
2025-04-18 20:27:35 INFO  o.a.c.c.C.[Tomcat].[localhost].[/] - Initializing Spring embedded WebApplicationContext
2025-04-18 20:27:35 INFO  o.s.b.w.s.c.ServletWebServerApplicationContext - Root WebApplicationContext: initialization completed in 1750 ms
2025-04-18 20:27:35 INFO  org.mongodb.driver.client - MongoClient with metadata {"driver": {"name": "mongo-java-driver|sync|spring-boot", "version": "5.2.1"}, "os": {"type": "Linux", "name": "Linux", "architecture": "amd64", "version": "6.11.0-21-generic"}, "platform": "Java/Oracle Corporation/23.0.2+7-58"} created with settings MongoClientSettings{readPreference=primary, writeConcern=WriteConcern{w=majority, wTimeout=null ms, journal=null}, retryWrites=true, retryReads=true, readConcern=ReadConcern{level=null}, credential=MongoCredential{mechanism=null, userName='dipeshmallapub', source='admin', password=<hidden>, mechanismProperties=<hidden>}, transportSettings=null, commandListeners=[], codecRegistry=ProvidersCodecRegistry{codecProviders=[ValueCodecProvider{}, BsonValueCodecProvider{}, DBRefCodecProvider{}, DBObjectCodecProvider{}, DocumentCodecProvider{}, CollectionCodecProvider{}, IterableCodecProvider{}, MapCodecProvider{}, GeoJsonCodecProvider{}, GridFSFileCodecProvider{}, Jsr310CodecProvider{}, JsonObjectCodecProvider{}, BsonCodecProvider{}, EnumCodecProvider{}, com.mongodb.client.model.mql.ExpressionCodecProvider@28831d69, com.mongodb.Jep395RecordCodecProvider@315b4202, com.mongodb.KotlinCodecProvider@58e03769]}, loggerSettings=LoggerSettings{maxDocumentLength=1000}, clusterSettings={hosts=[127.0.0.1:27017], srvHost=cluster0.6b69sb9.mongodb.net, srvServiceName=mongodb, mode=MULTIPLE, requiredClusterType=REPLICA_SET, requiredReplicaSetName='atlas-kry611-shard-0', serverSelector='null', clusterListeners='[]', serverSelectionTimeout='30000 ms', localThreshold='15 ms'}, socketSettings=SocketSettings{connectTimeoutMS=10000, readTimeoutMS=0, receiveBufferSize=0, proxySettings=ProxySettings{host=null, port=null, username=null, password=null}}, heartbeatSocketSettings=SocketSettings{connectTimeoutMS=10000, readTimeoutMS=10000, receiveBufferSize=0, proxySettings=ProxySettings{host=null, port=null, username=null, password=null}}, connectionPoolSettings=ConnectionPoolSettings{maxSize=100, minSize=0, maxWaitTimeMS=120000, maxConnectionLifeTimeMS=0, maxConnectionIdleTimeMS=0, maintenanceInitialDelayMS=0, maintenanceFrequencyMS=60000, connectionPoolListeners=[], maxConnecting=2}, serverSettings=ServerSettings{heartbeatFrequencyMS=10000, minHeartbeatFrequencyMS=500, serverMonitoringMode=AUTO, serverListeners='[]', serverMonitorListeners='[]'}, sslSettings=SslSettings{enabled=true, invalidHostNameAllowed=false, context=null}, applicationName='null', compressorList=[], uuidRepresentation=JAVA_LEGACY, serverApi=null, autoEncryptionSettings=null, dnsClient=null, inetAddressResolver=null, contextProvider=null, timeoutMS=null}
2025-04-18 20:27:36 INFO  org.mongodb.driver.cluster - Adding discovered server ac-kex050i-shard-00-02.6b69sb9.mongodb.net:27017 to client view of cluster
2025-04-18 20:27:36 INFO  org.mongodb.driver.cluster - Adding discovered server ac-kex050i-shard-00-00.6b69sb9.mongodb.net:27017 to client view of cluster
2025-04-18 20:27:36 INFO  org.mongodb.driver.cluster - Adding discovered server ac-kex050i-shard-00-01.6b69sb9.mongodb.net:27017 to client view of cluster
2025-04-18 20:27:36 INFO  org.mongodb.driver.cluster - Waiting for server to become available for operation with ID 5. Remaining time: 29988 ms. Selector: WritableServerSelector, topology description: {type=REPLICA_SET, servers=[{address=ac-kex050i-shard-00-00.6b69sb9.mongodb.net:27017, type=UNKNOWN, state=CONNECTING}, {address=ac-kex050i-shard-00-02.6b69sb9.mongodb.net:27017, type=UNKNOWN, state=CONNECTING}, {address=ac-kex050i-shard-00-01.6b69sb9.mongodb.net:27017, type=UNKNOWN, state=CONNECTING}].
2025-04-18 20:27:37 INFO  org.mongodb.driver.cluster - Monitor thread successfully connected to server with description ServerDescription{address=ac-kex050i-shard-00-01.6b69sb9.mongodb.net:27017, type=REPLICA_SET_SECONDARY, cryptd=false, state=CONNECTED, ok=true, minWireVersion=0, maxWireVersion=25, maxDocumentSize=16777216, logicalSessionTimeoutMinutes=30, roundTripTimeNanos=494933874, minRoundTripTimeNanos=0, setName='atlas-kry611-shard-0', canonicalAddress=ac-kex050i-shard-00-01.6b69sb9.mongodb.net:27017, hosts=[ac-kex050i-shard-00-02.6b69sb9.mongodb.net:27017, ac-kex050i-shard-00-01.6b69sb9.mongodb.net:27017, ac-kex050i-shard-00-00.6b69sb9.mongodb.net:27017], passives=[], arbiters=[], primary='ac-kex050i-shard-00-02.6b69sb9.mongodb.net:27017', tagSet=TagSet{[Tag{name='availabilityZone', value='aps1-az3'}, Tag{name='diskState', value='READY'}, Tag{name='nodeType', value='ELECTABLE'}, Tag{name='provider', value='AWS'}, Tag{name='region', value='AP_SOUTH_1'}, Tag{name='workloadType', value='OPERATIONAL'}]}, electionId=null, setVersion=1, topologyVersion=TopologyVersion{processId=67f95a88e18c31e0b3801de8, counter=3}, lastWriteDate=Fri Apr 18 20:27:37 GMT+05:45 2025, lastUpdateTimeNanos=19961410087633}
2025-04-18 20:27:41 INFO  org.mongodb.driver.cluster - Monitor thread successfully connected to server with description ServerDescription{address=ac-kex050i-shard-00-00.6b69sb9.mongodb.net:27017, type=REPLICA_SET_SECONDARY, cryptd=false, state=CONNECTED, ok=true, minWireVersion=0, maxWireVersion=25, maxDocumentSize=16777216, logicalSessionTimeoutMinutes=30, roundTripTimeNanos=160409634, minRoundTripTimeNanos=0, setName='atlas-kry611-shard-0', canonicalAddress=ac-kex050i-shard-00-00.6b69sb9.mongodb.net:27017, hosts=[ac-kex050i-shard-00-02.6b69sb9.mongodb.net:27017, ac-kex050i-shard-00-01.6b69sb9.mongodb.net:27017, ac-kex050i-shard-00-00.6b69sb9.mongodb.net:27017], passives=[], arbiters=[], primary='ac-kex050i-shard-00-02.6b69sb9.mongodb.net:27017', tagSet=TagSet{[Tag{name='availabilityZone', value='aps1-az1'}, Tag{name='diskState', value='READY'}, Tag{name='nodeType', value='ELECTABLE'}, Tag{name='provider', value='AWS'}, Tag{name='region', value='AP_SOUTH_1'}, Tag{name='workloadType', value='OPERATIONAL'}]}, electionId=null, setVersion=1, topologyVersion=TopologyVersion{processId=67f957c96e7bebcebef83be4, counter=4}, lastWriteDate=Fri Apr 18 20:27:41 GMT+05:45 2025, lastUpdateTimeNanos=19965819820505}
2025-04-18 20:27:41 INFO  org.mongodb.driver.cluster - Monitor thread successfully connected to server with description ServerDescription{address=ac-kex050i-shard-00-02.6b69sb9.mongodb.net:27017, type=REPLICA_SET_PRIMARY, cryptd=false, state=CONNECTED, ok=true, minWireVersion=0, maxWireVersion=25, maxDocumentSize=16777216, logicalSessionTimeoutMinutes=30, roundTripTimeNanos=169115579, minRoundTripTimeNanos=0, setName='atlas-kry611-shard-0', canonicalAddress=ac-kex050i-shard-00-02.6b69sb9.mongodb.net:27017, hosts=[ac-kex050i-shard-00-02.6b69sb9.mongodb.net:27017, ac-kex050i-shard-00-01.6b69sb9.mongodb.net:27017, ac-kex050i-shard-00-00.6b69sb9.mongodb.net:27017], passives=[], arbiters=[], primary='ac-kex050i-shard-00-02.6b69sb9.mongodb.net:27017', tagSet=TagSet{[Tag{name='availabilityZone', value='aps1-az2'}, Tag{name='diskState', value='READY'}, Tag{name='nodeType', value='ELECTABLE'}, Tag{name='provider', value='AWS'}, Tag{name='region', value='AP_SOUTH_1'}, Tag{name='workloadType', value='OPERATIONAL'}]}, electionId=7fffffff0000000000000009, setVersion=1, topologyVersion=TopologyVersion{processId=67f95943868877c2c3e82ebb, counter=6}, lastWriteDate=Fri Apr 18 20:27:41 GMT+05:45 2025, lastUpdateTimeNanos=19965823624493}
2025-04-18 20:27:41 INFO  org.mongodb.driver.cluster - Discovered replica set primary ac-kex050i-shard-00-02.6b69sb9.mongodb.net:27017 with max election id 7fffffff0000000000000009 and max set version 1
2025-04-18 20:27:42 INFO  o.s.s.c.a.a.c.InitializeAuthenticationProviderBeanManagerConfigurer$InitializeAuthenticationProviderManagerConfigurer - Global AuthenticationManager configured with AuthenticationProvider bean with name authenticationProvider
2025-04-18 20:27:42 WARN  o.s.s.c.a.a.c.InitializeUserDetailsBeanManagerConfigurer$InitializeUserDetailsManagerConfigurer - Global AuthenticationManager configured with an AuthenticationProvider bean. UserDetailsService beans will not be used by Spring Security for automatically configuring username/password login. Consider removing the AuthenticationProvider bean. Alternatively, consider using the UserDetailsService in a manually instantiated DaoAuthenticationProvider. If the current configuration is intentional, to turn off this warning, increase the logging level of 'org.springframework.security.config.annotation.authentication.configuration.InitializeUserDetailsBeanManagerConfigurer' to ERROR
2025-04-18 20:27:43 INFO  o.a.coyote.http11.Http11NioProtocol - Starting ProtocolHandler ["http-nio-8080"]
2025-04-18 20:27:43 INFO  o.s.b.w.e.tomcat.TomcatWebServer - Tomcat started on port 8080 (http) with context path '/'
2025-04-18 20:27:43 INFO  m.d.journalApp.JournalAppApplication - Started JournalAppApplication in 10.1 seconds (process running for 11.004)
2025-04-18 20:38:59 INFO  o.s.b.w.e.tomcat.GracefulShutdown - Commencing graceful shutdown. Waiting for active requests to complete
2025-04-18 20:38:59 INFO  o.s.b.w.e.tomcat.GracefulShutdown - Graceful shutdown complete
2025-04-18 20:39:04 INFO  o.h.validator.internal.util.Version - HV000001: Hibernate Validator 8.0.2.Final
2025-04-18 20:39:04 INFO  m.d.journalApp.JournalAppApplication - Starting JournalAppApplication using Java 23.0.2 with PID 39713 (/home/malle/Project/journalApp/target/classes started by malle in /home/malle/Project/journalApp)
2025-04-18 20:39:04 INFO  m.d.journalApp.JournalAppApplication - The following 1 profile is active: "dev"
2025-04-18 20:39:05 INFO  o.s.d.r.c.RepositoryConfigurationDelegate - Multiple Spring Data modules found, entering strict repository configuration mode
2025-04-18 20:39:05 INFO  o.s.d.r.c.RepositoryConfigurationDelegate - Bootstrapping Spring Data MongoDB repositories in DEFAULT mode.
2025-04-18 20:39:05 INFO  o.s.d.r.c.RepositoryConfigurationDelegate - Finished Spring Data repository scanning in 133 ms. Found 3 MongoDB repository interfaces.
2025-04-18 20:39:05 INFO  o.s.d.r.c.RepositoryConfigurationDelegate - Multiple Spring Data modules found, entering strict repository configuration mode
2025-04-18 20:39:05 INFO  o.s.d.r.c.RepositoryConfigurationDelegate - Bootstrapping Spring Data Redis repositories in DEFAULT mode.
2025-04-18 20:39:05 INFO  o.s.d.r.c.RepositoryConfigurationExtensionSupport - Spring Data Redis - Could not safely identify store assignment for repository candidate interface malla.dipesh.journalApp.repository.ConfigJournalAppRepository; If you want this repository to be a Redis repository, consider annotating your entities with one of these annotations: org.springframework.data.redis.core.RedisHash (preferred), or consider extending one of the following types with your repository: org.springframework.data.keyvalue.repository.KeyValueRepository
2025-04-18 20:39:05 INFO  o.s.d.r.c.RepositoryConfigurationExtensionSupport - Spring Data Redis - Could not safely identify store assignment for repository candidate interface malla.dipesh.journalApp.repository.JournalEntryRepository; If you want this repository to be a Redis repository, consider annotating your entities with one of these annotations: org.springframework.data.redis.core.RedisHash (preferred), or consider extending one of the following types with your repository: org.springframework.data.keyvalue.repository.KeyValueRepository
2025-04-18 20:39:05 INFO  o.s.d.r.c.RepositoryConfigurationExtensionSupport - Spring Data Redis - Could not safely identify store assignment for repository candidate interface malla.dipesh.journalApp.repository.UserRepository; If you want this repository to be a Redis repository, consider annotating your entities with one of these annotations: org.springframework.data.redis.core.RedisHash (preferred), or consider extending one of the following types with your repository: org.springframework.data.keyvalue.repository.KeyValueRepository
2025-04-18 20:39:05 INFO  o.s.d.r.c.RepositoryConfigurationDelegate - Finished Spring Data repository scanning in 22 ms. Found 0 Redis repository interfaces.
2025-04-18 20:39:06 INFO  o.s.b.w.e.tomcat.TomcatWebServer - Tomcat initialized with port 8080 (http)
2025-04-18 20:39:06 INFO  o.a.coyote.http11.Http11NioProtocol - Initializing ProtocolHandler ["http-nio-8080"]
2025-04-18 20:39:06 INFO  o.a.catalina.core.StandardService - Starting service [Tomcat]
2025-04-18 20:39:06 INFO  o.a.catalina.core.StandardEngine - Starting Servlet engine: [Apache Tomcat/10.1.39]
2025-04-18 20:39:06 INFO  o.a.c.c.C.[Tomcat].[localhost].[/] - Initializing Spring embedded WebApplicationContext
2025-04-18 20:39:06 INFO  o.s.b.w.s.c.ServletWebServerApplicationContext - Root WebApplicationContext: initialization completed in 2128 ms
2025-04-18 20:39:07 INFO  org.mongodb.driver.client - MongoClient with metadata {"driver": {"name": "mongo-java-driver|sync|spring-boot", "version": "5.2.1"}, "os": {"type": "Linux", "name": "Linux", "architecture": "amd64", "version": "6.11.0-21-generic"}, "platform": "Java/Oracle Corporation/23.0.2+7-58"} created with settings MongoClientSettings{readPreference=primary, writeConcern=WriteConcern{w=majority, wTimeout=null ms, journal=null}, retryWrites=true, retryReads=true, readConcern=ReadConcern{level=null}, credential=MongoCredential{mechanism=null, userName='dipeshmallapub', source='admin', password=<hidden>, mechanismProperties=<hidden>}, transportSettings=null, commandListeners=[], codecRegistry=ProvidersCodecRegistry{codecProviders=[ValueCodecProvider{}, BsonValueCodecProvider{}, DBRefCodecProvider{}, DBObjectCodecProvider{}, DocumentCodecProvider{}, CollectionCodecProvider{}, IterableCodecProvider{}, MapCodecProvider{}, GeoJsonCodecProvider{}, GridFSFileCodecProvider{}, Jsr310CodecProvider{}, JsonObjectCodecProvider{}, BsonCodecProvider{}, EnumCodecProvider{}, com.mongodb.client.model.mql.ExpressionCodecProvider@1fa9692b, com.mongodb.Jep395RecordCodecProvider@710afd47, com.mongodb.KotlinCodecProvider@64420e34]}, loggerSettings=LoggerSettings{maxDocumentLength=1000}, clusterSettings={hosts=[127.0.0.1:27017], srvHost=cluster0.6b69sb9.mongodb.net, srvServiceName=mongodb, mode=MULTIPLE, requiredClusterType=REPLICA_SET, requiredReplicaSetName='atlas-kry611-shard-0', serverSelector='null', clusterListeners='[]', serverSelectionTimeout='30000 ms', localThreshold='15 ms'}, socketSettings=SocketSettings{connectTimeoutMS=10000, readTimeoutMS=0, receiveBufferSize=0, proxySettings=ProxySettings{host=null, port=null, username=null, password=null}}, heartbeatSocketSettings=SocketSettings{connectTimeoutMS=10000, readTimeoutMS=10000, receiveBufferSize=0, proxySettings=ProxySettings{host=null, port=null, username=null, password=null}}, connectionPoolSettings=ConnectionPoolSettings{maxSize=100, minSize=0, maxWaitTimeMS=120000, maxConnectionLifeTimeMS=0, maxConnectionIdleTimeMS=0, maintenanceInitialDelayMS=0, maintenanceFrequencyMS=60000, connectionPoolListeners=[], maxConnecting=2}, serverSettings=ServerSettings{heartbeatFrequencyMS=10000, minHeartbeatFrequencyMS=500, serverMonitoringMode=AUTO, serverListeners='[]', serverMonitorListeners='[]'}, sslSettings=SslSettings{enabled=true, invalidHostNameAllowed=false, context=null}, applicationName='null', compressorList=[], uuidRepresentation=JAVA_LEGACY, serverApi=null, autoEncryptionSettings=null, dnsClient=null, inetAddressResolver=null, contextProvider=null, timeoutMS=null}
2025-04-18 20:39:07 INFO  org.mongodb.driver.cluster - Adding discovered server ac-kex050i-shard-00-02.6b69sb9.mongodb.net:27017 to client view of cluster
2025-04-18 20:39:07 INFO  org.mongodb.driver.cluster - Adding discovered server ac-kex050i-shard-00-00.6b69sb9.mongodb.net:27017 to client view of cluster
2025-04-18 20:39:07 INFO  org.mongodb.driver.cluster - Adding discovered server ac-kex050i-shard-00-01.6b69sb9.mongodb.net:27017 to client view of cluster
2025-04-18 20:39:07 INFO  org.mongodb.driver.cluster - Waiting for server to become available for operation with ID 5. Remaining time: 29991 ms. Selector: WritableServerSelector, topology description: {type=REPLICA_SET, servers=[{address=ac-kex050i-shard-00-00.6b69sb9.mongodb.net:27017, type=UNKNOWN, state=CONNECTING}, {address=ac-kex050i-shard-00-02.6b69sb9.mongodb.net:27017, type=UNKNOWN, state=CONNECTING}, {address=ac-kex050i-shard-00-01.6b69sb9.mongodb.net:27017, type=UNKNOWN, state=CONNECTING}].
2025-04-18 20:39:08 INFO  org.mongodb.driver.cluster - Monitor thread successfully connected to server with description ServerDescription{address=ac-kex050i-shard-00-01.6b69sb9.mongodb.net:27017, type=REPLICA_SET_SECONDARY, cryptd=false, state=CONNECTED, ok=true, minWireVersion=0, maxWireVersion=25, maxDocumentSize=16777216, logicalSessionTimeoutMinutes=30, roundTripTimeNanos=787242995, minRoundTripTimeNanos=0, setName='atlas-kry611-shard-0', canonicalAddress=ac-kex050i-shard-00-01.6b69sb9.mongodb.net:27017, hosts=[ac-kex050i-shard-00-02.6b69sb9.mongodb.net:27017, ac-kex050i-shard-00-01.6b69sb9.mongodb.net:27017, ac-kex050i-shard-00-00.6b69sb9.mongodb.net:27017], passives=[], arbiters=[], primary='ac-kex050i-shard-00-02.6b69sb9.mongodb.net:27017', tagSet=TagSet{[Tag{name='availabilityZone', value='aps1-az3'}, Tag{name='diskState', value='READY'}, Tag{name='nodeType', value='ELECTABLE'}, Tag{name='provider', value='AWS'}, Tag{name='region', value='AP_SOUTH_1'}, Tag{name='workloadType', value='OPERATIONAL'}]}, electionId=null, setVersion=1, topologyVersion=TopologyVersion{processId=67f95a88e18c31e0b3801de8, counter=3}, lastWriteDate=Fri Apr 18 20:39:08 GMT+05:45 2025, lastUpdateTimeNanos=20652829805558}
2025-04-18 20:39:08 INFO  org.mongodb.driver.cluster - Monitor thread successfully connected to server with description ServerDescription{address=ac-kex050i-shard-00-02.6b69sb9.mongodb.net:27017, type=REPLICA_SET_PRIMARY, cryptd=false, state=CONNECTED, ok=true, minWireVersion=0, maxWireVersion=25, maxDocumentSize=16777216, logicalSessionTimeoutMinutes=30, roundTripTimeNanos=806518172, minRoundTripTimeNanos=0, setName='atlas-kry611-shard-0', canonicalAddress=ac-kex050i-shard-00-02.6b69sb9.mongodb.net:27017, hosts=[ac-kex050i-shard-00-02.6b69sb9.mongodb.net:27017, ac-kex050i-shard-00-01.6b69sb9.mongodb.net:27017, ac-kex050i-shard-00-00.6b69sb9.mongodb.net:27017], passives=[], arbiters=[], primary='ac-kex050i-shard-00-02.6b69sb9.mongodb.net:27017', tagSet=TagSet{[Tag{name='availabilityZone', value='aps1-az2'}, Tag{name='diskState', value='READY'}, Tag{name='nodeType', value='ELECTABLE'}, Tag{name='provider', value='AWS'}, Tag{name='region', value='AP_SOUTH_1'}, Tag{name='workloadType', value='OPERATIONAL'}]}, electionId=7fffffff0000000000000009, setVersion=1, topologyVersion=TopologyVersion{processId=67f95943868877c2c3e82ebb, counter=6}, lastWriteDate=Fri Apr 18 20:39:08 GMT+05:45 2025, lastUpdateTimeNanos=20652829806233}
2025-04-18 20:39:08 INFO  org.mongodb.driver.cluster - Discovered replica set primary ac-kex050i-shard-00-02.6b69sb9.mongodb.net:27017 with max election id 7fffffff0000000000000009 and max set version 1
2025-04-18 20:39:08 INFO  org.mongodb.driver.cluster - Monitor thread successfully connected to server with description ServerDescription{address=ac-kex050i-shard-00-00.6b69sb9.mongodb.net:27017, type=REPLICA_SET_SECONDARY, cryptd=false, state=CONNECTED, ok=true, minWireVersion=0, maxWireVersion=25, maxDocumentSize=16777216, logicalSessionTimeoutMinutes=30, roundTripTimeNanos=896554406, minRoundTripTimeNanos=0, setName='atlas-kry611-shard-0', canonicalAddress=ac-kex050i-shard-00-00.6b69sb9.mongodb.net:27017, hosts=[ac-kex050i-shard-00-02.6b69sb9.mongodb.net:27017, ac-kex050i-shard-00-01.6b69sb9.mongodb.net:27017, ac-kex050i-shard-00-00.6b69sb9.mongodb.net:27017], passives=[], arbiters=[], primary='ac-kex050i-shard-00-02.6b69sb9.mongodb.net:27017', tagSet=TagSet{[Tag{name='availabilityZone', value='aps1-az1'}, Tag{name='diskState', value='READY'}, Tag{name='nodeType', value='ELECTABLE'}, Tag{name='provider', value='AWS'}, Tag{name='region', value='AP_SOUTH_1'}, Tag{name='workloadType', value='OPERATIONAL'}]}, electionId=null, setVersion=1, topologyVersion=TopologyVersion{processId=67f957c96e7bebcebef83be4, counter=4}, lastWriteDate=Fri Apr 18 20:39:08 GMT+05:45 2025, lastUpdateTimeNanos=20652937900619}
2025-04-18 20:39:10 INFO  o.s.s.c.a.a.c.InitializeAuthenticationProviderBeanManagerConfigurer$InitializeAuthenticationProviderManagerConfigurer - Global AuthenticationManager configured with AuthenticationProvider bean with name authenticationProvider
2025-04-18 20:39:10 WARN  o.s.s.c.a.a.c.InitializeUserDetailsBeanManagerConfigurer$InitializeUserDetailsManagerConfigurer - Global AuthenticationManager configured with an AuthenticationProvider bean. UserDetailsService beans will not be used by Spring Security for automatically configuring username/password login. Consider removing the AuthenticationProvider bean. Alternatively, consider using the UserDetailsService in a manually instantiated DaoAuthenticationProvider. If the current configuration is intentional, to turn off this warning, increase the logging level of 'org.springframework.security.config.annotation.authentication.configuration.InitializeUserDetailsBeanManagerConfigurer' to ERROR
2025-04-18 20:39:11 INFO  o.a.coyote.http11.Http11NioProtocol - Starting ProtocolHandler ["http-nio-8080"]
2025-04-18 20:39:11 INFO  o.s.b.w.e.tomcat.TomcatWebServer - Tomcat started on port 8080 (http) with context path '/'
2025-04-18 20:39:11 INFO  m.d.journalApp.JournalAppApplication - Started JournalAppApplication in 7.097 seconds (process running for 9.135)
2025-04-18 20:39:13 INFO  o.a.c.c.C.[Tomcat].[localhost].[/] - Initializing Spring DispatcherServlet 'dispatcherServlet'
2025-04-18 20:39:13 INFO  o.s.web.servlet.DispatcherServlet - Initializing Servlet 'dispatcherServlet'
2025-04-18 20:39:13 INFO  o.s.web.servlet.DispatcherServlet - Completed initialization in 2 ms
2025-04-18 20:51:34 INFO  o.s.b.w.e.tomcat.GracefulShutdown - Commencing graceful shutdown. Waiting for active requests to complete
2025-04-18 20:51:34 INFO  o.s.b.w.e.tomcat.GracefulShutdown - Graceful shutdown complete
2025-04-18 20:51:41 INFO  o.h.validator.internal.util.Version - HV000001: Hibernate Validator 8.0.2.Final
2025-04-18 20:51:41 INFO  m.d.journalApp.JournalAppApplication - Starting JournalAppApplication using Java 23.0.2 with PID 40846 (/home/malle/Project/journalApp/target/classes started by malle in /home/malle/Project/journalApp)
2025-04-18 20:51:41 INFO  m.d.journalApp.JournalAppApplication - The following 1 profile is active: "dev"
2025-04-18 20:51:41 INFO  o.s.d.r.c.RepositoryConfigurationDelegate - Multiple Spring Data modules found, entering strict repository configuration mode
2025-04-18 20:51:41 INFO  o.s.d.r.c.RepositoryConfigurationDelegate - Bootstrapping Spring Data MongoDB repositories in DEFAULT mode.
2025-04-18 20:51:42 INFO  o.s.d.r.c.RepositoryConfigurationDelegate - Finished Spring Data repository scanning in 194 ms. Found 3 MongoDB repository interfaces.
2025-04-18 20:51:42 INFO  o.s.d.r.c.RepositoryConfigurationDelegate - Multiple Spring Data modules found, entering strict repository configuration mode
2025-04-18 20:51:42 INFO  o.s.d.r.c.RepositoryConfigurationDelegate - Bootstrapping Spring Data Redis repositories in DEFAULT mode.
2025-04-18 20:51:42 INFO  o.s.d.r.c.RepositoryConfigurationExtensionSupport - Spring Data Redis - Could not safely identify store assignment for repository candidate interface malla.dipesh.journalApp.repository.ConfigJournalAppRepository; If you want this repository to be a Redis repository, consider annotating your entities with one of these annotations: org.springframework.data.redis.core.RedisHash (preferred), or consider extending one of the following types with your repository: org.springframework.data.keyvalue.repository.KeyValueRepository
2025-04-18 20:51:42 INFO  o.s.d.r.c.RepositoryConfigurationExtensionSupport - Spring Data Redis - Could not safely identify store assignment for repository candidate interface malla.dipesh.journalApp.repository.JournalEntryRepository; If you want this repository to be a Redis repository, consider annotating your entities with one of these annotations: org.springframework.data.redis.core.RedisHash (preferred), or consider extending one of the following types with your repository: org.springframework.data.keyvalue.repository.KeyValueRepository
2025-04-18 20:51:42 INFO  o.s.d.r.c.RepositoryConfigurationExtensionSupport - Spring Data Redis - Could not safely identify store assignment for repository candidate interface malla.dipesh.journalApp.repository.UserRepository; If you want this repository to be a Redis repository, consider annotating your entities with one of these annotations: org.springframework.data.redis.core.RedisHash (preferred), or consider extending one of the following types with your repository: org.springframework.data.keyvalue.repository.KeyValueRepository
2025-04-18 20:51:42 INFO  o.s.d.r.c.RepositoryConfigurationDelegate - Finished Spring Data repository scanning in 16 ms. Found 0 Redis repository interfaces.
2025-04-18 20:51:43 INFO  o.s.b.w.e.tomcat.TomcatWebServer - Tomcat initialized with port 8080 (http)
2025-04-18 20:51:43 INFO  o.a.coyote.http11.Http11NioProtocol - Initializing ProtocolHandler ["http-nio-8080"]
2025-04-18 20:51:43 INFO  o.a.catalina.core.StandardService - Starting service [Tomcat]
2025-04-18 20:51:43 INFO  o.a.catalina.core.StandardEngine - Starting Servlet engine: [Apache Tomcat/10.1.39]
2025-04-18 20:51:43 INFO  o.a.c.c.C.[Tomcat].[localhost].[/] - Initializing Spring embedded WebApplicationContext
2025-04-18 20:51:43 INFO  o.s.b.w.s.c.ServletWebServerApplicationContext - Root WebApplicationContext: initialization completed in 2180 ms
2025-04-18 20:51:43 INFO  org.mongodb.driver.client - MongoClient with metadata {"driver": {"name": "mongo-java-driver|sync|spring-boot", "version": "5.2.1"}, "os": {"type": "Linux", "name": "Linux", "architecture": "amd64", "version": "6.11.0-21-generic"}, "platform": "Java/Oracle Corporation/23.0.2+7-58"} created with settings MongoClientSettings{readPreference=primary, writeConcern=WriteConcern{w=majority, wTimeout=null ms, journal=null}, retryWrites=true, retryReads=true, readConcern=ReadConcern{level=null}, credential=MongoCredential{mechanism=null, userName='dipeshmallapub', source='admin', password=<hidden>, mechanismProperties=<hidden>}, transportSettings=null, commandListeners=[], codecRegistry=ProvidersCodecRegistry{codecProviders=[ValueCodecProvider{}, BsonValueCodecProvider{}, DBRefCodecProvider{}, DBObjectCodecProvider{}, DocumentCodecProvider{}, CollectionCodecProvider{}, IterableCodecProvider{}, MapCodecProvider{}, GeoJsonCodecProvider{}, GridFSFileCodecProvider{}, Jsr310CodecProvider{}, JsonObjectCodecProvider{}, BsonCodecProvider{}, EnumCodecProvider{}, com.mongodb.client.model.mql.ExpressionCodecProvider@40a8a26f, com.mongodb.Jep395RecordCodecProvider@269308cc, com.mongodb.KotlinCodecProvider@177ddd24]}, loggerSettings=LoggerSettings{maxDocumentLength=1000}, clusterSettings={hosts=[127.0.0.1:27017], srvHost=cluster0.6b69sb9.mongodb.net, srvServiceName=mongodb, mode=MULTIPLE, requiredClusterType=REPLICA_SET, requiredReplicaSetName='atlas-kry611-shard-0', serverSelector='null', clusterListeners='[]', serverSelectionTimeout='30000 ms', localThreshold='15 ms'}, socketSettings=SocketSettings{connectTimeoutMS=10000, readTimeoutMS=0, receiveBufferSize=0, proxySettings=ProxySettings{host=null, port=null, username=null, password=null}}, heartbeatSocketSettings=SocketSettings{connectTimeoutMS=10000, readTimeoutMS=10000, receiveBufferSize=0, proxySettings=ProxySettings{host=null, port=null, username=null, password=null}}, connectionPoolSettings=ConnectionPoolSettings{maxSize=100, minSize=0, maxWaitTimeMS=120000, maxConnectionLifeTimeMS=0, maxConnectionIdleTimeMS=0, maintenanceInitialDelayMS=0, maintenanceFrequencyMS=60000, connectionPoolListeners=[], maxConnecting=2}, serverSettings=ServerSettings{heartbeatFrequencyMS=10000, minHeartbeatFrequencyMS=500, serverMonitoringMode=AUTO, serverListeners='[]', serverMonitorListeners='[]'}, sslSettings=SslSettings{enabled=true, invalidHostNameAllowed=false, context=null}, applicationName='null', compressorList=[], uuidRepresentation=JAVA_LEGACY, serverApi=null, autoEncryptionSettings=null, dnsClient=null, inetAddressResolver=null, contextProvider=null, timeoutMS=null}
2025-04-18 20:51:43 INFO  org.mongodb.driver.cluster - Adding discovered server ac-kex050i-shard-00-02.6b69sb9.mongodb.net:27017 to client view of cluster
2025-04-18 20:51:43 INFO  org.mongodb.driver.cluster - Adding discovered server ac-kex050i-shard-00-00.6b69sb9.mongodb.net:27017 to client view of cluster
2025-04-18 20:51:43 INFO  org.mongodb.driver.cluster - Adding discovered server ac-kex050i-shard-00-01.6b69sb9.mongodb.net:27017 to client view of cluster
2025-04-18 20:51:43 INFO  org.mongodb.driver.cluster - Waiting for server to become available for operation with ID 5. Remaining time: 29977 ms. Selector: WritableServerSelector, topology description: {type=REPLICA_SET, servers=[{address=ac-kex050i-shard-00-00.6b69sb9.mongodb.net:27017, type=UNKNOWN, state=CONNECTING}, {address=ac-kex050i-shard-00-02.6b69sb9.mongodb.net:27017, type=UNKNOWN, state=CONNECTING}, {address=ac-kex050i-shard-00-01.6b69sb9.mongodb.net:27017, type=UNKNOWN, state=CONNECTING}].
2025-04-18 20:51:44 INFO  org.mongodb.driver.cluster - Monitor thread successfully connected to server with description ServerDescription{address=ac-kex050i-shard-00-00.6b69sb9.mongodb.net:27017, type=REPLICA_SET_SECONDARY, cryptd=false, state=CONNECTED, ok=true, minWireVersion=0, maxWireVersion=25, maxDocumentSize=16777216, logicalSessionTimeoutMinutes=30, roundTripTimeNanos=545245303, minRoundTripTimeNanos=0, setName='atlas-kry611-shard-0', canonicalAddress=ac-kex050i-shard-00-00.6b69sb9.mongodb.net:27017, hosts=[ac-kex050i-shard-00-02.6b69sb9.mongodb.net:27017, ac-kex050i-shard-00-01.6b69sb9.mongodb.net:27017, ac-kex050i-shard-00-00.6b69sb9.mongodb.net:27017], passives=[], arbiters=[], primary='ac-kex050i-shard-00-02.6b69sb9.mongodb.net:27017', tagSet=TagSet{[Tag{name='availabilityZone', value='aps1-az1'}, Tag{name='diskState', value='READY'}, Tag{name='nodeType', value='ELECTABLE'}, Tag{name='provider', value='AWS'}, Tag{name='region', value='AP_SOUTH_1'}, Tag{name='workloadType', value='OPERATIONAL'}]}, electionId=null, setVersion=1, topologyVersion=TopologyVersion{processId=67f957c96e7bebcebef83be4, counter=4}, lastWriteDate=Fri Apr 18 20:51:44 GMT+05:45 2025, lastUpdateTimeNanos=21409205973676}
2025-04-18 20:51:44 INFO  org.mongodb.driver.cluster - Monitor thread successfully connected to server with description ServerDescription{address=ac-kex050i-shard-00-01.6b69sb9.mongodb.net:27017, type=REPLICA_SET_SECONDARY, cryptd=false, state=CONNECTED, ok=true, minWireVersion=0, maxWireVersion=25, maxDocumentSize=16777216, logicalSessionTimeoutMinutes=30, roundTripTimeNanos=635604850, minRoundTripTimeNanos=0, setName='atlas-kry611-shard-0', canonicalAddress=ac-kex050i-shard-00-01.6b69sb9.mongodb.net:27017, hosts=[ac-kex050i-shard-00-02.6b69sb9.mongodb.net:27017, ac-kex050i-shard-00-01.6b69sb9.mongodb.net:27017, ac-kex050i-shard-00-00.6b69sb9.mongodb.net:27017], passives=[], arbiters=[], primary='ac-kex050i-shard-00-02.6b69sb9.mongodb.net:27017', tagSet=TagSet{[Tag{name='availabilityZone', value='aps1-az3'}, Tag{name='diskState', value='READY'}, Tag{name='nodeType', value='ELECTABLE'}, Tag{name='provider', value='AWS'}, Tag{name='region', value='AP_SOUTH_1'}, Tag{name='workloadType', value='OPERATIONAL'}]}, electionId=null, setVersion=1, topologyVersion=TopologyVersion{processId=67f95a88e18c31e0b3801de8, counter=3}, lastWriteDate=Fri Apr 18 20:51:44 GMT+05:45 2025, lastUpdateTimeNanos=21409227109542}
2025-04-18 20:51:45 INFO  org.mongodb.driver.cluster - Monitor thread successfully connected to server with description ServerDescription{address=ac-kex050i-shard-00-02.6b69sb9.mongodb.net:27017, type=REPLICA_SET_PRIMARY, cryptd=false, state=CONNECTED, ok=true, minWireVersion=0, maxWireVersion=25, maxDocumentSize=16777216, logicalSessionTimeoutMinutes=30, roundTripTimeNanos=1412229224, minRoundTripTimeNanos=0, setName='atlas-kry611-shard-0', canonicalAddress=ac-kex050i-shard-00-02.6b69sb9.mongodb.net:27017, hosts=[ac-kex050i-shard-00-02.6b69sb9.mongodb.net:27017, ac-kex050i-shard-00-01.6b69sb9.mongodb.net:27017, ac-kex050i-shard-00-00.6b69sb9.mongodb.net:27017], passives=[], arbiters=[], primary='ac-kex050i-shard-00-02.6b69sb9.mongodb.net:27017', tagSet=TagSet{[Tag{name='availabilityZone', value='aps1-az2'}, Tag{name='diskState', value='READY'}, Tag{name='nodeType', value='ELECTABLE'}, Tag{name='provider', value='AWS'}, Tag{name='region', value='AP_SOUTH_1'}, Tag{name='workloadType', value='OPERATIONAL'}]}, electionId=7fffffff0000000000000009, setVersion=1, topologyVersion=TopologyVersion{processId=67f95943868877c2c3e82ebb, counter=6}, lastWriteDate=Fri Apr 18 20:51:45 GMT+05:45 2025, lastUpdateTimeNanos=21410003727021}
2025-04-18 20:51:45 INFO  org.mongodb.driver.cluster - Discovered replica set primary ac-kex050i-shard-00-02.6b69sb9.mongodb.net:27017 with max election id 7fffffff0000000000000009 and max set version 1
2025-04-18 20:51:48 INFO  o.s.s.c.a.a.c.InitializeAuthenticationProviderBeanManagerConfigurer$InitializeAuthenticationProviderManagerConfigurer - Global AuthenticationManager configured with AuthenticationProvider bean with name authenticationProvider
2025-04-18 20:51:48 WARN  o.s.s.c.a.a.c.InitializeUserDetailsBeanManagerConfigurer$InitializeUserDetailsManagerConfigurer - Global AuthenticationManager configured with an AuthenticationProvider bean. UserDetailsService beans will not be used by Spring Security for automatically configuring username/password login. Consider removing the AuthenticationProvider bean. Alternatively, consider using the UserDetailsService in a manually instantiated DaoAuthenticationProvider. If the current configuration is intentional, to turn off this warning, increase the logging level of 'org.springframework.security.config.annotation.authentication.configuration.InitializeUserDetailsBeanManagerConfigurer' to ERROR
2025-04-18 20:51:49 INFO  o.a.coyote.http11.Http11NioProtocol - Starting ProtocolHandler ["http-nio-8080"]
2025-04-18 20:51:49 INFO  o.s.b.w.e.tomcat.TomcatWebServer - Tomcat started on port 8080 (http) with context path '/'
2025-04-18 20:51:49 INFO  m.d.journalApp.JournalAppApplication - Started JournalAppApplication in 8.787 seconds (process running for 11.15)
2025-04-18 20:52:24 INFO  o.a.c.c.C.[Tomcat].[localhost].[/] - Initializing Spring DispatcherServlet 'dispatcherServlet'
2025-04-18 20:52:24 INFO  o.s.web.servlet.DispatcherServlet - Initializing Servlet 'dispatcherServlet'
2025-04-18 20:52:24 INFO  o.s.web.servlet.DispatcherServlet - Completed initialization in 3 ms
2025-04-18 20:54:06 INFO  o.s.b.w.e.tomcat.GracefulShutdown - Commencing graceful shutdown. Waiting for active requests to complete
2025-04-18 20:54:06 INFO  o.s.b.w.e.tomcat.GracefulShutdown - Graceful shutdown complete
2025-04-18 20:54:10 INFO  o.h.validator.internal.util.Version - HV000001: Hibernate Validator 8.0.2.Final
2025-04-18 20:54:10 INFO  m.d.journalApp.JournalAppApplication - Starting JournalAppApplication using Java 23.0.2 with PID 41187 (/home/malle/Project/journalApp/target/classes started by malle in /home/malle/Project/journalApp)
2025-04-18 20:54:10 INFO  m.d.journalApp.JournalAppApplication - The following 1 profile is active: "dev"
2025-04-18 20:54:11 INFO  o.s.d.r.c.RepositoryConfigurationDelegate - Multiple Spring Data modules found, entering strict repository configuration mode
2025-04-18 20:54:11 INFO  o.s.d.r.c.RepositoryConfigurationDelegate - Bootstrapping Spring Data MongoDB repositories in DEFAULT mode.
2025-04-18 20:54:11 INFO  o.s.d.r.c.RepositoryConfigurationDelegate - Finished Spring Data repository scanning in 144 ms. Found 3 MongoDB repository interfaces.
2025-04-18 20:54:11 INFO  o.s.d.r.c.RepositoryConfigurationDelegate - Multiple Spring Data modules found, entering strict repository configuration mode
2025-04-18 20:54:11 INFO  o.s.d.r.c.RepositoryConfigurationDelegate - Bootstrapping Spring Data Redis repositories in DEFAULT mode.
2025-04-18 20:54:11 INFO  o.s.d.r.c.RepositoryConfigurationExtensionSupport - Spring Data Redis - Could not safely identify store assignment for repository candidate interface malla.dipesh.journalApp.repository.ConfigJournalAppRepository; If you want this repository to be a Redis repository, consider annotating your entities with one of these annotations: org.springframework.data.redis.core.RedisHash (preferred), or consider extending one of the following types with your repository: org.springframework.data.keyvalue.repository.KeyValueRepository
2025-04-18 20:54:11 INFO  o.s.d.r.c.RepositoryConfigurationExtensionSupport - Spring Data Redis - Could not safely identify store assignment for repository candidate interface malla.dipesh.journalApp.repository.JournalEntryRepository; If you want this repository to be a Redis repository, consider annotating your entities with one of these annotations: org.springframework.data.redis.core.RedisHash (preferred), or consider extending one of the following types with your repository: org.springframework.data.keyvalue.repository.KeyValueRepository
2025-04-18 20:54:11 INFO  o.s.d.r.c.RepositoryConfigurationExtensionSupport - Spring Data Redis - Could not safely identify store assignment for repository candidate interface malla.dipesh.journalApp.repository.UserRepository; If you want this repository to be a Redis repository, consider annotating your entities with one of these annotations: org.springframework.data.redis.core.RedisHash (preferred), or consider extending one of the following types with your repository: org.springframework.data.keyvalue.repository.KeyValueRepository
2025-04-18 20:54:11 INFO  o.s.d.r.c.RepositoryConfigurationDelegate - Finished Spring Data repository scanning in 15 ms. Found 0 Redis repository interfaces.
2025-04-18 20:54:12 INFO  o.s.b.w.e.tomcat.TomcatWebServer - Tomcat initialized with port 8080 (http)
2025-04-18 20:54:12 INFO  o.a.coyote.http11.Http11NioProtocol - Initializing ProtocolHandler ["http-nio-8080"]
2025-04-18 20:54:12 INFO  o.a.catalina.core.StandardService - Starting service [Tomcat]
2025-04-18 20:54:12 INFO  o.a.catalina.core.StandardEngine - Starting Servlet engine: [Apache Tomcat/10.1.39]
2025-04-18 20:54:12 INFO  o.a.c.c.C.[Tomcat].[localhost].[/] - Initializing Spring embedded WebApplicationContext
2025-04-18 20:54:12 INFO  o.s.b.w.s.c.ServletWebServerApplicationContext - Root WebApplicationContext: initialization completed in 1861 ms
2025-04-18 20:54:12 INFO  org.mongodb.driver.client - MongoClient with metadata {"driver": {"name": "mongo-java-driver|sync|spring-boot", "version": "5.2.1"}, "os": {"type": "Linux", "name": "Linux", "architecture": "amd64", "version": "6.11.0-21-generic"}, "platform": "Java/Oracle Corporation/23.0.2+7-58"} created with settings MongoClientSettings{readPreference=primary, writeConcern=WriteConcern{w=majority, wTimeout=null ms, journal=null}, retryWrites=true, retryReads=true, readConcern=ReadConcern{level=null}, credential=MongoCredential{mechanism=null, userName='dipeshmallapub', source='admin', password=<hidden>, mechanismProperties=<hidden>}, transportSettings=null, commandListeners=[], codecRegistry=ProvidersCodecRegistry{codecProviders=[ValueCodecProvider{}, BsonValueCodecProvider{}, DBRefCodecProvider{}, DBObjectCodecProvider{}, DocumentCodecProvider{}, CollectionCodecProvider{}, IterableCodecProvider{}, MapCodecProvider{}, GeoJsonCodecProvider{}, GridFSFileCodecProvider{}, Jsr310CodecProvider{}, JsonObjectCodecProvider{}, BsonCodecProvider{}, EnumCodecProvider{}, com.mongodb.client.model.mql.ExpressionCodecProvider@123ca460, com.mongodb.Jep395RecordCodecProvider@11228bee, com.mongodb.KotlinCodecProvider@7d626f2]}, loggerSettings=LoggerSettings{maxDocumentLength=1000}, clusterSettings={hosts=[127.0.0.1:27017], srvHost=cluster0.6b69sb9.mongodb.net, srvServiceName=mongodb, mode=MULTIPLE, requiredClusterType=REPLICA_SET, requiredReplicaSetName='atlas-kry611-shard-0', serverSelector='null', clusterListeners='[]', serverSelectionTimeout='30000 ms', localThreshold='15 ms'}, socketSettings=SocketSettings{connectTimeoutMS=10000, readTimeoutMS=0, receiveBufferSize=0, proxySettings=ProxySettings{host=null, port=null, username=null, password=null}}, heartbeatSocketSettings=SocketSettings{connectTimeoutMS=10000, readTimeoutMS=10000, receiveBufferSize=0, proxySettings=ProxySettings{host=null, port=null, username=null, password=null}}, connectionPoolSettings=ConnectionPoolSettings{maxSize=100, minSize=0, maxWaitTimeMS=120000, maxConnectionLifeTimeMS=0, maxConnectionIdleTimeMS=0, maintenanceInitialDelayMS=0, maintenanceFrequencyMS=60000, connectionPoolListeners=[], maxConnecting=2}, serverSettings=ServerSettings{heartbeatFrequencyMS=10000, minHeartbeatFrequencyMS=500, serverMonitoringMode=AUTO, serverListeners='[]', serverMonitorListeners='[]'}, sslSettings=SslSettings{enabled=true, invalidHostNameAllowed=false, context=null}, applicationName='null', compressorList=[], uuidRepresentation=JAVA_LEGACY, serverApi=null, autoEncryptionSettings=null, dnsClient=null, inetAddressResolver=null, contextProvider=null, timeoutMS=null}
2025-04-18 20:54:12 INFO  org.mongodb.driver.cluster - Adding discovered server ac-kex050i-shard-00-02.6b69sb9.mongodb.net:27017 to client view of cluster
2025-04-18 20:54:12 INFO  org.mongodb.driver.cluster - Adding discovered server ac-kex050i-shard-00-01.6b69sb9.mongodb.net:27017 to client view of cluster
2025-04-18 20:54:12 INFO  org.mongodb.driver.cluster - Adding discovered server ac-kex050i-shard-00-00.6b69sb9.mongodb.net:27017 to client view of cluster
2025-04-18 20:54:12 INFO  org.mongodb.driver.cluster - Waiting for server to become available for operation with ID 5. Remaining time: 29991 ms. Selector: WritableServerSelector, topology description: {type=REPLICA_SET, servers=[{address=ac-kex050i-shard-00-00.6b69sb9.mongodb.net:27017, type=UNKNOWN, state=CONNECTING}, {address=ac-kex050i-shard-00-02.6b69sb9.mongodb.net:27017, type=UNKNOWN, state=CONNECTING}, {address=ac-kex050i-shard-00-01.6b69sb9.mongodb.net:27017, type=UNKNOWN, state=CONNECTING}].
2025-04-18 20:54:18 INFO  org.mongodb.driver.cluster - Monitor thread successfully connected to server with description ServerDescription{address=ac-kex050i-shard-00-00.6b69sb9.mongodb.net:27017, type=REPLICA_SET_SECONDARY, cryptd=false, state=CONNECTED, ok=true, minWireVersion=0, maxWireVersion=25, maxDocumentSize=16777216, logicalSessionTimeoutMinutes=30, roundTripTimeNanos=457384291, minRoundTripTimeNanos=0, setName='atlas-kry611-shard-0', canonicalAddress=ac-kex050i-shard-00-00.6b69sb9.mongodb.net:27017, hosts=[ac-kex050i-shard-00-02.6b69sb9.mongodb.net:27017, ac-kex050i-shard-00-01.6b69sb9.mongodb.net:27017, ac-kex050i-shard-00-00.6b69sb9.mongodb.net:27017], passives=[], arbiters=[], primary='ac-kex050i-shard-00-02.6b69sb9.mongodb.net:27017', tagSet=TagSet{[Tag{name='availabilityZone', value='aps1-az1'}, Tag{name='diskState', value='READY'}, Tag{name='nodeType', value='ELECTABLE'}, Tag{name='provider', value='AWS'}, Tag{name='region', value='AP_SOUTH_1'}, Tag{name='workloadType', value='OPERATIONAL'}]}, electionId=null, setVersion=1, topologyVersion=TopologyVersion{processId=67f957c96e7bebcebef83be4, counter=4}, lastWriteDate=Fri Apr 18 20:54:18 GMT+05:45 2025, lastUpdateTimeNanos=21562939893154}
2025-04-18 20:54:18 INFO  org.mongodb.driver.cluster - Monitor thread successfully connected to server with description ServerDescription{address=ac-kex050i-shard-00-02.6b69sb9.mongodb.net:27017, type=REPLICA_SET_PRIMARY, cryptd=false, state=CONNECTED, ok=true, minWireVersion=0, maxWireVersion=25, maxDocumentSize=16777216, logicalSessionTimeoutMinutes=30, roundTripTimeNanos=457396211, minRoundTripTimeNanos=0, setName='atlas-kry611-shard-0', canonicalAddress=ac-kex050i-shard-00-02.6b69sb9.mongodb.net:27017, hosts=[ac-kex050i-shard-00-02.6b69sb9.mongodb.net:27017, ac-kex050i-shard-00-01.6b69sb9.mongodb.net:27017, ac-kex050i-shard-00-00.6b69sb9.mongodb.net:27017], passives=[], arbiters=[], primary='ac-kex050i-shard-00-02.6b69sb9.mongodb.net:27017', tagSet=TagSet{[Tag{name='availabilityZone', value='aps1-az2'}, Tag{name='diskState', value='READY'}, Tag{name='nodeType', value='ELECTABLE'}, Tag{name='provider', value='AWS'}, Tag{name='region', value='AP_SOUTH_1'}, Tag{name='workloadType', value='OPERATIONAL'}]}, electionId=7fffffff0000000000000009, setVersion=1, topologyVersion=TopologyVersion{processId=67f95943868877c2c3e82ebb, counter=6}, lastWriteDate=Fri Apr 18 20:54:18 GMT+05:45 2025, lastUpdateTimeNanos=21562939893680}
2025-04-18 20:54:18 INFO  org.mongodb.driver.cluster - Monitor thread successfully connected to server with description ServerDescription{address=ac-kex050i-shard-00-01.6b69sb9.mongodb.net:27017, type=REPLICA_SET_SECONDARY, cryptd=false, state=CONNECTED, ok=true, minWireVersion=0, maxWireVersion=25, maxDocumentSize=16777216, logicalSessionTimeoutMinutes=30, roundTripTimeNanos=457395331, minRoundTripTimeNanos=0, setName='atlas-kry611-shard-0', canonicalAddress=ac-kex050i-shard-00-01.6b69sb9.mongodb.net:27017, hosts=[ac-kex050i-shard-00-02.6b69sb9.mongodb.net:27017, ac-kex050i-shard-00-01.6b69sb9.mongodb.net:27017, ac-kex050i-shard-00-00.6b69sb9.mongodb.net:27017], passives=[], arbiters=[], primary='ac-kex050i-shard-00-02.6b69sb9.mongodb.net:27017', tagSet=TagSet{[Tag{name='availabilityZone', value='aps1-az3'}, Tag{name='diskState', value='READY'}, Tag{name='nodeType', value='ELECTABLE'}, Tag{name='provider', value='AWS'}, Tag{name='region', value='AP_SOUTH_1'}, Tag{name='workloadType', value='OPERATIONAL'}]}, electionId=null, setVersion=1, topologyVersion=TopologyVersion{processId=67f95a88e18c31e0b3801de8, counter=3}, lastWriteDate=Fri Apr 18 20:54:18 GMT+05:45 2025, lastUpdateTimeNanos=21562939893724}
2025-04-18 20:54:18 INFO  org.mongodb.driver.cluster - Discovered replica set primary ac-kex050i-shard-00-02.6b69sb9.mongodb.net:27017 with max election id 7fffffff0000000000000009 and max set version 1
2025-04-18 20:54:20 INFO  o.s.s.c.a.a.c.InitializeAuthenticationProviderBeanManagerConfigurer$InitializeAuthenticationProviderManagerConfigurer - Global AuthenticationManager configured with AuthenticationProvider bean with name authenticationProvider
2025-04-18 20:54:20 WARN  o.s.s.c.a.a.c.InitializeUserDetailsBeanManagerConfigurer$InitializeUserDetailsManagerConfigurer - Global AuthenticationManager configured with an AuthenticationProvider bean. UserDetailsService beans will not be used by Spring Security for automatically configuring username/password login. Consider removing the AuthenticationProvider bean. Alternatively, consider using the UserDetailsService in a manually instantiated DaoAuthenticationProvider. If the current configuration is intentional, to turn off this warning, increase the logging level of 'org.springframework.security.config.annotation.authentication.configuration.InitializeUserDetailsBeanManagerConfigurer' to ERROR
2025-04-18 20:54:21 INFO  o.a.coyote.http11.Http11NioProtocol - Starting ProtocolHandler ["http-nio-8080"]
2025-04-18 20:54:21 INFO  o.s.b.w.e.tomcat.TomcatWebServer - Tomcat started on port 8080 (http) with context path '/'
2025-04-18 20:54:21 INFO  m.d.journalApp.JournalAppApplication - Started JournalAppApplication in 11.364 seconds (process running for 13.032)
2025-04-18 20:54:25 INFO  o.a.c.c.C.[Tomcat].[localhost].[/] - Initializing Spring DispatcherServlet 'dispatcherServlet'
2025-04-18 20:54:25 INFO  o.s.web.servlet.DispatcherServlet - Initializing Servlet 'dispatcherServlet'
2025-04-18 20:54:25 INFO  o.s.web.servlet.DispatcherServlet - Completed initialization in 4 ms
2025-04-18 20:54:35 INFO  o.s.b.w.e.tomcat.GracefulShutdown - Commencing graceful shutdown. Waiting for active requests to complete
2025-04-18 20:54:37 INFO  o.s.b.w.e.tomcat.GracefulShutdown - Graceful shutdown complete
2025-04-18 20:54:49 INFO  o.h.validator.internal.util.Version - HV000001: Hibernate Validator 8.0.2.Final
2025-04-18 20:54:49 INFO  m.d.journalApp.JournalAppApplication - Starting JournalAppApplication using Java 23.0.2 with PID 41402 (/home/malle/Project/journalApp/target/classes started by malle in /home/malle/Project/journalApp)
2025-04-18 20:54:49 INFO  m.d.journalApp.JournalAppApplication - The following 1 profile is active: "dev"
2025-04-18 20:54:50 INFO  o.s.d.r.c.RepositoryConfigurationDelegate - Multiple Spring Data modules found, entering strict repository configuration mode
2025-04-18 20:54:50 INFO  o.s.d.r.c.RepositoryConfigurationDelegate - Bootstrapping Spring Data MongoDB repositories in DEFAULT mode.
2025-04-18 20:54:50 INFO  o.s.d.r.c.RepositoryConfigurationDelegate - Finished Spring Data repository scanning in 123 ms. Found 3 MongoDB repository interfaces.
2025-04-18 20:54:50 INFO  o.s.d.r.c.RepositoryConfigurationDelegate - Multiple Spring Data modules found, entering strict repository configuration mode
2025-04-18 20:54:50 INFO  o.s.d.r.c.RepositoryConfigurationDelegate - Bootstrapping Spring Data Redis repositories in DEFAULT mode.
2025-04-18 20:54:50 INFO  o.s.d.r.c.RepositoryConfigurationExtensionSupport - Spring Data Redis - Could not safely identify store assignment for repository candidate interface malla.dipesh.journalApp.repository.ConfigJournalAppRepository; If you want this repository to be a Redis repository, consider annotating your entities with one of these annotations: org.springframework.data.redis.core.RedisHash (preferred), or consider extending one of the following types with your repository: org.springframework.data.keyvalue.repository.KeyValueRepository
2025-04-18 20:54:50 INFO  o.s.d.r.c.RepositoryConfigurationExtensionSupport - Spring Data Redis - Could not safely identify store assignment for repository candidate interface malla.dipesh.journalApp.repository.JournalEntryRepository; If you want this repository to be a Redis repository, consider annotating your entities with one of these annotations: org.springframework.data.redis.core.RedisHash (preferred), or consider extending one of the following types with your repository: org.springframework.data.keyvalue.repository.KeyValueRepository
2025-04-18 20:54:50 INFO  o.s.d.r.c.RepositoryConfigurationExtensionSupport - Spring Data Redis - Could not safely identify store assignment for repository candidate interface malla.dipesh.journalApp.repository.UserRepository; If you want this repository to be a Redis repository, consider annotating your entities with one of these annotations: org.springframework.data.redis.core.RedisHash (preferred), or consider extending one of the following types with your repository: org.springframework.data.keyvalue.repository.KeyValueRepository
2025-04-18 20:54:50 INFO  o.s.d.r.c.RepositoryConfigurationDelegate - Finished Spring Data repository scanning in 15 ms. Found 0 Redis repository interfaces.
2025-04-18 20:54:51 INFO  o.s.b.w.e.tomcat.TomcatWebServer - Tomcat initialized with port 8080 (http)
2025-04-18 20:54:51 INFO  o.a.coyote.http11.Http11NioProtocol - Initializing ProtocolHandler ["http-nio-8080"]
2025-04-18 20:54:51 INFO  o.a.catalina.core.StandardService - Starting service [Tomcat]
2025-04-18 20:54:51 INFO  o.a.catalina.core.StandardEngine - Starting Servlet engine: [Apache Tomcat/10.1.39]
2025-04-18 20:54:51 INFO  o.a.c.c.C.[Tomcat].[localhost].[/] - Initializing Spring embedded WebApplicationContext
2025-04-18 20:54:51 INFO  o.s.b.w.s.c.ServletWebServerApplicationContext - Root WebApplicationContext: initialization completed in 1750 ms
2025-04-18 20:54:54 INFO  org.mongodb.driver.client - MongoClient with metadata {"driver": {"name": "mongo-java-driver|sync|spring-boot", "version": "5.2.1"}, "os": {"type": "Linux", "name": "Linux", "architecture": "amd64", "version": "6.11.0-21-generic"}, "platform": "Java/Oracle Corporation/23.0.2+7-58"} created with settings MongoClientSettings{readPreference=primary, writeConcern=WriteConcern{w=majority, wTimeout=null ms, journal=null}, retryWrites=true, retryReads=true, readConcern=ReadConcern{level=null}, credential=MongoCredential{mechanism=null, userName='dipeshmallapub', source='admin', password=<hidden>, mechanismProperties=<hidden>}, transportSettings=null, commandListeners=[], codecRegistry=ProvidersCodecRegistry{codecProviders=[ValueCodecProvider{}, BsonValueCodecProvider{}, DBRefCodecProvider{}, DBObjectCodecProvider{}, DocumentCodecProvider{}, CollectionCodecProvider{}, IterableCodecProvider{}, MapCodecProvider{}, GeoJsonCodecProvider{}, GridFSFileCodecProvider{}, Jsr310CodecProvider{}, JsonObjectCodecProvider{}, BsonCodecProvider{}, EnumCodecProvider{}, com.mongodb.client.model.mql.ExpressionCodecProvider@349f3ff7, com.mongodb.Jep395RecordCodecProvider@2487e20, com.mongodb.KotlinCodecProvider@3c9f4376]}, loggerSettings=LoggerSettings{maxDocumentLength=1000}, clusterSettings={hosts=[127.0.0.1:27017], srvHost=cluster0.6b69sb9.mongodb.net, srvServiceName=mongodb, mode=MULTIPLE, requiredClusterType=REPLICA_SET, requiredReplicaSetName='atlas-kry611-shard-0', serverSelector='null', clusterListeners='[]', serverSelectionTimeout='30000 ms', localThreshold='15 ms'}, socketSettings=SocketSettings{connectTimeoutMS=10000, readTimeoutMS=0, receiveBufferSize=0, proxySettings=ProxySettings{host=null, port=null, username=null, password=null}}, heartbeatSocketSettings=SocketSettings{connectTimeoutMS=10000, readTimeoutMS=10000, receiveBufferSize=0, proxySettings=ProxySettings{host=null, port=null, username=null, password=null}}, connectionPoolSettings=ConnectionPoolSettings{maxSize=100, minSize=0, maxWaitTimeMS=120000, maxConnectionLifeTimeMS=0, maxConnectionIdleTimeMS=0, maintenanceInitialDelayMS=0, maintenanceFrequencyMS=60000, connectionPoolListeners=[], maxConnecting=2}, serverSettings=ServerSettings{heartbeatFrequencyMS=10000, minHeartbeatFrequencyMS=500, serverMonitoringMode=AUTO, serverListeners='[]', serverMonitorListeners='[]'}, sslSettings=SslSettings{enabled=true, invalidHostNameAllowed=false, context=null}, applicationName='null', compressorList=[], uuidRepresentation=JAVA_LEGACY, serverApi=null, autoEncryptionSettings=null, dnsClient=null, inetAddressResolver=null, contextProvider=null, timeoutMS=null}
2025-04-18 20:54:54 INFO  org.mongodb.driver.cluster - Adding discovered server ac-kex050i-shard-00-02.6b69sb9.mongodb.net:27017 to client view of cluster
2025-04-18 20:54:54 INFO  org.mongodb.driver.cluster - Adding discovered server ac-kex050i-shard-00-01.6b69sb9.mongodb.net:27017 to client view of cluster
2025-04-18 20:54:54 INFO  org.mongodb.driver.cluster - Adding discovered server ac-kex050i-shard-00-00.6b69sb9.mongodb.net:27017 to client view of cluster
2025-04-18 20:54:55 INFO  org.mongodb.driver.cluster - Waiting for server to become available for operation with ID 5. Remaining time: 29992 ms. Selector: WritableServerSelector, topology description: {type=REPLICA_SET, servers=[{address=ac-kex050i-shard-00-00.6b69sb9.mongodb.net:27017, type=UNKNOWN, state=CONNECTING}, {address=ac-kex050i-shard-00-02.6b69sb9.mongodb.net:27017, type=UNKNOWN, state=CONNECTING}, {address=ac-kex050i-shard-00-01.6b69sb9.mongodb.net:27017, type=UNKNOWN, state=CONNECTING}].
2025-04-18 20:54:57 INFO  org.mongodb.driver.cluster - Monitor thread successfully connected to server with description ServerDescription{address=ac-kex050i-shard-00-02.6b69sb9.mongodb.net:27017, type=REPLICA_SET_PRIMARY, cryptd=false, state=CONNECTED, ok=true, minWireVersion=0, maxWireVersion=25, maxDocumentSize=16777216, logicalSessionTimeoutMinutes=30, roundTripTimeNanos=1395313417, minRoundTripTimeNanos=0, setName='atlas-kry611-shard-0', canonicalAddress=ac-kex050i-shard-00-02.6b69sb9.mongodb.net:27017, hosts=[ac-kex050i-shard-00-02.6b69sb9.mongodb.net:27017, ac-kex050i-shard-00-01.6b69sb9.mongodb.net:27017, ac-kex050i-shard-00-00.6b69sb9.mongodb.net:27017], passives=[], arbiters=[], primary='ac-kex050i-shard-00-02.6b69sb9.mongodb.net:27017', tagSet=TagSet{[Tag{name='availabilityZone', value='aps1-az2'}, Tag{name='diskState', value='READY'}, Tag{name='nodeType', value='ELECTABLE'}, Tag{name='provider', value='AWS'}, Tag{name='region', value='AP_SOUTH_1'}, Tag{name='workloadType', value='OPERATIONAL'}]}, electionId=7fffffff0000000000000009, setVersion=1, topologyVersion=TopologyVersion{processId=67f95943868877c2c3e82ebb, counter=6}, lastWriteDate=Fri Apr 18 20:54:54 GMT+05:45 2025, lastUpdateTimeNanos=21601341282950}
2025-04-18 20:54:57 INFO  org.mongodb.driver.cluster - Discovered replica set primary ac-kex050i-shard-00-02.6b69sb9.mongodb.net:27017 with max election id 7fffffff0000000000000009 and max set version 1
2025-04-18 20:54:57 INFO  org.mongodb.driver.cluster - Monitor thread successfully connected to server with description ServerDescription{address=ac-kex050i-shard-00-00.6b69sb9.mongodb.net:27017, type=REPLICA_SET_SECONDARY, cryptd=false, state=CONNECTED, ok=true, minWireVersion=0, maxWireVersion=25, maxDocumentSize=16777216, logicalSessionTimeoutMinutes=30, roundTripTimeNanos=1486145272, minRoundTripTimeNanos=0, setName='atlas-kry611-shard-0', canonicalAddress=ac-kex050i-shard-00-00.6b69sb9.mongodb.net:27017, hosts=[ac-kex050i-shard-00-02.6b69sb9.mongodb.net:27017, ac-kex050i-shard-00-01.6b69sb9.mongodb.net:27017, ac-kex050i-shard-00-00.6b69sb9.mongodb.net:27017], passives=[], arbiters=[], primary='ac-kex050i-shard-00-02.6b69sb9.mongodb.net:27017', tagSet=TagSet{[Tag{name='availabilityZone', value='aps1-az1'}, Tag{name='diskState', value='READY'}, Tag{name='nodeType', value='ELECTABLE'}, Tag{name='provider', value='AWS'}, Tag{name='region', value='AP_SOUTH_1'}, Tag{name='workloadType', value='OPERATIONAL'}]}, electionId=null, setVersion=1, topologyVersion=TopologyVersion{processId=67f957c96e7bebcebef83be4, counter=4}, lastWriteDate=Fri Apr 18 20:54:54 GMT+05:45 2025, lastUpdateTimeNanos=21601432108377}
2025-04-18 20:54:58 INFO  org.mongodb.driver.cluster - Monitor thread successfully connected to server with description ServerDescription{address=ac-kex050i-shard-00-01.6b69sb9.mongodb.net:27017, type=REPLICA_SET_SECONDARY, cryptd=false, state=CONNECTED, ok=true, minWireVersion=0, maxWireVersion=25, maxDocumentSize=16777216, logicalSessionTimeoutMinutes=30, roundTripTimeNanos=2425077798, minRoundTripTimeNanos=0, setName='atlas-kry611-shard-0', canonicalAddress=ac-kex050i-shard-00-01.6b69sb9.mongodb.net:27017, hosts=[ac-kex050i-shard-00-02.6b69sb9.mongodb.net:27017, ac-kex050i-shard-00-01.6b69sb9.mongodb.net:27017, ac-kex050i-shard-00-00.6b69sb9.mongodb.net:27017], passives=[], arbiters=[], primary='ac-kex050i-shard-00-02.6b69sb9.mongodb.net:27017', tagSet=TagSet{[Tag{name='availabilityZone', value='aps1-az3'}, Tag{name='diskState', value='READY'}, Tag{name='nodeType', value='ELECTABLE'}, Tag{name='provider', value='AWS'}, Tag{name='region', value='AP_SOUTH_1'}, Tag{name='workloadType', value='OPERATIONAL'}]}, electionId=null, setVersion=1, topologyVersion=TopologyVersion{processId=67f95a88e18c31e0b3801de8, counter=3}, lastWriteDate=Fri Apr 18 20:54:54 GMT+05:45 2025, lastUpdateTimeNanos=21602371045801}
2025-04-18 20:54:58 INFO  o.s.s.c.a.a.c.InitializeAuthenticationProviderBeanManagerConfigurer$InitializeAuthenticationProviderManagerConfigurer - Global AuthenticationManager configured with AuthenticationProvider bean with name authenticationProvider
2025-04-18 20:54:58 WARN  o.s.s.c.a.a.c.InitializeUserDetailsBeanManagerConfigurer$InitializeUserDetailsManagerConfigurer - Global AuthenticationManager configured with an AuthenticationProvider bean. UserDetailsService beans will not be used by Spring Security for automatically configuring username/password login. Consider removing the AuthenticationProvider bean. Alternatively, consider using the UserDetailsService in a manually instantiated DaoAuthenticationProvider. If the current configuration is intentional, to turn off this warning, increase the logging level of 'org.springframework.security.config.annotation.authentication.configuration.InitializeUserDetailsBeanManagerConfigurer' to ERROR
2025-04-18 20:54:59 INFO  o.a.coyote.http11.Http11NioProtocol - Starting ProtocolHandler ["http-nio-8080"]
2025-04-18 20:54:59 INFO  o.s.b.w.e.tomcat.TomcatWebServer - Tomcat started on port 8080 (http) with context path '/'
2025-04-18 20:54:59 INFO  m.d.journalApp.JournalAppApplication - Started JournalAppApplication in 10.358 seconds (process running for 11.829)
2025-04-18 20:57:08 INFO  org.mongodb.driver.cluster - Exception in monitor thread while connecting to server ac-kex050i-shard-00-01.6b69sb9.mongodb.net:27017
com.mongodb.MongoSocketReadTimeoutException: Timeout while receiving message
	at com.mongodb.internal.connection.InternalStreamConnection.createReadTimeoutException(InternalStreamConnection.java:824)
	at com.mongodb.internal.connection.InternalStreamConnection.translateReadException(InternalStreamConnection.java:812)
	at com.mongodb.internal.connection.InternalStreamConnection.receiveResponseBuffers(InternalStreamConnection.java:862)
	at com.mongodb.internal.connection.InternalStreamConnection.receiveCommandMessageResponse(InternalStreamConnection.java:517)
	at com.mongodb.internal.connection.InternalStreamConnection.receive(InternalStreamConnection.java:469)
	at com.mongodb.internal.connection.DefaultServerMonitor$ServerMonitor.lookupServerDescription(DefaultServerMonitor.java:249)
	at com.mongodb.internal.connection.DefaultServerMonitor$ServerMonitor.run(DefaultServerMonitor.java:176)
Caused by: java.net.SocketTimeoutException: Read timed out
	at java.base/sun.nio.ch.NioSocketImpl.timedRead(NioSocketImpl.java:278)
	at java.base/sun.nio.ch.NioSocketImpl.implRead(NioSocketImpl.java:304)
	at java.base/sun.nio.ch.NioSocketImpl.read(NioSocketImpl.java:346)
	at java.base/sun.nio.ch.NioSocketImpl$1.read(NioSocketImpl.java:796)
	at java.base/java.net.Socket$SocketInputStream.implRead(Socket.java:1116)
	at java.base/java.net.Socket$SocketInputStream.read(Socket.java:1103)
	at java.base/sun.security.ssl.SSLSocketInputRecord.read(SSLSocketInputRecord.java:489)
	at java.base/sun.security.ssl.SSLSocketInputRecord.readHeader(SSLSocketInputRecord.java:483)
	at java.base/sun.security.ssl.SSLSocketInputRecord.bytesInCompletePacket(SSLSocketInputRecord.java:70)
	at java.base/sun.security.ssl.SSLSocketImpl.readApplicationRecord(SSLSocketImpl.java:1462)
	at java.base/sun.security.ssl.SSLSocketImpl$AppInputStream.read(SSLSocketImpl.java:1068)
	at com.mongodb.internal.connection.SocketStream.read(SocketStream.java:182)
	at com.mongodb.internal.connection.InternalStreamConnection.receiveResponseBuffers(InternalStreamConnection.java:829)
	... 4 common frames omitted
2025-04-18 20:57:19 INFO  org.mongodb.driver.cluster - Monitor thread successfully connected to server with description ServerDescription{address=ac-kex050i-shard-00-01.6b69sb9.mongodb.net:27017, type=REPLICA_SET_SECONDARY, cryptd=false, state=CONNECTED, ok=true, minWireVersion=0, maxWireVersion=25, maxDocumentSize=16777216, logicalSessionTimeoutMinutes=30, roundTripTimeNanos=5333135356, minRoundTripTimeNanos=0, setName='atlas-kry611-shard-0', canonicalAddress=ac-kex050i-shard-00-01.6b69sb9.mongodb.net:27017, hosts=[ac-kex050i-shard-00-02.6b69sb9.mongodb.net:27017, ac-kex050i-shard-00-01.6b69sb9.mongodb.net:27017, ac-kex050i-shard-00-00.6b69sb9.mongodb.net:27017], passives=[], arbiters=[], primary='ac-kex050i-shard-00-02.6b69sb9.mongodb.net:27017', tagSet=TagSet{[Tag{name='availabilityZone', value='aps1-az3'}, Tag{name='diskState', value='READY'}, Tag{name='nodeType', value='ELECTABLE'}, Tag{name='provider', value='AWS'}, Tag{name='region', value='AP_SOUTH_1'}, Tag{name='workloadType', value='OPERATIONAL'}]}, electionId=null, setVersion=1, topologyVersion=TopologyVersion{processId=67f95a88e18c31e0b3801de8, counter=3}, lastWriteDate=Fri Apr 18 20:57:19 GMT+05:45 2025, lastUpdateTimeNanos=21744169504261}
2025-04-18 21:01:28 INFO  o.a.c.c.C.[Tomcat].[localhost].[/] - Initializing Spring DispatcherServlet 'dispatcherServlet'
2025-04-18 21:01:28 INFO  o.s.web.servlet.DispatcherServlet - Initializing Servlet 'dispatcherServlet'
2025-04-18 21:01:28 INFO  o.s.web.servlet.DispatcherServlet - Completed initialization in 3 ms
2025-04-18 21:02:41 INFO  o.s.b.w.e.tomcat.GracefulShutdown - Commencing graceful shutdown. Waiting for active requests to complete
2025-04-18 21:02:41 INFO  o.s.b.w.e.tomcat.GracefulShutdown - Graceful shutdown complete
2025-04-18 21:02:47 INFO  o.h.validator.internal.util.Version - HV000001: Hibernate Validator 8.0.2.Final
2025-04-18 21:02:47 INFO  m.d.journalApp.JournalAppApplication - Starting JournalAppApplication using Java 23.0.2 with PID 42389 (/home/malle/Project/journalApp/target/classes started by malle in /home/malle/Project/journalApp)
2025-04-18 21:02:47 INFO  m.d.journalApp.JournalAppApplication - The following 1 profile is active: "dev"
2025-04-18 21:02:48 INFO  o.s.d.r.c.RepositoryConfigurationDelegate - Multiple Spring Data modules found, entering strict repository configuration mode
2025-04-18 21:02:48 INFO  o.s.d.r.c.RepositoryConfigurationDelegate - Bootstrapping Spring Data MongoDB repositories in DEFAULT mode.
2025-04-18 21:02:48 INFO  o.s.d.r.c.RepositoryConfigurationDelegate - Finished Spring Data repository scanning in 137 ms. Found 3 MongoDB repository interfaces.
2025-04-18 21:02:48 INFO  o.s.d.r.c.RepositoryConfigurationDelegate - Multiple Spring Data modules found, entering strict repository configuration mode
2025-04-18 21:02:48 INFO  o.s.d.r.c.RepositoryConfigurationDelegate - Bootstrapping Spring Data Redis repositories in DEFAULT mode.
2025-04-18 21:02:48 INFO  o.s.d.r.c.RepositoryConfigurationExtensionSupport - Spring Data Redis - Could not safely identify store assignment for repository candidate interface malla.dipesh.journalApp.repository.ConfigJournalAppRepository; If you want this repository to be a Redis repository, consider annotating your entities with one of these annotations: org.springframework.data.redis.core.RedisHash (preferred), or consider extending one of the following types with your repository: org.springframework.data.keyvalue.repository.KeyValueRepository
2025-04-18 21:02:48 INFO  o.s.d.r.c.RepositoryConfigurationExtensionSupport - Spring Data Redis - Could not safely identify store assignment for repository candidate interface malla.dipesh.journalApp.repository.JournalEntryRepository; If you want this repository to be a Redis repository, consider annotating your entities with one of these annotations: org.springframework.data.redis.core.RedisHash (preferred), or consider extending one of the following types with your repository: org.springframework.data.keyvalue.repository.KeyValueRepository
2025-04-18 21:02:48 INFO  o.s.d.r.c.RepositoryConfigurationExtensionSupport - Spring Data Redis - Could not safely identify store assignment for repository candidate interface malla.dipesh.journalApp.repository.UserRepository; If you want this repository to be a Redis repository, consider annotating your entities with one of these annotations: org.springframework.data.redis.core.RedisHash (preferred), or consider extending one of the following types with your repository: org.springframework.data.keyvalue.repository.KeyValueRepository
2025-04-18 21:02:48 INFO  o.s.d.r.c.RepositoryConfigurationDelegate - Finished Spring Data repository scanning in 18 ms. Found 0 Redis repository interfaces.
2025-04-18 21:02:49 INFO  o.s.b.w.e.tomcat.TomcatWebServer - Tomcat initialized with port 8080 (http)
2025-04-18 21:02:49 INFO  o.a.coyote.http11.Http11NioProtocol - Initializing ProtocolHandler ["http-nio-8080"]
2025-04-18 21:02:49 INFO  o.a.catalina.core.StandardService - Starting service [Tomcat]
2025-04-18 21:02:49 INFO  o.a.catalina.core.StandardEngine - Starting Servlet engine: [Apache Tomcat/10.1.39]
2025-04-18 21:02:49 INFO  o.a.c.c.C.[Tomcat].[localhost].[/] - Initializing Spring embedded WebApplicationContext
2025-04-18 21:02:49 INFO  o.s.b.w.s.c.ServletWebServerApplicationContext - Root WebApplicationContext: initialization completed in 1931 ms
2025-04-18 21:02:50 INFO  org.mongodb.driver.client - MongoClient with metadata {"driver": {"name": "mongo-java-driver|sync|spring-boot", "version": "5.2.1"}, "os": {"type": "Linux", "name": "Linux", "architecture": "amd64", "version": "6.11.0-21-generic"}, "platform": "Java/Oracle Corporation/23.0.2+7-58"} created with settings MongoClientSettings{readPreference=primary, writeConcern=WriteConcern{w=majority, wTimeout=null ms, journal=null}, retryWrites=true, retryReads=true, readConcern=ReadConcern{level=null}, credential=MongoCredential{mechanism=null, userName='dipeshmallapub', source='admin', password=<hidden>, mechanismProperties=<hidden>}, transportSettings=null, commandListeners=[], codecRegistry=ProvidersCodecRegistry{codecProviders=[ValueCodecProvider{}, BsonValueCodecProvider{}, DBRefCodecProvider{}, DBObjectCodecProvider{}, DocumentCodecProvider{}, CollectionCodecProvider{}, IterableCodecProvider{}, MapCodecProvider{}, GeoJsonCodecProvider{}, GridFSFileCodecProvider{}, Jsr310CodecProvider{}, JsonObjectCodecProvider{}, BsonCodecProvider{}, EnumCodecProvider{}, com.mongodb.client.model.mql.ExpressionCodecProvider@7d626f2, com.mongodb.Jep395RecordCodecProvider@460f1cdb, com.mongodb.KotlinCodecProvider@31e7afde]}, loggerSettings=LoggerSettings{maxDocumentLength=1000}, clusterSettings={hosts=[127.0.0.1:27017], srvHost=cluster0.6b69sb9.mongodb.net, srvServiceName=mongodb, mode=MULTIPLE, requiredClusterType=REPLICA_SET, requiredReplicaSetName='atlas-kry611-shard-0', serverSelector='null', clusterListeners='[]', serverSelectionTimeout='30000 ms', localThreshold='15 ms'}, socketSettings=SocketSettings{connectTimeoutMS=10000, readTimeoutMS=0, receiveBufferSize=0, proxySettings=ProxySettings{host=null, port=null, username=null, password=null}}, heartbeatSocketSettings=SocketSettings{connectTimeoutMS=10000, readTimeoutMS=10000, receiveBufferSize=0, proxySettings=ProxySettings{host=null, port=null, username=null, password=null}}, connectionPoolSettings=ConnectionPoolSettings{maxSize=100, minSize=0, maxWaitTimeMS=120000, maxConnectionLifeTimeMS=0, maxConnectionIdleTimeMS=0, maintenanceInitialDelayMS=0, maintenanceFrequencyMS=60000, connectionPoolListeners=[], maxConnecting=2}, serverSettings=ServerSettings{heartbeatFrequencyMS=10000, minHeartbeatFrequencyMS=500, serverMonitoringMode=AUTO, serverListeners='[]', serverMonitorListeners='[]'}, sslSettings=SslSettings{enabled=true, invalidHostNameAllowed=false, context=null}, applicationName='null', compressorList=[], uuidRepresentation=JAVA_LEGACY, serverApi=null, autoEncryptionSettings=null, dnsClient=null, inetAddressResolver=null, contextProvider=null, timeoutMS=null}
2025-04-18 21:02:50 INFO  org.mongodb.driver.cluster - Adding discovered server ac-kex050i-shard-00-02.6b69sb9.mongodb.net:27017 to client view of cluster
2025-04-18 21:02:50 INFO  org.mongodb.driver.cluster - Adding discovered server ac-kex050i-shard-00-01.6b69sb9.mongodb.net:27017 to client view of cluster
2025-04-18 21:02:50 INFO  org.mongodb.driver.cluster - Adding discovered server ac-kex050i-shard-00-00.6b69sb9.mongodb.net:27017 to client view of cluster
2025-04-18 21:02:50 INFO  org.mongodb.driver.cluster - Waiting for server to become available for operation with ID 5. Remaining time: 29992 ms. Selector: WritableServerSelector, topology description: {type=REPLICA_SET, servers=[{address=ac-kex050i-shard-00-00.6b69sb9.mongodb.net:27017, type=UNKNOWN, state=CONNECTING}, {address=ac-kex050i-shard-00-02.6b69sb9.mongodb.net:27017, type=UNKNOWN, state=CONNECTING}, {address=ac-kex050i-shard-00-01.6b69sb9.mongodb.net:27017, type=UNKNOWN, state=CONNECTING}].
2025-04-18 21:02:51 INFO  org.mongodb.driver.cluster - Monitor thread successfully connected to server with description ServerDescription{address=ac-kex050i-shard-00-01.6b69sb9.mongodb.net:27017, type=REPLICA_SET_SECONDARY, cryptd=false, state=CONNECTED, ok=true, minWireVersion=0, maxWireVersion=25, maxDocumentSize=16777216, logicalSessionTimeoutMinutes=30, roundTripTimeNanos=552015814, minRoundTripTimeNanos=0, setName='atlas-kry611-shard-0', canonicalAddress=ac-kex050i-shard-00-01.6b69sb9.mongodb.net:27017, hosts=[ac-kex050i-shard-00-02.6b69sb9.mongodb.net:27017, ac-kex050i-shard-00-01.6b69sb9.mongodb.net:27017, ac-kex050i-shard-00-00.6b69sb9.mongodb.net:27017], passives=[], arbiters=[], primary='ac-kex050i-shard-00-02.6b69sb9.mongodb.net:27017', tagSet=TagSet{[Tag{name='availabilityZone', value='aps1-az3'}, Tag{name='diskState', value='READY'}, Tag{name='nodeType', value='ELECTABLE'}, Tag{name='provider', value='AWS'}, Tag{name='region', value='AP_SOUTH_1'}, Tag{name='workloadType', value='OPERATIONAL'}]}, electionId=null, setVersion=1, topologyVersion=TopologyVersion{processId=67f95a88e18c31e0b3801de8, counter=3}, lastWriteDate=Fri Apr 18 21:02:48 GMT+05:45 2025, lastUpdateTimeNanos=22075703963481}
2025-04-18 21:02:51 INFO  org.mongodb.driver.cluster - Monitor thread successfully connected to server with description ServerDescription{address=ac-kex050i-shard-00-00.6b69sb9.mongodb.net:27017, type=REPLICA_SET_SECONDARY, cryptd=false, state=CONNECTED, ok=true, minWireVersion=0, maxWireVersion=25, maxDocumentSize=16777216, logicalSessionTimeoutMinutes=30, roundTripTimeNanos=552019572, minRoundTripTimeNanos=0, setName='atlas-kry611-shard-0', canonicalAddress=ac-kex050i-shard-00-00.6b69sb9.mongodb.net:27017, hosts=[ac-kex050i-shard-00-02.6b69sb9.mongodb.net:27017, ac-kex050i-shard-00-01.6b69sb9.mongodb.net:27017, ac-kex050i-shard-00-00.6b69sb9.mongodb.net:27017], passives=[], arbiters=[], primary='ac-kex050i-shard-00-02.6b69sb9.mongodb.net:27017', tagSet=TagSet{[Tag{name='availabilityZone', value='aps1-az1'}, Tag{name='diskState', value='READY'}, Tag{name='nodeType', value='ELECTABLE'}, Tag{name='provider', value='AWS'}, Tag{name='region', value='AP_SOUTH_1'}, Tag{name='workloadType', value='OPERATIONAL'}]}, electionId=null, setVersion=1, topologyVersion=TopologyVersion{processId=67f957c96e7bebcebef83be4, counter=4}, lastWriteDate=Fri Apr 18 21:02:48 GMT+05:45 2025, lastUpdateTimeNanos=22075703963225}
2025-04-18 21:02:51 INFO  org.mongodb.driver.cluster - Monitor thread successfully connected to server with description ServerDescription{address=ac-kex050i-shard-00-02.6b69sb9.mongodb.net:27017, type=REPLICA_SET_PRIMARY, cryptd=false, state=CONNECTED, ok=true, minWireVersion=0, maxWireVersion=25, maxDocumentSize=16777216, logicalSessionTimeoutMinutes=30, roundTripTimeNanos=552018350, minRoundTripTimeNanos=0, setName='atlas-kry611-shard-0', canonicalAddress=ac-kex050i-shard-00-02.6b69sb9.mongodb.net:27017, hosts=[ac-kex050i-shard-00-02.6b69sb9.mongodb.net:27017, ac-kex050i-shard-00-01.6b69sb9.mongodb.net:27017, ac-kex050i-shard-00-00.6b69sb9.mongodb.net:27017], passives=[], arbiters=[], primary='ac-kex050i-shard-00-02.6b69sb9.mongodb.net:27017', tagSet=TagSet{[Tag{name='availabilityZone', value='aps1-az2'}, Tag{name='diskState', value='READY'}, Tag{name='nodeType', value='ELECTABLE'}, Tag{name='provider', value='AWS'}, Tag{name='region', value='AP_SOUTH_1'}, Tag{name='workloadType', value='OPERATIONAL'}]}, electionId=7fffffff0000000000000009, setVersion=1, topologyVersion=TopologyVersion{processId=67f95943868877c2c3e82ebb, counter=6}, lastWriteDate=Fri Apr 18 21:02:48 GMT+05:45 2025, lastUpdateTimeNanos=22075703962238}
2025-04-18 21:02:51 INFO  org.mongodb.driver.cluster - Discovered replica set primary ac-kex050i-shard-00-02.6b69sb9.mongodb.net:27017 with max election id 7fffffff0000000000000009 and max set version 1
2025-04-18 21:02:53 INFO  o.s.s.c.a.a.c.InitializeAuthenticationProviderBeanManagerConfigurer$InitializeAuthenticationProviderManagerConfigurer - Global AuthenticationManager configured with AuthenticationProvider bean with name authenticationProvider
2025-04-18 21:02:53 WARN  o.s.s.c.a.a.c.InitializeUserDetailsBeanManagerConfigurer$InitializeUserDetailsManagerConfigurer - Global AuthenticationManager configured with an AuthenticationProvider bean. UserDetailsService beans will not be used by Spring Security for automatically configuring username/password login. Consider removing the AuthenticationProvider bean. Alternatively, consider using the UserDetailsService in a manually instantiated DaoAuthenticationProvider. If the current configuration is intentional, to turn off this warning, increase the logging level of 'org.springframework.security.config.annotation.authentication.configuration.InitializeUserDetailsBeanManagerConfigurer' to ERROR
2025-04-18 21:02:54 INFO  o.a.coyote.http11.Http11NioProtocol - Starting ProtocolHandler ["http-nio-8080"]
2025-04-18 21:02:54 INFO  o.s.b.w.e.tomcat.TomcatWebServer - Tomcat started on port 8080 (http) with context path '/'
2025-04-18 21:02:54 INFO  m.d.journalApp.JournalAppApplication - Started JournalAppApplication in 7.566 seconds (process running for 9.413)
2025-04-18 21:03:40 INFO  o.a.c.c.C.[Tomcat].[localhost].[/] - Initializing Spring DispatcherServlet 'dispatcherServlet'
2025-04-18 21:03:40 INFO  o.s.web.servlet.DispatcherServlet - Initializing Servlet 'dispatcherServlet'
2025-04-18 21:03:40 INFO  o.s.web.servlet.DispatcherServlet - Completed initialization in 2 ms
2025-04-18 21:04:35 INFO  o.s.b.w.e.tomcat.GracefulShutdown - Commencing graceful shutdown. Waiting for active requests to complete
2025-04-18 21:04:35 INFO  o.s.b.w.e.tomcat.GracefulShutdown - Graceful shutdown complete
2025-04-18 21:05:20 INFO  o.h.validator.internal.util.Version - HV000001: Hibernate Validator 8.0.2.Final
2025-04-18 21:05:20 INFO  m.d.journalApp.JournalAppApplication - Starting JournalAppApplication using Java 23.0.2 with PID 42873 (/home/malle/Project/journalApp/target/classes started by malle in /home/malle/Project/journalApp)
2025-04-18 21:05:20 INFO  m.d.journalApp.JournalAppApplication - The following 1 profile is active: "dev"
2025-04-18 21:05:21 INFO  o.s.d.r.c.RepositoryConfigurationDelegate - Multiple Spring Data modules found, entering strict repository configuration mode
2025-04-18 21:05:21 INFO  o.s.d.r.c.RepositoryConfigurationDelegate - Bootstrapping Spring Data MongoDB repositories in DEFAULT mode.
2025-04-18 21:05:21 INFO  o.s.d.r.c.RepositoryConfigurationDelegate - Finished Spring Data repository scanning in 116 ms. Found 3 MongoDB repository interfaces.
2025-04-18 21:05:21 INFO  o.s.d.r.c.RepositoryConfigurationDelegate - Multiple Spring Data modules found, entering strict repository configuration mode
2025-04-18 21:05:21 INFO  o.s.d.r.c.RepositoryConfigurationDelegate - Bootstrapping Spring Data Redis repositories in DEFAULT mode.
2025-04-18 21:05:21 INFO  o.s.d.r.c.RepositoryConfigurationExtensionSupport - Spring Data Redis - Could not safely identify store assignment for repository candidate interface malla.dipesh.journalApp.repository.ConfigJournalAppRepository; If you want this repository to be a Redis repository, consider annotating your entities with one of these annotations: org.springframework.data.redis.core.RedisHash (preferred), or consider extending one of the following types with your repository: org.springframework.data.keyvalue.repository.KeyValueRepository
2025-04-18 21:05:21 INFO  o.s.d.r.c.RepositoryConfigurationExtensionSupport - Spring Data Redis - Could not safely identify store assignment for repository candidate interface malla.dipesh.journalApp.repository.JournalEntryRepository; If you want this repository to be a Redis repository, consider annotating your entities with one of these annotations: org.springframework.data.redis.core.RedisHash (preferred), or consider extending one of the following types with your repository: org.springframework.data.keyvalue.repository.KeyValueRepository
2025-04-18 21:05:21 INFO  o.s.d.r.c.RepositoryConfigurationExtensionSupport - Spring Data Redis - Could not safely identify store assignment for repository candidate interface malla.dipesh.journalApp.repository.UserRepository; If you want this repository to be a Redis repository, consider annotating your entities with one of these annotations: org.springframework.data.redis.core.RedisHash (preferred), or consider extending one of the following types with your repository: org.springframework.data.keyvalue.repository.KeyValueRepository
2025-04-18 21:05:21 INFO  o.s.d.r.c.RepositoryConfigurationDelegate - Finished Spring Data repository scanning in 13 ms. Found 0 Redis repository interfaces.
2025-04-18 21:05:22 INFO  o.s.b.w.e.tomcat.TomcatWebServer - Tomcat initialized with port 8080 (http)
2025-04-18 21:05:22 INFO  o.a.coyote.http11.Http11NioProtocol - Initializing ProtocolHandler ["http-nio-8080"]
2025-04-18 21:05:22 INFO  o.a.catalina.core.StandardService - Starting service [Tomcat]
2025-04-18 21:05:22 INFO  o.a.catalina.core.StandardEngine - Starting Servlet engine: [Apache Tomcat/10.1.39]
2025-04-18 21:05:22 INFO  o.a.c.c.C.[Tomcat].[localhost].[/] - Initializing Spring embedded WebApplicationContext
2025-04-18 21:05:22 INFO  o.s.b.w.s.c.ServletWebServerApplicationContext - Root WebApplicationContext: initialization completed in 1402 ms
2025-04-18 21:05:22 INFO  org.mongodb.driver.client - MongoClient with metadata {"driver": {"name": "mongo-java-driver|sync|spring-boot", "version": "5.2.1"}, "os": {"type": "Linux", "name": "Linux", "architecture": "amd64", "version": "6.11.0-21-generic"}, "platform": "Java/Oracle Corporation/23.0.2+7-58"} created with settings MongoClientSettings{readPreference=primary, writeConcern=WriteConcern{w=majority, wTimeout=null ms, journal=null}, retryWrites=true, retryReads=true, readConcern=ReadConcern{level=null}, credential=MongoCredential{mechanism=null, userName='dipeshmallapub', source='admin', password=<hidden>, mechanismProperties=<hidden>}, transportSettings=null, commandListeners=[], codecRegistry=ProvidersCodecRegistry{codecProviders=[ValueCodecProvider{}, BsonValueCodecProvider{}, DBRefCodecProvider{}, DBObjectCodecProvider{}, DocumentCodecProvider{}, CollectionCodecProvider{}, IterableCodecProvider{}, MapCodecProvider{}, GeoJsonCodecProvider{}, GridFSFileCodecProvider{}, Jsr310CodecProvider{}, JsonObjectCodecProvider{}, BsonCodecProvider{}, EnumCodecProvider{}, com.mongodb.client.model.mql.ExpressionCodecProvider@6182ffef, com.mongodb.Jep395RecordCodecProvider@49e479da, com.mongodb.KotlinCodecProvider@2d24cdd9]}, loggerSettings=LoggerSettings{maxDocumentLength=1000}, clusterSettings={hosts=[127.0.0.1:27017], srvHost=cluster0.6b69sb9.mongodb.net, srvServiceName=mongodb, mode=MULTIPLE, requiredClusterType=REPLICA_SET, requiredReplicaSetName='atlas-kry611-shard-0', serverSelector='null', clusterListeners='[]', serverSelectionTimeout='30000 ms', localThreshold='15 ms'}, socketSettings=SocketSettings{connectTimeoutMS=10000, readTimeoutMS=0, receiveBufferSize=0, proxySettings=ProxySettings{host=null, port=null, username=null, password=null}}, heartbeatSocketSettings=SocketSettings{connectTimeoutMS=10000, readTimeoutMS=10000, receiveBufferSize=0, proxySettings=ProxySettings{host=null, port=null, username=null, password=null}}, connectionPoolSettings=ConnectionPoolSettings{maxSize=100, minSize=0, maxWaitTimeMS=120000, maxConnectionLifeTimeMS=0, maxConnectionIdleTimeMS=0, maintenanceInitialDelayMS=0, maintenanceFrequencyMS=60000, connectionPoolListeners=[], maxConnecting=2}, serverSettings=ServerSettings{heartbeatFrequencyMS=10000, minHeartbeatFrequencyMS=500, serverMonitoringMode=AUTO, serverListeners='[]', serverMonitorListeners='[]'}, sslSettings=SslSettings{enabled=true, invalidHostNameAllowed=false, context=null}, applicationName='null', compressorList=[], uuidRepresentation=JAVA_LEGACY, serverApi=null, autoEncryptionSettings=null, dnsClient=null, inetAddressResolver=null, contextProvider=null, timeoutMS=null}
2025-04-18 21:05:22 INFO  org.mongodb.driver.cluster - Adding discovered server ac-kex050i-shard-00-02.6b69sb9.mongodb.net:27017 to client view of cluster
2025-04-18 21:05:22 INFO  org.mongodb.driver.cluster - Adding discovered server ac-kex050i-shard-00-01.6b69sb9.mongodb.net:27017 to client view of cluster
2025-04-18 21:05:22 INFO  org.mongodb.driver.cluster - Adding discovered server ac-kex050i-shard-00-00.6b69sb9.mongodb.net:27017 to client view of cluster
2025-04-18 21:05:22 INFO  org.mongodb.driver.cluster - Waiting for server to become available for operation with ID 5. Remaining time: 29992 ms. Selector: WritableServerSelector, topology description: {type=REPLICA_SET, servers=[{address=ac-kex050i-shard-00-00.6b69sb9.mongodb.net:27017, type=UNKNOWN, state=CONNECTING}, {address=ac-kex050i-shard-00-02.6b69sb9.mongodb.net:27017, type=UNKNOWN, state=CONNECTING}, {address=ac-kex050i-shard-00-01.6b69sb9.mongodb.net:27017, type=UNKNOWN, state=CONNECTING}].
2025-04-18 21:05:23 INFO  org.mongodb.driver.cluster - Monitor thread successfully connected to server with description ServerDescription{address=ac-kex050i-shard-00-02.6b69sb9.mongodb.net:27017, type=REPLICA_SET_PRIMARY, cryptd=false, state=CONNECTED, ok=true, minWireVersion=0, maxWireVersion=25, maxDocumentSize=16777216, logicalSessionTimeoutMinutes=30, roundTripTimeNanos=469072888, minRoundTripTimeNanos=0, setName='atlas-kry611-shard-0', canonicalAddress=ac-kex050i-shard-00-02.6b69sb9.mongodb.net:27017, hosts=[ac-kex050i-shard-00-02.6b69sb9.mongodb.net:27017, ac-kex050i-shard-00-01.6b69sb9.mongodb.net:27017, ac-kex050i-shard-00-00.6b69sb9.mongodb.net:27017], passives=[], arbiters=[], primary='ac-kex050i-shard-00-02.6b69sb9.mongodb.net:27017', tagSet=TagSet{[Tag{name='availabilityZone', value='aps1-az2'}, Tag{name='diskState', value='READY'}, Tag{name='nodeType', value='ELECTABLE'}, Tag{name='provider', value='AWS'}, Tag{name='region', value='AP_SOUTH_1'}, Tag{name='workloadType', value='OPERATIONAL'}]}, electionId=7fffffff0000000000000009, setVersion=1, topologyVersion=TopologyVersion{processId=67f95943868877c2c3e82ebb, counter=6}, lastWriteDate=Fri Apr 18 21:05:11 GMT+05:45 2025, lastUpdateTimeNanos=22227656067996}
2025-04-18 21:05:23 INFO  org.mongodb.driver.cluster - Monitor thread successfully connected to server with description ServerDescription{address=ac-kex050i-shard-00-01.6b69sb9.mongodb.net:27017, type=REPLICA_SET_SECONDARY, cryptd=false, state=CONNECTED, ok=true, minWireVersion=0, maxWireVersion=25, maxDocumentSize=16777216, logicalSessionTimeoutMinutes=30, roundTripTimeNanos=469073568, minRoundTripTimeNanos=0, setName='atlas-kry611-shard-0', canonicalAddress=ac-kex050i-shard-00-01.6b69sb9.mongodb.net:27017, hosts=[ac-kex050i-shard-00-02.6b69sb9.mongodb.net:27017, ac-kex050i-shard-00-01.6b69sb9.mongodb.net:27017, ac-kex050i-shard-00-00.6b69sb9.mongodb.net:27017], passives=[], arbiters=[], primary='ac-kex050i-shard-00-02.6b69sb9.mongodb.net:27017', tagSet=TagSet{[Tag{name='availabilityZone', value='aps1-az3'}, Tag{name='diskState', value='READY'}, Tag{name='nodeType', value='ELECTABLE'}, Tag{name='provider', value='AWS'}, Tag{name='region', value='AP_SOUTH_1'}, Tag{name='workloadType', value='OPERATIONAL'}]}, electionId=null, setVersion=1, topologyVersion=TopologyVersion{processId=67f95a88e18c31e0b3801de8, counter=3}, lastWriteDate=Fri Apr 18 21:05:11 GMT+05:45 2025, lastUpdateTimeNanos=22227656069102}
2025-04-18 21:05:23 INFO  org.mongodb.driver.cluster - Monitor thread successfully connected to server with description ServerDescription{address=ac-kex050i-shard-00-00.6b69sb9.mongodb.net:27017, type=REPLICA_SET_SECONDARY, cryptd=false, state=CONNECTED, ok=true, minWireVersion=0, maxWireVersion=25, maxDocumentSize=16777216, logicalSessionTimeoutMinutes=30, roundTripTimeNanos=469073300, minRoundTripTimeNanos=0, setName='atlas-kry611-shard-0', canonicalAddress=ac-kex050i-shard-00-00.6b69sb9.mongodb.net:27017, hosts=[ac-kex050i-shard-00-02.6b69sb9.mongodb.net:27017, ac-kex050i-shard-00-01.6b69sb9.mongodb.net:27017, ac-kex050i-shard-00-00.6b69sb9.mongodb.net:27017], passives=[], arbiters=[], primary='ac-kex050i-shard-00-02.6b69sb9.mongodb.net:27017', tagSet=TagSet{[Tag{name='availabilityZone', value='aps1-az1'}, Tag{name='diskState', value='READY'}, Tag{name='nodeType', value='ELECTABLE'}, Tag{name='provider', value='AWS'}, Tag{name='region', value='AP_SOUTH_1'}, Tag{name='workloadType', value='OPERATIONAL'}]}, electionId=null, setVersion=1, topologyVersion=TopologyVersion{processId=67f957c96e7bebcebef83be4, counter=4}, lastWriteDate=Fri Apr 18 21:05:11 GMT+05:45 2025, lastUpdateTimeNanos=22227656069126}
2025-04-18 21:05:23 INFO  org.mongodb.driver.cluster - Discovered replica set primary ac-kex050i-shard-00-02.6b69sb9.mongodb.net:27017 with max election id 7fffffff0000000000000009 and max set version 1
2025-04-18 21:05:24 INFO  o.s.s.c.a.a.c.InitializeAuthenticationProviderBeanManagerConfigurer$InitializeAuthenticationProviderManagerConfigurer - Global AuthenticationManager configured with AuthenticationProvider bean with name authenticationProvider
2025-04-18 21:05:24 WARN  o.s.s.c.a.a.c.InitializeUserDetailsBeanManagerConfigurer$InitializeUserDetailsManagerConfigurer - Global AuthenticationManager configured with an AuthenticationProvider bean. UserDetailsService beans will not be used by Spring Security for automatically configuring username/password login. Consider removing the AuthenticationProvider bean. Alternatively, consider using the UserDetailsService in a manually instantiated DaoAuthenticationProvider. If the current configuration is intentional, to turn off this warning, increase the logging level of 'org.springframework.security.config.annotation.authentication.configuration.InitializeUserDetailsBeanManagerConfigurer' to ERROR
2025-04-18 21:05:25 INFO  o.a.coyote.http11.Http11NioProtocol - Starting ProtocolHandler ["http-nio-8080"]
2025-04-18 21:05:25 INFO  o.s.b.w.e.tomcat.TomcatWebServer - Tomcat started on port 8080 (http) with context path '/'
2025-04-18 21:05:25 INFO  m.d.journalApp.JournalAppApplication - Started JournalAppApplication in 5.082 seconds (process running for 5.909)
2025-04-18 21:05:28 INFO  o.a.c.c.C.[Tomcat].[localhost].[/] - Initializing Spring DispatcherServlet 'dispatcherServlet'
2025-04-18 21:05:28 INFO  o.s.web.servlet.DispatcherServlet - Initializing Servlet 'dispatcherServlet'
2025-04-18 21:05:28 INFO  o.s.web.servlet.DispatcherServlet - Completed initialization in 2 ms
2025-04-18 21:05:46 INFO  o.s.b.w.e.tomcat.GracefulShutdown - Commencing graceful shutdown. Waiting for active requests to complete
2025-04-18 21:05:46 INFO  o.s.b.w.e.tomcat.GracefulShutdown - Graceful shutdown complete
2025-04-18 21:05:50 INFO  o.h.validator.internal.util.Version - HV000001: Hibernate Validator 8.0.2.Final
2025-04-18 21:05:50 INFO  m.d.journalApp.JournalAppApplication - Starting JournalAppApplication using Java 23.0.2 with PID 43101 (/home/malle/Project/journalApp/target/classes started by malle in /home/malle/Project/journalApp)
2025-04-18 21:05:50 INFO  m.d.journalApp.JournalAppApplication - The following 1 profile is active: "dev"
2025-04-18 21:05:51 INFO  o.s.d.r.c.RepositoryConfigurationDelegate - Multiple Spring Data modules found, entering strict repository configuration mode
2025-04-18 21:05:51 INFO  o.s.d.r.c.RepositoryConfigurationDelegate - Bootstrapping Spring Data MongoDB repositories in DEFAULT mode.
2025-04-18 21:05:51 INFO  o.s.d.r.c.RepositoryConfigurationDelegate - Finished Spring Data repository scanning in 171 ms. Found 3 MongoDB repository interfaces.
2025-04-18 21:05:51 INFO  o.s.d.r.c.RepositoryConfigurationDelegate - Multiple Spring Data modules found, entering strict repository configuration mode
2025-04-18 21:05:51 INFO  o.s.d.r.c.RepositoryConfigurationDelegate - Bootstrapping Spring Data Redis repositories in DEFAULT mode.
2025-04-18 21:05:52 INFO  o.s.d.r.c.RepositoryConfigurationExtensionSupport - Spring Data Redis - Could not safely identify store assignment for repository candidate interface malla.dipesh.journalApp.repository.ConfigJournalAppRepository; If you want this repository to be a Redis repository, consider annotating your entities with one of these annotations: org.springframework.data.redis.core.RedisHash (preferred), or consider extending one of the following types with your repository: org.springframework.data.keyvalue.repository.KeyValueRepository
2025-04-18 21:05:52 INFO  o.s.d.r.c.RepositoryConfigurationExtensionSupport - Spring Data Redis - Could not safely identify store assignment for repository candidate interface malla.dipesh.journalApp.repository.JournalEntryRepository; If you want this repository to be a Redis repository, consider annotating your entities with one of these annotations: org.springframework.data.redis.core.RedisHash (preferred), or consider extending one of the following types with your repository: org.springframework.data.keyvalue.repository.KeyValueRepository
2025-04-18 21:05:52 INFO  o.s.d.r.c.RepositoryConfigurationExtensionSupport - Spring Data Redis - Could not safely identify store assignment for repository candidate interface malla.dipesh.journalApp.repository.UserRepository; If you want this repository to be a Redis repository, consider annotating your entities with one of these annotations: org.springframework.data.redis.core.RedisHash (preferred), or consider extending one of the following types with your repository: org.springframework.data.keyvalue.repository.KeyValueRepository
2025-04-18 21:05:52 INFO  o.s.d.r.c.RepositoryConfigurationDelegate - Finished Spring Data repository scanning in 13 ms. Found 0 Redis repository interfaces.
2025-04-18 21:05:52 INFO  o.s.b.w.e.tomcat.TomcatWebServer - Tomcat initialized with port 8080 (http)
2025-04-18 21:05:52 INFO  o.a.coyote.http11.Http11NioProtocol - Initializing ProtocolHandler ["http-nio-8080"]
2025-04-18 21:05:52 INFO  o.a.catalina.core.StandardService - Starting service [Tomcat]
2025-04-18 21:05:52 INFO  o.a.catalina.core.StandardEngine - Starting Servlet engine: [Apache Tomcat/10.1.39]
2025-04-18 21:05:52 INFO  o.a.c.c.C.[Tomcat].[localhost].[/] - Initializing Spring embedded WebApplicationContext
2025-04-18 21:05:52 INFO  o.s.b.w.s.c.ServletWebServerApplicationContext - Root WebApplicationContext: initialization completed in 1723 ms
2025-04-18 21:05:52 INFO  org.mongodb.driver.cluster - Adding discovered server ac-kex050i-shard-00-02.6b69sb9.mongodb.net:27017 to client view of cluster
2025-04-18 21:05:52 INFO  org.mongodb.driver.client - MongoClient with metadata {"driver": {"name": "mongo-java-driver|sync|spring-boot", "version": "5.2.1"}, "os": {"type": "Linux", "name": "Linux", "architecture": "amd64", "version": "6.11.0-21-generic"}, "platform": "Java/Oracle Corporation/23.0.2+7-58"} created with settings MongoClientSettings{readPreference=primary, writeConcern=WriteConcern{w=majority, wTimeout=null ms, journal=null}, retryWrites=true, retryReads=true, readConcern=ReadConcern{level=null}, credential=MongoCredential{mechanism=null, userName='dipeshmallapub', source='admin', password=<hidden>, mechanismProperties=<hidden>}, transportSettings=null, commandListeners=[], codecRegistry=ProvidersCodecRegistry{codecProviders=[ValueCodecProvider{}, BsonValueCodecProvider{}, DBRefCodecProvider{}, DBObjectCodecProvider{}, DocumentCodecProvider{}, CollectionCodecProvider{}, IterableCodecProvider{}, MapCodecProvider{}, GeoJsonCodecProvider{}, GridFSFileCodecProvider{}, Jsr310CodecProvider{}, JsonObjectCodecProvider{}, BsonCodecProvider{}, EnumCodecProvider{}, com.mongodb.client.model.mql.ExpressionCodecProvider@6f0c45f4, com.mongodb.Jep395RecordCodecProvider@45571cfc, com.mongodb.KotlinCodecProvider@faec277]}, loggerSettings=LoggerSettings{maxDocumentLength=1000}, clusterSettings={hosts=[127.0.0.1:27017], srvHost=cluster0.6b69sb9.mongodb.net, srvServiceName=mongodb, mode=MULTIPLE, requiredClusterType=REPLICA_SET, requiredReplicaSetName='atlas-kry611-shard-0', serverSelector='null', clusterListeners='[]', serverSelectionTimeout='30000 ms', localThreshold='15 ms'}, socketSettings=SocketSettings{connectTimeoutMS=10000, readTimeoutMS=0, receiveBufferSize=0, proxySettings=ProxySettings{host=null, port=null, username=null, password=null}}, heartbeatSocketSettings=SocketSettings{connectTimeoutMS=10000, readTimeoutMS=10000, receiveBufferSize=0, proxySettings=ProxySettings{host=null, port=null, username=null, password=null}}, connectionPoolSettings=ConnectionPoolSettings{maxSize=100, minSize=0, maxWaitTimeMS=120000, maxConnectionLifeTimeMS=0, maxConnectionIdleTimeMS=0, maintenanceInitialDelayMS=0, maintenanceFrequencyMS=60000, connectionPoolListeners=[], maxConnecting=2}, serverSettings=ServerSettings{heartbeatFrequencyMS=10000, minHeartbeatFrequencyMS=500, serverMonitoringMode=AUTO, serverListeners='[]', serverMonitorListeners='[]'}, sslSettings=SslSettings{enabled=true, invalidHostNameAllowed=false, context=null}, applicationName='null', compressorList=[], uuidRepresentation=JAVA_LEGACY, serverApi=null, autoEncryptionSettings=null, dnsClient=null, inetAddressResolver=null, contextProvider=null, timeoutMS=null}
2025-04-18 21:05:52 INFO  org.mongodb.driver.cluster - Adding discovered server ac-kex050i-shard-00-01.6b69sb9.mongodb.net:27017 to client view of cluster
2025-04-18 21:05:52 INFO  org.mongodb.driver.cluster - Adding discovered server ac-kex050i-shard-00-00.6b69sb9.mongodb.net:27017 to client view of cluster
2025-04-18 21:05:53 INFO  org.mongodb.driver.cluster - Waiting for server to become available for operation with ID 5. Remaining time: 29995 ms. Selector: WritableServerSelector, topology description: {type=REPLICA_SET, servers=[{address=ac-kex050i-shard-00-00.6b69sb9.mongodb.net:27017, type=UNKNOWN, state=CONNECTING}, {address=ac-kex050i-shard-00-02.6b69sb9.mongodb.net:27017, type=UNKNOWN, state=CONNECTING}, {address=ac-kex050i-shard-00-01.6b69sb9.mongodb.net:27017, type=UNKNOWN, state=CONNECTING}].
2025-04-18 21:05:53 INFO  org.mongodb.driver.cluster - Monitor thread successfully connected to server with description ServerDescription{address=ac-kex050i-shard-00-01.6b69sb9.mongodb.net:27017, type=REPLICA_SET_SECONDARY, cryptd=false, state=CONNECTED, ok=true, minWireVersion=0, maxWireVersion=25, maxDocumentSize=16777216, logicalSessionTimeoutMinutes=30, roundTripTimeNanos=525221458, minRoundTripTimeNanos=0, setName='atlas-kry611-shard-0', canonicalAddress=ac-kex050i-shard-00-01.6b69sb9.mongodb.net:27017, hosts=[ac-kex050i-shard-00-02.6b69sb9.mongodb.net:27017, ac-kex050i-shard-00-01.6b69sb9.mongodb.net:27017, ac-kex050i-shard-00-00.6b69sb9.mongodb.net:27017], passives=[], arbiters=[], primary='ac-kex050i-shard-00-02.6b69sb9.mongodb.net:27017', tagSet=TagSet{[Tag{name='availabilityZone', value='aps1-az3'}, Tag{name='diskState', value='READY'}, Tag{name='nodeType', value='ELECTABLE'}, Tag{name='provider', value='AWS'}, Tag{name='region', value='AP_SOUTH_1'}, Tag{name='workloadType', value='OPERATIONAL'}]}, electionId=null, setVersion=1, topologyVersion=TopologyVersion{processId=67f95a88e18c31e0b3801de8, counter=3}, lastWriteDate=Fri Apr 18 21:05:53 GMT+05:45 2025, lastUpdateTimeNanos=22257976408961}
2025-04-18 21:05:53 INFO  org.mongodb.driver.cluster - Monitor thread successfully connected to server with description ServerDescription{address=ac-kex050i-shard-00-00.6b69sb9.mongodb.net:27017, type=REPLICA_SET_SECONDARY, cryptd=false, state=CONNECTED, ok=true, minWireVersion=0, maxWireVersion=25, maxDocumentSize=16777216, logicalSessionTimeoutMinutes=30, roundTripTimeNanos=525221339, minRoundTripTimeNanos=0, setName='atlas-kry611-shard-0', canonicalAddress=ac-kex050i-shard-00-00.6b69sb9.mongodb.net:27017, hosts=[ac-kex050i-shard-00-02.6b69sb9.mongodb.net:27017, ac-kex050i-shard-00-01.6b69sb9.mongodb.net:27017, ac-kex050i-shard-00-00.6b69sb9.mongodb.net:27017], passives=[], arbiters=[], primary='ac-kex050i-shard-00-02.6b69sb9.mongodb.net:27017', tagSet=TagSet{[Tag{name='availabilityZone', value='aps1-az1'}, Tag{name='diskState', value='READY'}, Tag{name='nodeType', value='ELECTABLE'}, Tag{name='provider', value='AWS'}, Tag{name='region', value='AP_SOUTH_1'}, Tag{name='workloadType', value='OPERATIONAL'}]}, electionId=null, setVersion=1, topologyVersion=TopologyVersion{processId=67f957c96e7bebcebef83be4, counter=4}, lastWriteDate=Fri Apr 18 21:05:53 GMT+05:45 2025, lastUpdateTimeNanos=22257976408355}
2025-04-18 21:05:53 INFO  org.mongodb.driver.cluster - Monitor thread successfully connected to server with description ServerDescription{address=ac-kex050i-shard-00-02.6b69sb9.mongodb.net:27017, type=REPLICA_SET_PRIMARY, cryptd=false, state=CONNECTED, ok=true, minWireVersion=0, maxWireVersion=25, maxDocumentSize=16777216, logicalSessionTimeoutMinutes=30, roundTripTimeNanos=525259663, minRoundTripTimeNanos=0, setName='atlas-kry611-shard-0', canonicalAddress=ac-kex050i-shard-00-02.6b69sb9.mongodb.net:27017, hosts=[ac-kex050i-shard-00-02.6b69sb9.mongodb.net:27017, ac-kex050i-shard-00-01.6b69sb9.mongodb.net:27017, ac-kex050i-shard-00-00.6b69sb9.mongodb.net:27017], passives=[], arbiters=[], primary='ac-kex050i-shard-00-02.6b69sb9.mongodb.net:27017', tagSet=TagSet{[Tag{name='availabilityZone', value='aps1-az2'}, Tag{name='diskState', value='READY'}, Tag{name='nodeType', value='ELECTABLE'}, Tag{name='provider', value='AWS'}, Tag{name='region', value='AP_SOUTH_1'}, Tag{name='workloadType', value='OPERATIONAL'}]}, electionId=7fffffff0000000000000009, setVersion=1, topologyVersion=TopologyVersion{processId=67f95943868877c2c3e82ebb, counter=6}, lastWriteDate=Fri Apr 18 21:05:53 GMT+05:45 2025, lastUpdateTimeNanos=22257976409132}
2025-04-18 21:05:53 INFO  org.mongodb.driver.cluster - Discovered replica set primary ac-kex050i-shard-00-02.6b69sb9.mongodb.net:27017 with max election id 7fffffff0000000000000009 and max set version 1
2025-04-18 21:05:55 INFO  o.s.s.c.a.a.c.InitializeAuthenticationProviderBeanManagerConfigurer$InitializeAuthenticationProviderManagerConfigurer - Global AuthenticationManager configured with AuthenticationProvider bean with name authenticationProvider
2025-04-18 21:05:55 WARN  o.s.s.c.a.a.c.InitializeUserDetailsBeanManagerConfigurer$InitializeUserDetailsManagerConfigurer - Global AuthenticationManager configured with an AuthenticationProvider bean. UserDetailsService beans will not be used by Spring Security for automatically configuring username/password login. Consider removing the AuthenticationProvider bean. Alternatively, consider using the UserDetailsService in a manually instantiated DaoAuthenticationProvider. If the current configuration is intentional, to turn off this warning, increase the logging level of 'org.springframework.security.config.annotation.authentication.configuration.InitializeUserDetailsBeanManagerConfigurer' to ERROR
2025-04-18 21:05:56 INFO  o.a.coyote.http11.Http11NioProtocol - Starting ProtocolHandler ["http-nio-8080"]
2025-04-18 21:05:56 INFO  o.s.b.w.e.tomcat.TomcatWebServer - Tomcat started on port 8080 (http) with context path '/'
2025-04-18 21:05:56 INFO  m.d.journalApp.JournalAppApplication - Started JournalAppApplication in 6.098 seconds (process running for 7.043)
2025-04-18 21:06:33 INFO  o.a.c.c.C.[Tomcat].[localhost].[/] - Initializing Spring DispatcherServlet 'dispatcherServlet'
2025-04-18 21:06:33 INFO  o.s.web.servlet.DispatcherServlet - Initializing Servlet 'dispatcherServlet'
2025-04-18 21:06:33 INFO  o.s.web.servlet.DispatcherServlet - Completed initialization in 2 ms
2025-04-18 21:06:40 INFO  o.s.b.w.e.tomcat.GracefulShutdown - Commencing graceful shutdown. Waiting for active requests to complete
2025-04-18 21:06:40 INFO  o.s.b.w.e.tomcat.GracefulShutdown - Graceful shutdown complete
