2025-04-12 00:02:44 INFO  o.s.b.w.e.tomcat.GracefulShutdown - Commencing graceful shutdown. Waiting for active requests to complete
2025-04-12 00:02:44 INFO  o.s.b.w.e.tomcat.GracefulShutdown - Graceful shutdown complete
2025-04-12 17:29:27 INFO  o.h.validator.internal.util.Version - HV000001: Hibernate Validator 8.0.2.Final
2025-04-12 17:29:27 INFO  m.d.journalApp.JournalAppApplication - Starting JournalAppApplication using Java 23.0.2 with PID 10063 (/home/malle/Project/journalApp/target/classes started by malle in /home/malle/Project/journalApp)
2025-04-12 17:29:27 INFO  m.d.journalApp.JournalAppApplication - The following 1 profile is active: "dev"
2025-04-12 17:29:28 INFO  o.s.d.r.c.RepositoryConfigurationDelegate - Bootstrapping Spring Data MongoDB repositories in DEFAULT mode.
2025-04-12 17:29:28 INFO  o.s.d.r.c.RepositoryConfigurationDelegate - Finished Spring Data repository scanning in 52 ms. Found 2 MongoDB repository interfaces.
2025-04-12 17:29:28 INFO  o.s.b.w.e.tomcat.TomcatWebServer - Tomcat initialized with port 8080 (http)
2025-04-12 17:29:28 INFO  o.a.coyote.http11.Http11NioProtocol - Initializing ProtocolHandler ["http-nio-8080"]
2025-04-12 17:29:28 INFO  o.a.catalina.core.StandardService - Starting service [Tomcat]
2025-04-12 17:29:28 INFO  o.a.catalina.core.StandardEngine - Starting Servlet engine: [Apache Tomcat/10.1.39]
2025-04-12 17:29:29 INFO  o.a.c.c.C.[Tomcat].[localhost].[/] - Initializing Spring embedded WebApplicationContext
2025-04-12 17:29:29 INFO  o.s.b.w.s.c.ServletWebServerApplicationContext - Root WebApplicationContext: initialization completed in 1709 ms
2025-04-12 17:29:29 INFO  org.mongodb.driver.client - MongoClient with metadata {"driver": {"name": "mongo-java-driver|sync|spring-boot", "version": "5.2.1"}, "os": {"type": "Linux", "name": "Linux", "architecture": "amd64", "version": "6.11.0-21-generic"}, "platform": "Java/Oracle Corporation/23.0.2+7-58"} created with settings MongoClientSettings{readPreference=primary, writeConcern=WriteConcern{w=majority, wTimeout=null ms, journal=null}, retryWrites=true, retryReads=true, readConcern=ReadConcern{level=null}, credential=MongoCredential{mechanism=null, userName='dipeshmallapub', source='admin', password=<hidden>, mechanismProperties=<hidden>}, transportSettings=null, commandListeners=[], codecRegistry=ProvidersCodecRegistry{codecProviders=[ValueCodecProvider{}, BsonValueCodecProvider{}, DBRefCodecProvider{}, DBObjectCodecProvider{}, DocumentCodecProvider{}, CollectionCodecProvider{}, IterableCodecProvider{}, MapCodecProvider{}, GeoJsonCodecProvider{}, GridFSFileCodecProvider{}, Jsr310CodecProvider{}, JsonObjectCodecProvider{}, BsonCodecProvider{}, EnumCodecProvider{}, com.mongodb.client.model.mql.ExpressionCodecProvider@e62319f, com.mongodb.Jep395RecordCodecProvider@4d354a3e, com.mongodb.KotlinCodecProvider@24a0c58b]}, loggerSettings=LoggerSettings{maxDocumentLength=1000}, clusterSettings={hosts=[127.0.0.1:27017], srvHost=cluster0.6b69sb9.mongodb.net, srvServiceName=mongodb, mode=MULTIPLE, requiredClusterType=REPLICA_SET, requiredReplicaSetName='atlas-kry611-shard-0', serverSelector='null', clusterListeners='[]', serverSelectionTimeout='30000 ms', localThreshold='15 ms'}, socketSettings=SocketSettings{connectTimeoutMS=10000, readTimeoutMS=0, receiveBufferSize=0, proxySettings=ProxySettings{host=null, port=null, username=null, password=null}}, heartbeatSocketSettings=SocketSettings{connectTimeoutMS=10000, readTimeoutMS=10000, receiveBufferSize=0, proxySettings=ProxySettings{host=null, port=null, username=null, password=null}}, connectionPoolSettings=ConnectionPoolSettings{maxSize=100, minSize=0, maxWaitTimeMS=120000, maxConnectionLifeTimeMS=0, maxConnectionIdleTimeMS=0, maintenanceInitialDelayMS=0, maintenanceFrequencyMS=60000, connectionPoolListeners=[], maxConnecting=2}, serverSettings=ServerSettings{heartbeatFrequencyMS=10000, minHeartbeatFrequencyMS=500, serverMonitoringMode=AUTO, serverListeners='[]', serverMonitorListeners='[]'}, sslSettings=SslSettings{enabled=true, invalidHostNameAllowed=false, context=null}, applicationName='null', compressorList=[], uuidRepresentation=JAVA_LEGACY, serverApi=null, autoEncryptionSettings=null, dnsClient=null, inetAddressResolver=null, contextProvider=null, timeoutMS=null}
2025-04-12 17:29:29 INFO  org.mongodb.driver.cluster - Adding discovered server ac-kex050i-shard-00-02.6b69sb9.mongodb.net:27017 to client view of cluster
2025-04-12 17:29:29 INFO  org.mongodb.driver.cluster - Adding discovered server ac-kex050i-shard-00-00.6b69sb9.mongodb.net:27017 to client view of cluster
2025-04-12 17:29:29 INFO  org.mongodb.driver.cluster - Adding discovered server ac-kex050i-shard-00-01.6b69sb9.mongodb.net:27017 to client view of cluster
2025-04-12 17:29:30 INFO  org.mongodb.driver.cluster - Waiting for server to become available for operation with ID 5. Remaining time: 29987 ms. Selector: WritableServerSelector, topology description: {type=REPLICA_SET, servers=[{address=ac-kex050i-shard-00-00.6b69sb9.mongodb.net:27017, type=UNKNOWN, state=CONNECTING}, {address=ac-kex050i-shard-00-02.6b69sb9.mongodb.net:27017, type=UNKNOWN, state=CONNECTING}, {address=ac-kex050i-shard-00-01.6b69sb9.mongodb.net:27017, type=UNKNOWN, state=CONNECTING}].
2025-04-12 17:29:45 INFO  org.mongodb.driver.cluster - Exception in monitor thread while connecting to server ac-kex050i-shard-00-00.6b69sb9.mongodb.net:27017
com.mongodb.MongoSocketWriteException: Exception sending message
	at com.mongodb.internal.connection.InternalStreamConnection.throwTranslatedWriteException(InternalStreamConnection.java:790)
	at com.mongodb.internal.connection.InternalStreamConnection.sendMessage(InternalStreamConnection.java:675)
	at com.mongodb.internal.connection.InternalStreamConnection.trySendMessage(InternalStreamConnection.java:507)
	at com.mongodb.internal.connection.InternalStreamConnection.sendCommandMessage(InternalStreamConnection.java:482)
	at com.mongodb.internal.connection.InternalStreamConnection.sendAndReceiveInternal(InternalStreamConnection.java:440)
	at com.mongodb.internal.connection.InternalStreamConnection.lambda$sendAndReceive$0(InternalStreamConnection.java:375)
	at com.mongodb.internal.connection.InternalStreamConnection.sendAndReceive(InternalStreamConnection.java:378)
	at com.mongodb.internal.connection.CommandHelper.sendAndReceive(CommandHelper.java:100)
	at com.mongodb.internal.connection.CommandHelper.executeCommand(CommandHelper.java:49)
	at com.mongodb.internal.connection.InternalStreamConnectionInitializer.initializeConnectionDescription(InternalStreamConnectionInitializer.java:144)
	at com.mongodb.internal.connection.InternalStreamConnectionInitializer.startHandshake(InternalStreamConnectionInitializer.java:79)
	at com.mongodb.internal.connection.InternalStreamConnection.open(InternalStreamConnection.java:235)
	at com.mongodb.internal.connection.DefaultServerMonitor$ServerMonitor.lookupServerDescription(DefaultServerMonitor.java:219)
	at com.mongodb.internal.connection.DefaultServerMonitor$ServerMonitor.run(DefaultServerMonitor.java:176)
Caused by: java.net.SocketTimeoutException: Read timed out
	at java.base/sun.nio.ch.NioSocketImpl.timedRead(NioSocketImpl.java:278)
	at java.base/sun.nio.ch.NioSocketImpl.implRead(NioSocketImpl.java:304)
	at java.base/sun.nio.ch.NioSocketImpl.read(NioSocketImpl.java:346)
	at java.base/sun.nio.ch.NioSocketImpl$1.read(NioSocketImpl.java:796)
	at java.base/java.net.Socket$SocketInputStream.implRead(Socket.java:1116)
	at java.base/java.net.Socket$SocketInputStream.read(Socket.java:1103)
	at java.base/sun.security.ssl.SSLSocketInputRecord.read(SSLSocketInputRecord.java:489)
	at java.base/sun.security.ssl.SSLSocketInputRecord.readHeader(SSLSocketInputRecord.java:483)
	at java.base/sun.security.ssl.SSLSocketInputRecord.decode(SSLSocketInputRecord.java:160)
	at java.base/sun.security.ssl.SSLTransport.decode(SSLTransport.java:111)
	at java.base/sun.security.ssl.SSLSocketImpl.decode(SSLSocketImpl.java:1507)
	at java.base/sun.security.ssl.SSLSocketImpl.readHandshakeRecord(SSLSocketImpl.java:1422)
	at java.base/sun.security.ssl.SSLSocketImpl.startHandshake(SSLSocketImpl.java:455)
	at java.base/sun.security.ssl.SSLSocketImpl.ensureNegotiated(SSLSocketImpl.java:924)
	at java.base/sun.security.ssl.SSLSocketImpl$AppOutputStream.write(SSLSocketImpl.java:1293)
	at com.mongodb.internal.connection.SocketStream.write(SocketStream.java:165)
	at com.mongodb.internal.connection.InternalStreamConnection.sendMessage(InternalStreamConnection.java:672)
	... 12 common frames omitted
2025-04-12 17:29:47 INFO  org.mongodb.driver.cluster - Exception in monitor thread while connecting to server ac-kex050i-shard-00-02.6b69sb9.mongodb.net:27017
com.mongodb.MongoSocketWriteException: Exception sending message
	at com.mongodb.internal.connection.InternalStreamConnection.throwTranslatedWriteException(InternalStreamConnection.java:790)
	at com.mongodb.internal.connection.InternalStreamConnection.sendMessage(InternalStreamConnection.java:675)
	at com.mongodb.internal.connection.InternalStreamConnection.trySendMessage(InternalStreamConnection.java:507)
	at com.mongodb.internal.connection.InternalStreamConnection.sendCommandMessage(InternalStreamConnection.java:482)
	at com.mongodb.internal.connection.InternalStreamConnection.sendAndReceiveInternal(InternalStreamConnection.java:440)
	at com.mongodb.internal.connection.InternalStreamConnection.lambda$sendAndReceive$0(InternalStreamConnection.java:375)
	at com.mongodb.internal.connection.InternalStreamConnection.sendAndReceive(InternalStreamConnection.java:378)
	at com.mongodb.internal.connection.CommandHelper.sendAndReceive(CommandHelper.java:100)
	at com.mongodb.internal.connection.CommandHelper.executeCommand(CommandHelper.java:49)
	at com.mongodb.internal.connection.InternalStreamConnectionInitializer.initializeConnectionDescription(InternalStreamConnectionInitializer.java:144)
	at com.mongodb.internal.connection.InternalStreamConnectionInitializer.startHandshake(InternalStreamConnectionInitializer.java:79)
	at com.mongodb.internal.connection.InternalStreamConnection.open(InternalStreamConnection.java:235)
	at com.mongodb.internal.connection.DefaultServerMonitor$ServerMonitor.lookupServerDescription(DefaultServerMonitor.java:219)
	at com.mongodb.internal.connection.DefaultServerMonitor$ServerMonitor.run(DefaultServerMonitor.java:176)
Caused by: java.net.SocketTimeoutException: Read timed out
	at java.base/sun.nio.ch.NioSocketImpl.timedRead(NioSocketImpl.java:278)
	at java.base/sun.nio.ch.NioSocketImpl.implRead(NioSocketImpl.java:304)
	at java.base/sun.nio.ch.NioSocketImpl.read(NioSocketImpl.java:346)
	at java.base/sun.nio.ch.NioSocketImpl$1.read(NioSocketImpl.java:796)
	at java.base/java.net.Socket$SocketInputStream.implRead(Socket.java:1116)
	at java.base/java.net.Socket$SocketInputStream.read(Socket.java:1103)
	at java.base/sun.security.ssl.SSLSocketInputRecord.read(SSLSocketInputRecord.java:489)
	at java.base/sun.security.ssl.SSLSocketInputRecord.readHeader(SSLSocketInputRecord.java:483)
	at java.base/sun.security.ssl.SSLSocketInputRecord.decode(SSLSocketInputRecord.java:160)
	at java.base/sun.security.ssl.SSLTransport.decode(SSLTransport.java:111)
	at java.base/sun.security.ssl.SSLSocketImpl.decode(SSLSocketImpl.java:1507)
	at java.base/sun.security.ssl.SSLSocketImpl.readHandshakeRecord(SSLSocketImpl.java:1422)
	at java.base/sun.security.ssl.SSLSocketImpl.startHandshake(SSLSocketImpl.java:455)
	at java.base/sun.security.ssl.SSLSocketImpl.ensureNegotiated(SSLSocketImpl.java:924)
	at java.base/sun.security.ssl.SSLSocketImpl$AppOutputStream.write(SSLSocketImpl.java:1293)
	at com.mongodb.internal.connection.SocketStream.write(SocketStream.java:165)
	at com.mongodb.internal.connection.InternalStreamConnection.sendMessage(InternalStreamConnection.java:672)
	... 12 common frames omitted
2025-04-12 17:29:49 INFO  org.mongodb.driver.cluster - Monitor thread successfully connected to server with description ServerDescription{address=ac-kex050i-shard-00-00.6b69sb9.mongodb.net:27017, type=REPLICA_SET_SECONDARY, cryptd=false, state=CONNECTED, ok=true, minWireVersion=0, maxWireVersion=25, maxDocumentSize=16777216, logicalSessionTimeoutMinutes=30, roundTripTimeNanos=765762853, minRoundTripTimeNanos=0, setName='atlas-kry611-shard-0', canonicalAddress=ac-kex050i-shard-00-00.6b69sb9.mongodb.net:27017, hosts=[ac-kex050i-shard-00-02.6b69sb9.mongodb.net:27017, ac-kex050i-shard-00-01.6b69sb9.mongodb.net:27017, ac-kex050i-shard-00-00.6b69sb9.mongodb.net:27017], passives=[], arbiters=[], primary='ac-kex050i-shard-00-02.6b69sb9.mongodb.net:27017', tagSet=TagSet{[Tag{name='availabilityZone', value='aps1-az1'}, Tag{name='diskState', value='READY'}, Tag{name='nodeType', value='ELECTABLE'}, Tag{name='provider', value='AWS'}, Tag{name='region', value='AP_SOUTH_1'}, Tag{name='workloadType', value='OPERATIONAL'}]}, electionId=null, setVersion=1, topologyVersion=TopologyVersion{processId=67f957c96e7bebcebef83be4, counter=4}, lastWriteDate=Sat Apr 12 17:29:31 GMT+05:45 2025, lastUpdateTimeNanos=4410261745693}
2025-04-12 17:29:49 INFO  org.mongodb.driver.cluster - Monitor thread successfully connected to server with description ServerDescription{address=ac-kex050i-shard-00-02.6b69sb9.mongodb.net:27017, type=REPLICA_SET_PRIMARY, cryptd=false, state=CONNECTED, ok=true, minWireVersion=0, maxWireVersion=25, maxDocumentSize=16777216, logicalSessionTimeoutMinutes=30, roundTripTimeNanos=762397101, minRoundTripTimeNanos=0, setName='atlas-kry611-shard-0', canonicalAddress=ac-kex050i-shard-00-02.6b69sb9.mongodb.net:27017, hosts=[ac-kex050i-shard-00-02.6b69sb9.mongodb.net:27017, ac-kex050i-shard-00-01.6b69sb9.mongodb.net:27017, ac-kex050i-shard-00-00.6b69sb9.mongodb.net:27017], passives=[], arbiters=[], primary='ac-kex050i-shard-00-02.6b69sb9.mongodb.net:27017', tagSet=TagSet{[Tag{name='availabilityZone', value='aps1-az2'}, Tag{name='diskState', value='READY'}, Tag{name='nodeType', value='ELECTABLE'}, Tag{name='provider', value='AWS'}, Tag{name='region', value='AP_SOUTH_1'}, Tag{name='workloadType', value='OPERATIONAL'}]}, electionId=7fffffff0000000000000009, setVersion=1, topologyVersion=TopologyVersion{processId=67f95943868877c2c3e82ebb, counter=6}, lastWriteDate=Sat Apr 12 17:29:31 GMT+05:45 2025, lastUpdateTimeNanos=4410274295934}
2025-04-12 17:29:49 INFO  org.mongodb.driver.cluster - Discovered replica set primary ac-kex050i-shard-00-02.6b69sb9.mongodb.net:27017 with max election id 7fffffff0000000000000009 and max set version 1
2025-04-12 17:29:49 INFO  org.mongodb.driver.cluster - Monitor thread successfully connected to server with description ServerDescription{address=ac-kex050i-shard-00-01.6b69sb9.mongodb.net:27017, type=REPLICA_SET_SECONDARY, cryptd=false, state=CONNECTED, ok=true, minWireVersion=0, maxWireVersion=25, maxDocumentSize=16777216, logicalSessionTimeoutMinutes=30, roundTripTimeNanos=473910698, minRoundTripTimeNanos=0, setName='atlas-kry611-shard-0', canonicalAddress=ac-kex050i-shard-00-01.6b69sb9.mongodb.net:27017, hosts=[ac-kex050i-shard-00-02.6b69sb9.mongodb.net:27017, ac-kex050i-shard-00-01.6b69sb9.mongodb.net:27017, ac-kex050i-shard-00-00.6b69sb9.mongodb.net:27017], passives=[], arbiters=[], primary='ac-kex050i-shard-00-02.6b69sb9.mongodb.net:27017', tagSet=TagSet{[Tag{name='availabilityZone', value='aps1-az3'}, Tag{name='diskState', value='READY'}, Tag{name='nodeType', value='ELECTABLE'}, Tag{name='provider', value='AWS'}, Tag{name='region', value='AP_SOUTH_1'}, Tag{name='workloadType', value='OPERATIONAL'}]}, electionId=null, setVersion=1, topologyVersion=TopologyVersion{processId=67f95a88e18c31e0b3801de8, counter=3}, lastWriteDate=Sat Apr 12 17:29:31 GMT+05:45 2025, lastUpdateTimeNanos=4410704366386}
2025-04-12 17:29:53 INFO  o.s.b.f.a.AutowiredAnnotationBeanPostProcessor - Autowired annotation is not supported on static fields: private static java.lang.String malla.dipesh.journalApp.service.WeatherService.WEATHER_APIKEY
2025-04-12 17:29:53 INFO  o.s.s.c.a.a.c.InitializeAuthenticationProviderBeanManagerConfigurer$InitializeAuthenticationProviderManagerConfigurer - Global AuthenticationManager configured with AuthenticationProvider bean with name authenticationProvider
2025-04-12 17:29:53 WARN  o.s.s.c.a.a.c.InitializeUserDetailsBeanManagerConfigurer$InitializeUserDetailsManagerConfigurer - Global AuthenticationManager configured with an AuthenticationProvider bean. UserDetailsService beans will not be used by Spring Security for automatically configuring username/password login. Consider removing the AuthenticationProvider bean. Alternatively, consider using the UserDetailsService in a manually instantiated DaoAuthenticationProvider. If the current configuration is intentional, to turn off this warning, increase the logging level of 'org.springframework.security.config.annotation.authentication.configuration.InitializeUserDetailsBeanManagerConfigurer' to ERROR
2025-04-12 17:29:55 INFO  o.a.coyote.http11.Http11NioProtocol - Starting ProtocolHandler ["http-nio-8080"]
2025-04-12 17:29:55 INFO  o.s.b.w.e.tomcat.TomcatWebServer - Tomcat started on port 8080 (http) with context path '/'
2025-04-12 17:29:55 INFO  m.d.journalApp.JournalAppApplication - Started JournalAppApplication in 29.337 seconds (process running for 30.979)
2025-04-12 17:30:50 INFO  o.a.c.c.C.[Tomcat].[localhost].[/] - Initializing Spring DispatcherServlet 'dispatcherServlet'
2025-04-12 17:30:50 INFO  o.s.web.servlet.DispatcherServlet - Initializing Servlet 'dispatcherServlet'
2025-04-12 17:30:50 INFO  o.s.web.servlet.DispatcherServlet - Completed initialization in 1 ms
2025-04-12 17:32:42 INFO  o.s.b.w.e.tomcat.GracefulShutdown - Commencing graceful shutdown. Waiting for active requests to complete
2025-04-12 17:32:42 INFO  o.s.b.w.e.tomcat.GracefulShutdown - Graceful shutdown complete
2025-04-12 17:32:45 INFO  o.h.validator.internal.util.Version - HV000001: Hibernate Validator 8.0.2.Final
2025-04-12 17:32:45 INFO  m.d.journalApp.JournalAppApplication - Starting JournalAppApplication using Java 23.0.2 with PID 11004 (/home/malle/Project/journalApp/target/classes started by malle in /home/malle/Project/journalApp)
2025-04-12 17:32:45 INFO  m.d.journalApp.JournalAppApplication - The following 1 profile is active: "dev"
2025-04-12 17:32:46 INFO  o.s.d.r.c.RepositoryConfigurationDelegate - Bootstrapping Spring Data MongoDB repositories in DEFAULT mode.
2025-04-12 17:32:46 INFO  o.s.d.r.c.RepositoryConfigurationDelegate - Finished Spring Data repository scanning in 35 ms. Found 2 MongoDB repository interfaces.
2025-04-12 17:32:47 INFO  o.s.b.w.e.tomcat.TomcatWebServer - Tomcat initialized with port 8080 (http)
2025-04-12 17:32:47 INFO  o.a.coyote.http11.Http11NioProtocol - Initializing ProtocolHandler ["http-nio-8080"]
2025-04-12 17:32:47 INFO  o.a.catalina.core.StandardService - Starting service [Tomcat]
2025-04-12 17:32:47 INFO  o.a.catalina.core.StandardEngine - Starting Servlet engine: [Apache Tomcat/10.1.39]
2025-04-12 17:32:47 INFO  o.a.c.c.C.[Tomcat].[localhost].[/] - Initializing Spring embedded WebApplicationContext
2025-04-12 17:32:47 INFO  o.s.b.w.s.c.ServletWebServerApplicationContext - Root WebApplicationContext: initialization completed in 1383 ms
2025-04-12 17:32:48 INFO  org.mongodb.driver.client - MongoClient with metadata {"driver": {"name": "mongo-java-driver|sync|spring-boot", "version": "5.2.1"}, "os": {"type": "Linux", "name": "Linux", "architecture": "amd64", "version": "6.11.0-21-generic"}, "platform": "Java/Oracle Corporation/23.0.2+7-58"} created with settings MongoClientSettings{readPreference=primary, writeConcern=WriteConcern{w=majority, wTimeout=null ms, journal=null}, retryWrites=true, retryReads=true, readConcern=ReadConcern{level=null}, credential=MongoCredential{mechanism=null, userName='dipeshmallapub', source='admin', password=<hidden>, mechanismProperties=<hidden>}, transportSettings=null, commandListeners=[], codecRegistry=ProvidersCodecRegistry{codecProviders=[ValueCodecProvider{}, BsonValueCodecProvider{}, DBRefCodecProvider{}, DBObjectCodecProvider{}, DocumentCodecProvider{}, CollectionCodecProvider{}, IterableCodecProvider{}, MapCodecProvider{}, GeoJsonCodecProvider{}, GridFSFileCodecProvider{}, Jsr310CodecProvider{}, JsonObjectCodecProvider{}, BsonCodecProvider{}, EnumCodecProvider{}, com.mongodb.client.model.mql.ExpressionCodecProvider@6424e613, com.mongodb.Jep395RecordCodecProvider@14efa279, com.mongodb.KotlinCodecProvider@8e99809]}, loggerSettings=LoggerSettings{maxDocumentLength=1000}, clusterSettings={hosts=[127.0.0.1:27017], srvHost=cluster0.6b69sb9.mongodb.net, srvServiceName=mongodb, mode=MULTIPLE, requiredClusterType=REPLICA_SET, requiredReplicaSetName='atlas-kry611-shard-0', serverSelector='null', clusterListeners='[]', serverSelectionTimeout='30000 ms', localThreshold='15 ms'}, socketSettings=SocketSettings{connectTimeoutMS=10000, readTimeoutMS=0, receiveBufferSize=0, proxySettings=ProxySettings{host=null, port=null, username=null, password=null}}, heartbeatSocketSettings=SocketSettings{connectTimeoutMS=10000, readTimeoutMS=10000, receiveBufferSize=0, proxySettings=ProxySettings{host=null, port=null, username=null, password=null}}, connectionPoolSettings=ConnectionPoolSettings{maxSize=100, minSize=0, maxWaitTimeMS=120000, maxConnectionLifeTimeMS=0, maxConnectionIdleTimeMS=0, maintenanceInitialDelayMS=0, maintenanceFrequencyMS=60000, connectionPoolListeners=[], maxConnecting=2}, serverSettings=ServerSettings{heartbeatFrequencyMS=10000, minHeartbeatFrequencyMS=500, serverMonitoringMode=AUTO, serverListeners='[]', serverMonitorListeners='[]'}, sslSettings=SslSettings{enabled=true, invalidHostNameAllowed=false, context=null}, applicationName='null', compressorList=[], uuidRepresentation=JAVA_LEGACY, serverApi=null, autoEncryptionSettings=null, dnsClient=null, inetAddressResolver=null, contextProvider=null, timeoutMS=null}
2025-04-12 17:32:48 INFO  org.mongodb.driver.cluster - Waiting for server to become available for operation with ID 2. Remaining time: 29991 ms. Selector: WritableServerSelector, topology description: {type=UNKNOWN, servers=[].
2025-04-12 17:32:48 INFO  org.mongodb.driver.cluster - Adding discovered server ac-kex050i-shard-00-02.6b69sb9.mongodb.net:27017 to client view of cluster
2025-04-12 17:32:48 INFO  org.mongodb.driver.cluster - Adding discovered server ac-kex050i-shard-00-00.6b69sb9.mongodb.net:27017 to client view of cluster
2025-04-12 17:32:48 INFO  org.mongodb.driver.cluster - Adding discovered server ac-kex050i-shard-00-01.6b69sb9.mongodb.net:27017 to client view of cluster
2025-04-12 17:32:49 INFO  org.mongodb.driver.cluster - Monitor thread successfully connected to server with description ServerDescription{address=ac-kex050i-shard-00-00.6b69sb9.mongodb.net:27017, type=REPLICA_SET_SECONDARY, cryptd=false, state=CONNECTED, ok=true, minWireVersion=0, maxWireVersion=25, maxDocumentSize=16777216, logicalSessionTimeoutMinutes=30, roundTripTimeNanos=466974914, minRoundTripTimeNanos=0, setName='atlas-kry611-shard-0', canonicalAddress=ac-kex050i-shard-00-00.6b69sb9.mongodb.net:27017, hosts=[ac-kex050i-shard-00-02.6b69sb9.mongodb.net:27017, ac-kex050i-shard-00-01.6b69sb9.mongodb.net:27017, ac-kex050i-shard-00-00.6b69sb9.mongodb.net:27017], passives=[], arbiters=[], primary='ac-kex050i-shard-00-02.6b69sb9.mongodb.net:27017', tagSet=TagSet{[Tag{name='availabilityZone', value='aps1-az1'}, Tag{name='diskState', value='READY'}, Tag{name='nodeType', value='ELECTABLE'}, Tag{name='provider', value='AWS'}, Tag{name='region', value='AP_SOUTH_1'}, Tag{name='workloadType', value='OPERATIONAL'}]}, electionId=null, setVersion=1, topologyVersion=TopologyVersion{processId=67f957c96e7bebcebef83be4, counter=4}, lastWriteDate=Sat Apr 12 17:32:41 GMT+05:45 2025, lastUpdateTimeNanos=4590206522209}
2025-04-12 17:32:49 INFO  org.mongodb.driver.cluster - Monitor thread successfully connected to server with description ServerDescription{address=ac-kex050i-shard-00-02.6b69sb9.mongodb.net:27017, type=REPLICA_SET_PRIMARY, cryptd=false, state=CONNECTED, ok=true, minWireVersion=0, maxWireVersion=25, maxDocumentSize=16777216, logicalSessionTimeoutMinutes=30, roundTripTimeNanos=475544559, minRoundTripTimeNanos=0, setName='atlas-kry611-shard-0', canonicalAddress=ac-kex050i-shard-00-02.6b69sb9.mongodb.net:27017, hosts=[ac-kex050i-shard-00-02.6b69sb9.mongodb.net:27017, ac-kex050i-shard-00-01.6b69sb9.mongodb.net:27017, ac-kex050i-shard-00-00.6b69sb9.mongodb.net:27017], passives=[], arbiters=[], primary='ac-kex050i-shard-00-02.6b69sb9.mongodb.net:27017', tagSet=TagSet{[Tag{name='availabilityZone', value='aps1-az2'}, Tag{name='diskState', value='READY'}, Tag{name='nodeType', value='ELECTABLE'}, Tag{name='provider', value='AWS'}, Tag{name='region', value='AP_SOUTH_1'}, Tag{name='workloadType', value='OPERATIONAL'}]}, electionId=7fffffff0000000000000009, setVersion=1, topologyVersion=TopologyVersion{processId=67f95943868877c2c3e82ebb, counter=6}, lastWriteDate=Sat Apr 12 17:32:41 GMT+05:45 2025, lastUpdateTimeNanos=4590206524517}
2025-04-12 17:32:49 INFO  org.mongodb.driver.cluster - Monitor thread successfully connected to server with description ServerDescription{address=ac-kex050i-shard-00-01.6b69sb9.mongodb.net:27017, type=REPLICA_SET_SECONDARY, cryptd=false, state=CONNECTED, ok=true, minWireVersion=0, maxWireVersion=25, maxDocumentSize=16777216, logicalSessionTimeoutMinutes=30, roundTripTimeNanos=478223840, minRoundTripTimeNanos=0, setName='atlas-kry611-shard-0', canonicalAddress=ac-kex050i-shard-00-01.6b69sb9.mongodb.net:27017, hosts=[ac-kex050i-shard-00-02.6b69sb9.mongodb.net:27017, ac-kex050i-shard-00-01.6b69sb9.mongodb.net:27017, ac-kex050i-shard-00-00.6b69sb9.mongodb.net:27017], passives=[], arbiters=[], primary='ac-kex050i-shard-00-02.6b69sb9.mongodb.net:27017', tagSet=TagSet{[Tag{name='availabilityZone', value='aps1-az3'}, Tag{name='diskState', value='READY'}, Tag{name='nodeType', value='ELECTABLE'}, Tag{name='provider', value='AWS'}, Tag{name='region', value='AP_SOUTH_1'}, Tag{name='workloadType', value='OPERATIONAL'}]}, electionId=null, setVersion=1, topologyVersion=TopologyVersion{processId=67f95a88e18c31e0b3801de8, counter=3}, lastWriteDate=Sat Apr 12 17:32:41 GMT+05:45 2025, lastUpdateTimeNanos=4590206524725}
2025-04-12 17:32:49 INFO  org.mongodb.driver.cluster - Discovered replica set primary ac-kex050i-shard-00-02.6b69sb9.mongodb.net:27017 with max election id 7fffffff0000000000000009 and max set version 1
2025-04-12 17:32:49 INFO  o.s.b.f.a.AutowiredAnnotationBeanPostProcessor - Autowired annotation is not supported on static fields: private static java.lang.String malla.dipesh.journalApp.service.WeatherService.WEATHER_APIKEY
2025-04-12 17:32:50 INFO  o.s.s.c.a.a.c.InitializeAuthenticationProviderBeanManagerConfigurer$InitializeAuthenticationProviderManagerConfigurer - Global AuthenticationManager configured with AuthenticationProvider bean with name authenticationProvider
2025-04-12 17:32:50 WARN  o.s.s.c.a.a.c.InitializeUserDetailsBeanManagerConfigurer$InitializeUserDetailsManagerConfigurer - Global AuthenticationManager configured with an AuthenticationProvider bean. UserDetailsService beans will not be used by Spring Security for automatically configuring username/password login. Consider removing the AuthenticationProvider bean. Alternatively, consider using the UserDetailsService in a manually instantiated DaoAuthenticationProvider. If the current configuration is intentional, to turn off this warning, increase the logging level of 'org.springframework.security.config.annotation.authentication.configuration.InitializeUserDetailsBeanManagerConfigurer' to ERROR
2025-04-12 17:32:50 INFO  o.a.coyote.http11.Http11NioProtocol - Starting ProtocolHandler ["http-nio-8080"]
2025-04-12 17:32:50 INFO  o.s.b.w.e.tomcat.TomcatWebServer - Tomcat started on port 8080 (http) with context path '/'
2025-04-12 17:32:50 INFO  m.d.journalApp.JournalAppApplication - Started JournalAppApplication in 5.148 seconds (process running for 6.243)
2025-04-12 17:34:05 INFO  o.a.c.c.C.[Tomcat].[localhost].[/] - Initializing Spring DispatcherServlet 'dispatcherServlet'
2025-04-12 17:34:05 INFO  o.s.web.servlet.DispatcherServlet - Initializing Servlet 'dispatcherServlet'
2025-04-12 17:34:05 INFO  o.s.web.servlet.DispatcherServlet - Completed initialization in 2 ms
2025-04-12 17:36:24 INFO  o.s.b.w.e.tomcat.GracefulShutdown - Commencing graceful shutdown. Waiting for active requests to complete
2025-04-12 17:36:24 INFO  o.s.b.w.e.tomcat.GracefulShutdown - Graceful shutdown complete
2025-04-12 17:36:28 INFO  o.h.validator.internal.util.Version - HV000001: Hibernate Validator 8.0.2.Final
2025-04-12 17:36:28 INFO  m.d.journalApp.JournalAppApplication - Starting JournalAppApplication using Java 23.0.2 with PID 11393 (/home/malle/Project/journalApp/target/classes started by malle in /home/malle/Project/journalApp)
2025-04-12 17:36:28 INFO  m.d.journalApp.JournalAppApplication - The following 1 profile is active: "dev"
2025-04-12 17:36:29 INFO  o.s.d.r.c.RepositoryConfigurationDelegate - Bootstrapping Spring Data MongoDB repositories in DEFAULT mode.
2025-04-12 17:36:29 INFO  o.s.d.r.c.RepositoryConfigurationDelegate - Finished Spring Data repository scanning in 33 ms. Found 2 MongoDB repository interfaces.
2025-04-12 17:36:29 INFO  o.s.b.w.e.tomcat.TomcatWebServer - Tomcat initialized with port 8080 (http)
2025-04-12 17:36:29 INFO  o.a.coyote.http11.Http11NioProtocol - Initializing ProtocolHandler ["http-nio-8080"]
2025-04-12 17:36:29 INFO  o.a.catalina.core.StandardService - Starting service [Tomcat]
2025-04-12 17:36:29 INFO  o.a.catalina.core.StandardEngine - Starting Servlet engine: [Apache Tomcat/10.1.39]
2025-04-12 17:36:30 INFO  o.a.c.c.C.[Tomcat].[localhost].[/] - Initializing Spring embedded WebApplicationContext
2025-04-12 17:36:30 INFO  o.s.b.w.s.c.ServletWebServerApplicationContext - Root WebApplicationContext: initialization completed in 1224 ms
2025-04-12 17:36:30 INFO  org.mongodb.driver.client - MongoClient with metadata {"driver": {"name": "mongo-java-driver|sync|spring-boot", "version": "5.2.1"}, "os": {"type": "Linux", "name": "Linux", "architecture": "amd64", "version": "6.11.0-21-generic"}, "platform": "Java/Oracle Corporation/23.0.2+7-58"} created with settings MongoClientSettings{readPreference=primary, writeConcern=WriteConcern{w=majority, wTimeout=null ms, journal=null}, retryWrites=true, retryReads=true, readConcern=ReadConcern{level=null}, credential=MongoCredential{mechanism=null, userName='dipeshmallapub', source='admin', password=<hidden>, mechanismProperties=<hidden>}, transportSettings=null, commandListeners=[], codecRegistry=ProvidersCodecRegistry{codecProviders=[ValueCodecProvider{}, BsonValueCodecProvider{}, DBRefCodecProvider{}, DBObjectCodecProvider{}, DocumentCodecProvider{}, CollectionCodecProvider{}, IterableCodecProvider{}, MapCodecProvider{}, GeoJsonCodecProvider{}, GridFSFileCodecProvider{}, Jsr310CodecProvider{}, JsonObjectCodecProvider{}, BsonCodecProvider{}, EnumCodecProvider{}, com.mongodb.client.model.mql.ExpressionCodecProvider@3c7b137a, com.mongodb.Jep395RecordCodecProvider@68631b1d, com.mongodb.KotlinCodecProvider@5a48da4f]}, loggerSettings=LoggerSettings{maxDocumentLength=1000}, clusterSettings={hosts=[127.0.0.1:27017], srvHost=cluster0.6b69sb9.mongodb.net, srvServiceName=mongodb, mode=MULTIPLE, requiredClusterType=REPLICA_SET, requiredReplicaSetName='atlas-kry611-shard-0', serverSelector='null', clusterListeners='[]', serverSelectionTimeout='30000 ms', localThreshold='15 ms'}, socketSettings=SocketSettings{connectTimeoutMS=10000, readTimeoutMS=0, receiveBufferSize=0, proxySettings=ProxySettings{host=null, port=null, username=null, password=null}}, heartbeatSocketSettings=SocketSettings{connectTimeoutMS=10000, readTimeoutMS=10000, receiveBufferSize=0, proxySettings=ProxySettings{host=null, port=null, username=null, password=null}}, connectionPoolSettings=ConnectionPoolSettings{maxSize=100, minSize=0, maxWaitTimeMS=120000, maxConnectionLifeTimeMS=0, maxConnectionIdleTimeMS=0, maintenanceInitialDelayMS=0, maintenanceFrequencyMS=60000, connectionPoolListeners=[], maxConnecting=2}, serverSettings=ServerSettings{heartbeatFrequencyMS=10000, minHeartbeatFrequencyMS=500, serverMonitoringMode=AUTO, serverListeners='[]', serverMonitorListeners='[]'}, sslSettings=SslSettings{enabled=true, invalidHostNameAllowed=false, context=null}, applicationName='null', compressorList=[], uuidRepresentation=JAVA_LEGACY, serverApi=null, autoEncryptionSettings=null, dnsClient=null, inetAddressResolver=null, contextProvider=null, timeoutMS=null}
2025-04-12 17:36:30 INFO  org.mongodb.driver.cluster - Adding discovered server ac-kex050i-shard-00-02.6b69sb9.mongodb.net:27017 to client view of cluster
2025-04-12 17:36:30 INFO  org.mongodb.driver.cluster - Adding discovered server ac-kex050i-shard-00-00.6b69sb9.mongodb.net:27017 to client view of cluster
2025-04-12 17:36:30 INFO  org.mongodb.driver.cluster - Adding discovered server ac-kex050i-shard-00-01.6b69sb9.mongodb.net:27017 to client view of cluster
2025-04-12 17:36:30 INFO  org.mongodb.driver.cluster - Waiting for server to become available for operation with ID 5. Remaining time: 29993 ms. Selector: WritableServerSelector, topology description: {type=REPLICA_SET, servers=[{address=ac-kex050i-shard-00-00.6b69sb9.mongodb.net:27017, type=UNKNOWN, state=CONNECTING}, {address=ac-kex050i-shard-00-02.6b69sb9.mongodb.net:27017, type=UNKNOWN, state=CONNECTING}, {address=ac-kex050i-shard-00-01.6b69sb9.mongodb.net:27017, type=UNKNOWN, state=CONNECTING}].
2025-04-12 17:36:31 INFO  org.mongodb.driver.cluster - Monitor thread successfully connected to server with description ServerDescription{address=ac-kex050i-shard-00-01.6b69sb9.mongodb.net:27017, type=REPLICA_SET_SECONDARY, cryptd=false, state=CONNECTED, ok=true, minWireVersion=0, maxWireVersion=25, maxDocumentSize=16777216, logicalSessionTimeoutMinutes=30, roundTripTimeNanos=453019627, minRoundTripTimeNanos=0, setName='atlas-kry611-shard-0', canonicalAddress=ac-kex050i-shard-00-01.6b69sb9.mongodb.net:27017, hosts=[ac-kex050i-shard-00-02.6b69sb9.mongodb.net:27017, ac-kex050i-shard-00-01.6b69sb9.mongodb.net:27017, ac-kex050i-shard-00-00.6b69sb9.mongodb.net:27017], passives=[], arbiters=[], primary='ac-kex050i-shard-00-02.6b69sb9.mongodb.net:27017', tagSet=TagSet{[Tag{name='availabilityZone', value='aps1-az3'}, Tag{name='diskState', value='READY'}, Tag{name='nodeType', value='ELECTABLE'}, Tag{name='provider', value='AWS'}, Tag{name='region', value='AP_SOUTH_1'}, Tag{name='workloadType', value='OPERATIONAL'}]}, electionId=null, setVersion=1, topologyVersion=TopologyVersion{processId=67f95a88e18c31e0b3801de8, counter=3}, lastWriteDate=Sat Apr 12 17:36:31 GMT+05:45 2025, lastUpdateTimeNanos=4812001848205}
2025-04-12 17:36:31 INFO  org.mongodb.driver.cluster - Monitor thread successfully connected to server with description ServerDescription{address=ac-kex050i-shard-00-02.6b69sb9.mongodb.net:27017, type=REPLICA_SET_PRIMARY, cryptd=false, state=CONNECTED, ok=true, minWireVersion=0, maxWireVersion=25, maxDocumentSize=16777216, logicalSessionTimeoutMinutes=30, roundTripTimeNanos=461030175, minRoundTripTimeNanos=0, setName='atlas-kry611-shard-0', canonicalAddress=ac-kex050i-shard-00-02.6b69sb9.mongodb.net:27017, hosts=[ac-kex050i-shard-00-02.6b69sb9.mongodb.net:27017, ac-kex050i-shard-00-01.6b69sb9.mongodb.net:27017, ac-kex050i-shard-00-00.6b69sb9.mongodb.net:27017], passives=[], arbiters=[], primary='ac-kex050i-shard-00-02.6b69sb9.mongodb.net:27017', tagSet=TagSet{[Tag{name='availabilityZone', value='aps1-az2'}, Tag{name='diskState', value='READY'}, Tag{name='nodeType', value='ELECTABLE'}, Tag{name='provider', value='AWS'}, Tag{name='region', value='AP_SOUTH_1'}, Tag{name='workloadType', value='OPERATIONAL'}]}, electionId=7fffffff0000000000000009, setVersion=1, topologyVersion=TopologyVersion{processId=67f95943868877c2c3e82ebb, counter=6}, lastWriteDate=Sat Apr 12 17:36:31 GMT+05:45 2025, lastUpdateTimeNanos=4812001848135}
2025-04-12 17:36:31 INFO  org.mongodb.driver.cluster - Discovered replica set primary ac-kex050i-shard-00-02.6b69sb9.mongodb.net:27017 with max election id 7fffffff0000000000000009 and max set version 1
2025-04-12 17:36:31 INFO  org.mongodb.driver.cluster - Monitor thread successfully connected to server with description ServerDescription{address=ac-kex050i-shard-00-00.6b69sb9.mongodb.net:27017, type=REPLICA_SET_SECONDARY, cryptd=false, state=CONNECTED, ok=true, minWireVersion=0, maxWireVersion=25, maxDocumentSize=16777216, logicalSessionTimeoutMinutes=30, roundTripTimeNanos=529480832, minRoundTripTimeNanos=0, setName='atlas-kry611-shard-0', canonicalAddress=ac-kex050i-shard-00-00.6b69sb9.mongodb.net:27017, hosts=[ac-kex050i-shard-00-02.6b69sb9.mongodb.net:27017, ac-kex050i-shard-00-01.6b69sb9.mongodb.net:27017, ac-kex050i-shard-00-00.6b69sb9.mongodb.net:27017], passives=[], arbiters=[], primary='ac-kex050i-shard-00-02.6b69sb9.mongodb.net:27017', tagSet=TagSet{[Tag{name='availabilityZone', value='aps1-az1'}, Tag{name='diskState', value='READY'}, Tag{name='nodeType', value='ELECTABLE'}, Tag{name='provider', value='AWS'}, Tag{name='region', value='AP_SOUTH_1'}, Tag{name='workloadType', value='OPERATIONAL'}]}, electionId=null, setVersion=1, topologyVersion=TopologyVersion{processId=67f957c96e7bebcebef83be4, counter=4}, lastWriteDate=Sat Apr 12 17:36:31 GMT+05:45 2025, lastUpdateTimeNanos=4812078372024}
2025-04-12 17:36:31 INFO  o.s.b.f.a.AutowiredAnnotationBeanPostProcessor - Autowired annotation is not supported on static fields: private static java.lang.String malla.dipesh.journalApp.service.WeatherService.WEATHER_APIKEY
2025-04-12 17:36:31 INFO  o.s.s.c.a.a.c.InitializeAuthenticationProviderBeanManagerConfigurer$InitializeAuthenticationProviderManagerConfigurer - Global AuthenticationManager configured with AuthenticationProvider bean with name authenticationProvider
2025-04-12 17:36:31 WARN  o.s.s.c.a.a.c.InitializeUserDetailsBeanManagerConfigurer$InitializeUserDetailsManagerConfigurer - Global AuthenticationManager configured with an AuthenticationProvider bean. UserDetailsService beans will not be used by Spring Security for automatically configuring username/password login. Consider removing the AuthenticationProvider bean. Alternatively, consider using the UserDetailsService in a manually instantiated DaoAuthenticationProvider. If the current configuration is intentional, to turn off this warning, increase the logging level of 'org.springframework.security.config.annotation.authentication.configuration.InitializeUserDetailsBeanManagerConfigurer' to ERROR
2025-04-12 17:36:32 INFO  o.a.coyote.http11.Http11NioProtocol - Starting ProtocolHandler ["http-nio-8080"]
2025-04-12 17:36:32 INFO  o.s.b.w.e.tomcat.TomcatWebServer - Tomcat started on port 8080 (http) with context path '/'
2025-04-12 17:36:32 INFO  m.d.journalApp.JournalAppApplication - Started JournalAppApplication in 4.183 seconds (process running for 4.947)
2025-04-12 17:36:36 INFO  o.a.c.c.C.[Tomcat].[localhost].[/] - Initializing Spring DispatcherServlet 'dispatcherServlet'
2025-04-12 17:36:36 INFO  o.s.web.servlet.DispatcherServlet - Initializing Servlet 'dispatcherServlet'
2025-04-12 17:36:36 INFO  o.s.web.servlet.DispatcherServlet - Completed initialization in 2 ms
2025-04-12 17:37:20 INFO  o.s.b.w.e.tomcat.GracefulShutdown - Commencing graceful shutdown. Waiting for active requests to complete
2025-04-12 17:37:20 INFO  o.s.b.w.e.tomcat.GracefulShutdown - Graceful shutdown complete
2025-04-12 17:37:24 INFO  o.h.validator.internal.util.Version - HV000001: Hibernate Validator 8.0.2.Final
2025-04-12 17:37:24 INFO  m.d.journalApp.JournalAppApplication - Starting JournalAppApplication using Java 23.0.2 with PID 11627 (/home/malle/Project/journalApp/target/classes started by malle in /home/malle/Project/journalApp)
2025-04-12 17:37:24 INFO  m.d.journalApp.JournalAppApplication - The following 1 profile is active: "dev"
2025-04-12 17:37:25 INFO  o.s.d.r.c.RepositoryConfigurationDelegate - Bootstrapping Spring Data MongoDB repositories in DEFAULT mode.
2025-04-12 17:37:25 INFO  o.s.d.r.c.RepositoryConfigurationDelegate - Finished Spring Data repository scanning in 41 ms. Found 2 MongoDB repository interfaces.
2025-04-12 17:37:26 INFO  o.s.b.w.e.tomcat.TomcatWebServer - Tomcat initialized with port 8080 (http)
2025-04-12 17:37:26 INFO  o.a.coyote.http11.Http11NioProtocol - Initializing ProtocolHandler ["http-nio-8080"]
2025-04-12 17:37:26 INFO  o.a.catalina.core.StandardService - Starting service [Tomcat]
2025-04-12 17:37:26 INFO  o.a.catalina.core.StandardEngine - Starting Servlet engine: [Apache Tomcat/10.1.39]
2025-04-12 17:37:26 INFO  o.a.c.c.C.[Tomcat].[localhost].[/] - Initializing Spring embedded WebApplicationContext
2025-04-12 17:37:26 INFO  o.s.b.w.s.c.ServletWebServerApplicationContext - Root WebApplicationContext: initialization completed in 1324 ms
2025-04-12 17:37:26 INFO  org.mongodb.driver.cluster - Adding discovered server ac-kex050i-shard-00-02.6b69sb9.mongodb.net:27017 to client view of cluster
2025-04-12 17:37:26 INFO  org.mongodb.driver.client - MongoClient with metadata {"driver": {"name": "mongo-java-driver|sync|spring-boot", "version": "5.2.1"}, "os": {"type": "Linux", "name": "Linux", "architecture": "amd64", "version": "6.11.0-21-generic"}, "platform": "Java/Oracle Corporation/23.0.2+7-58"} created with settings MongoClientSettings{readPreference=primary, writeConcern=WriteConcern{w=majority, wTimeout=null ms, journal=null}, retryWrites=true, retryReads=true, readConcern=ReadConcern{level=null}, credential=MongoCredential{mechanism=null, userName='dipeshmallapub', source='admin', password=<hidden>, mechanismProperties=<hidden>}, transportSettings=null, commandListeners=[], codecRegistry=ProvidersCodecRegistry{codecProviders=[ValueCodecProvider{}, BsonValueCodecProvider{}, DBRefCodecProvider{}, DBObjectCodecProvider{}, DocumentCodecProvider{}, CollectionCodecProvider{}, IterableCodecProvider{}, MapCodecProvider{}, GeoJsonCodecProvider{}, GridFSFileCodecProvider{}, Jsr310CodecProvider{}, JsonObjectCodecProvider{}, BsonCodecProvider{}, EnumCodecProvider{}, com.mongodb.client.model.mql.ExpressionCodecProvider@6eda012b, com.mongodb.Jep395RecordCodecProvider@781dbe44, com.mongodb.KotlinCodecProvider@7d66a126]}, loggerSettings=LoggerSettings{maxDocumentLength=1000}, clusterSettings={hosts=[127.0.0.1:27017], srvHost=cluster0.6b69sb9.mongodb.net, srvServiceName=mongodb, mode=MULTIPLE, requiredClusterType=REPLICA_SET, requiredReplicaSetName='atlas-kry611-shard-0', serverSelector='null', clusterListeners='[]', serverSelectionTimeout='30000 ms', localThreshold='15 ms'}, socketSettings=SocketSettings{connectTimeoutMS=10000, readTimeoutMS=0, receiveBufferSize=0, proxySettings=ProxySettings{host=null, port=null, username=null, password=null}}, heartbeatSocketSettings=SocketSettings{connectTimeoutMS=10000, readTimeoutMS=10000, receiveBufferSize=0, proxySettings=ProxySettings{host=null, port=null, username=null, password=null}}, connectionPoolSettings=ConnectionPoolSettings{maxSize=100, minSize=0, maxWaitTimeMS=120000, maxConnectionLifeTimeMS=0, maxConnectionIdleTimeMS=0, maintenanceInitialDelayMS=0, maintenanceFrequencyMS=60000, connectionPoolListeners=[], maxConnecting=2}, serverSettings=ServerSettings{heartbeatFrequencyMS=10000, minHeartbeatFrequencyMS=500, serverMonitoringMode=AUTO, serverListeners='[]', serverMonitorListeners='[]'}, sslSettings=SslSettings{enabled=true, invalidHostNameAllowed=false, context=null}, applicationName='null', compressorList=[], uuidRepresentation=JAVA_LEGACY, serverApi=null, autoEncryptionSettings=null, dnsClient=null, inetAddressResolver=null, contextProvider=null, timeoutMS=null}
2025-04-12 17:37:26 INFO  org.mongodb.driver.cluster - Adding discovered server ac-kex050i-shard-00-01.6b69sb9.mongodb.net:27017 to client view of cluster
2025-04-12 17:37:26 INFO  org.mongodb.driver.cluster - Adding discovered server ac-kex050i-shard-00-00.6b69sb9.mongodb.net:27017 to client view of cluster
2025-04-12 17:37:26 INFO  org.mongodb.driver.cluster - Waiting for server to become available for operation with ID 5. Remaining time: 29993 ms. Selector: WritableServerSelector, topology description: {type=REPLICA_SET, servers=[{address=ac-kex050i-shard-00-00.6b69sb9.mongodb.net:27017, type=UNKNOWN, state=CONNECTING}, {address=ac-kex050i-shard-00-02.6b69sb9.mongodb.net:27017, type=UNKNOWN, state=CONNECTING}, {address=ac-kex050i-shard-00-01.6b69sb9.mongodb.net:27017, type=UNKNOWN, state=CONNECTING}].
2025-04-12 17:37:27 INFO  org.mongodb.driver.cluster - Monitor thread successfully connected to server with description ServerDescription{address=ac-kex050i-shard-00-02.6b69sb9.mongodb.net:27017, type=REPLICA_SET_PRIMARY, cryptd=false, state=CONNECTED, ok=true, minWireVersion=0, maxWireVersion=25, maxDocumentSize=16777216, logicalSessionTimeoutMinutes=30, roundTripTimeNanos=508044620, minRoundTripTimeNanos=0, setName='atlas-kry611-shard-0', canonicalAddress=ac-kex050i-shard-00-02.6b69sb9.mongodb.net:27017, hosts=[ac-kex050i-shard-00-02.6b69sb9.mongodb.net:27017, ac-kex050i-shard-00-01.6b69sb9.mongodb.net:27017, ac-kex050i-shard-00-00.6b69sb9.mongodb.net:27017], passives=[], arbiters=[], primary='ac-kex050i-shard-00-02.6b69sb9.mongodb.net:27017', tagSet=TagSet{[Tag{name='availabilityZone', value='aps1-az2'}, Tag{name='diskState', value='READY'}, Tag{name='nodeType', value='ELECTABLE'}, Tag{name='provider', value='AWS'}, Tag{name='region', value='AP_SOUTH_1'}, Tag{name='workloadType', value='OPERATIONAL'}]}, electionId=7fffffff0000000000000009, setVersion=1, topologyVersion=TopologyVersion{processId=67f95943868877c2c3e82ebb, counter=6}, lastWriteDate=Sat Apr 12 17:37:25 GMT+05:45 2025, lastUpdateTimeNanos=4868063312381}
2025-04-12 17:37:27 INFO  org.mongodb.driver.cluster - Monitor thread successfully connected to server with description ServerDescription{address=ac-kex050i-shard-00-00.6b69sb9.mongodb.net:27017, type=REPLICA_SET_SECONDARY, cryptd=false, state=CONNECTED, ok=true, minWireVersion=0, maxWireVersion=25, maxDocumentSize=16777216, logicalSessionTimeoutMinutes=30, roundTripTimeNanos=508043342, minRoundTripTimeNanos=0, setName='atlas-kry611-shard-0', canonicalAddress=ac-kex050i-shard-00-00.6b69sb9.mongodb.net:27017, hosts=[ac-kex050i-shard-00-02.6b69sb9.mongodb.net:27017, ac-kex050i-shard-00-01.6b69sb9.mongodb.net:27017, ac-kex050i-shard-00-00.6b69sb9.mongodb.net:27017], passives=[], arbiters=[], primary='ac-kex050i-shard-00-02.6b69sb9.mongodb.net:27017', tagSet=TagSet{[Tag{name='availabilityZone', value='aps1-az1'}, Tag{name='diskState', value='READY'}, Tag{name='nodeType', value='ELECTABLE'}, Tag{name='provider', value='AWS'}, Tag{name='region', value='AP_SOUTH_1'}, Tag{name='workloadType', value='OPERATIONAL'}]}, electionId=null, setVersion=1, topologyVersion=TopologyVersion{processId=67f957c96e7bebcebef83be4, counter=4}, lastWriteDate=Sat Apr 12 17:37:25 GMT+05:45 2025, lastUpdateTimeNanos=4868063303206}
2025-04-12 17:37:27 INFO  org.mongodb.driver.cluster - Discovered replica set primary ac-kex050i-shard-00-02.6b69sb9.mongodb.net:27017 with max election id 7fffffff0000000000000009 and max set version 1
2025-04-12 17:37:27 INFO  org.mongodb.driver.cluster - Monitor thread successfully connected to server with description ServerDescription{address=ac-kex050i-shard-00-01.6b69sb9.mongodb.net:27017, type=REPLICA_SET_SECONDARY, cryptd=false, state=CONNECTED, ok=true, minWireVersion=0, maxWireVersion=25, maxDocumentSize=16777216, logicalSessionTimeoutMinutes=30, roundTripTimeNanos=802071618, minRoundTripTimeNanos=0, setName='atlas-kry611-shard-0', canonicalAddress=ac-kex050i-shard-00-01.6b69sb9.mongodb.net:27017, hosts=[ac-kex050i-shard-00-02.6b69sb9.mongodb.net:27017, ac-kex050i-shard-00-01.6b69sb9.mongodb.net:27017, ac-kex050i-shard-00-00.6b69sb9.mongodb.net:27017], passives=[], arbiters=[], primary='ac-kex050i-shard-00-02.6b69sb9.mongodb.net:27017', tagSet=TagSet{[Tag{name='availabilityZone', value='aps1-az3'}, Tag{name='diskState', value='READY'}, Tag{name='nodeType', value='ELECTABLE'}, Tag{name='provider', value='AWS'}, Tag{name='region', value='AP_SOUTH_1'}, Tag{name='workloadType', value='OPERATIONAL'}]}, electionId=null, setVersion=1, topologyVersion=TopologyVersion{processId=67f95a88e18c31e0b3801de8, counter=3}, lastWriteDate=Sat Apr 12 17:37:25 GMT+05:45 2025, lastUpdateTimeNanos=4868365037654}
2025-04-12 17:37:28 INFO  o.s.b.f.a.AutowiredAnnotationBeanPostProcessor - Autowired annotation is not supported on static fields: private static java.lang.String malla.dipesh.journalApp.service.WeatherService.WEATHER_APIKEY
2025-04-12 17:37:28 INFO  o.s.s.c.a.a.c.InitializeAuthenticationProviderBeanManagerConfigurer$InitializeAuthenticationProviderManagerConfigurer - Global AuthenticationManager configured with AuthenticationProvider bean with name authenticationProvider
2025-04-12 17:37:28 WARN  o.s.s.c.a.a.c.InitializeUserDetailsBeanManagerConfigurer$InitializeUserDetailsManagerConfigurer - Global AuthenticationManager configured with an AuthenticationProvider bean. UserDetailsService beans will not be used by Spring Security for automatically configuring username/password login. Consider removing the AuthenticationProvider bean. Alternatively, consider using the UserDetailsService in a manually instantiated DaoAuthenticationProvider. If the current configuration is intentional, to turn off this warning, increase the logging level of 'org.springframework.security.config.annotation.authentication.configuration.InitializeUserDetailsBeanManagerConfigurer' to ERROR
2025-04-12 17:37:28 INFO  o.a.coyote.http11.Http11NioProtocol - Starting ProtocolHandler ["http-nio-8080"]
2025-04-12 17:37:28 INFO  o.s.b.w.e.tomcat.TomcatWebServer - Tomcat started on port 8080 (http) with context path '/'
2025-04-12 17:37:28 INFO  m.d.journalApp.JournalAppApplication - Started JournalAppApplication in 4.538 seconds (process running for 6.664)
2025-04-12 17:37:32 INFO  o.a.c.c.C.[Tomcat].[localhost].[/] - Initializing Spring DispatcherServlet 'dispatcherServlet'
2025-04-12 17:37:32 INFO  o.s.web.servlet.DispatcherServlet - Initializing Servlet 'dispatcherServlet'
2025-04-12 17:37:32 INFO  o.s.web.servlet.DispatcherServlet - Completed initialization in 2 ms
2025-04-12 17:37:54 INFO  o.s.b.w.e.tomcat.GracefulShutdown - Commencing graceful shutdown. Waiting for active requests to complete
2025-04-12 17:37:54 INFO  o.s.b.w.e.tomcat.GracefulShutdown - Graceful shutdown complete
2025-04-12 17:37:58 INFO  o.h.validator.internal.util.Version - HV000001: Hibernate Validator 8.0.2.Final
2025-04-12 17:37:58 INFO  m.d.journalApp.JournalAppApplication - Starting JournalAppApplication using Java 23.0.2 with PID 11815 (/home/malle/Project/journalApp/target/classes started by malle in /home/malle/Project/journalApp)
2025-04-12 17:37:58 INFO  m.d.journalApp.JournalAppApplication - The following 1 profile is active: "dev"
2025-04-12 17:37:59 INFO  o.s.d.r.c.RepositoryConfigurationDelegate - Bootstrapping Spring Data MongoDB repositories in DEFAULT mode.
2025-04-12 17:37:59 INFO  o.s.d.r.c.RepositoryConfigurationDelegate - Finished Spring Data repository scanning in 46 ms. Found 2 MongoDB repository interfaces.
2025-04-12 17:37:59 INFO  o.s.b.w.e.tomcat.TomcatWebServer - Tomcat initialized with port 8080 (http)
2025-04-12 17:37:59 INFO  o.a.coyote.http11.Http11NioProtocol - Initializing ProtocolHandler ["http-nio-8080"]
2025-04-12 17:37:59 INFO  o.a.catalina.core.StandardService - Starting service [Tomcat]
2025-04-12 17:37:59 INFO  o.a.catalina.core.StandardEngine - Starting Servlet engine: [Apache Tomcat/10.1.39]
2025-04-12 17:37:59 INFO  o.a.c.c.C.[Tomcat].[localhost].[/] - Initializing Spring embedded WebApplicationContext
2025-04-12 17:37:59 INFO  o.s.b.w.s.c.ServletWebServerApplicationContext - Root WebApplicationContext: initialization completed in 1446 ms
2025-04-12 17:38:00 INFO  org.mongodb.driver.client - MongoClient with metadata {"driver": {"name": "mongo-java-driver|sync|spring-boot", "version": "5.2.1"}, "os": {"type": "Linux", "name": "Linux", "architecture": "amd64", "version": "6.11.0-21-generic"}, "platform": "Java/Oracle Corporation/23.0.2+7-58"} created with settings MongoClientSettings{readPreference=primary, writeConcern=WriteConcern{w=majority, wTimeout=null ms, journal=null}, retryWrites=true, retryReads=true, readConcern=ReadConcern{level=null}, credential=MongoCredential{mechanism=null, userName='dipeshmallapub', source='admin', password=<hidden>, mechanismProperties=<hidden>}, transportSettings=null, commandListeners=[], codecRegistry=ProvidersCodecRegistry{codecProviders=[ValueCodecProvider{}, BsonValueCodecProvider{}, DBRefCodecProvider{}, DBObjectCodecProvider{}, DocumentCodecProvider{}, CollectionCodecProvider{}, IterableCodecProvider{}, MapCodecProvider{}, GeoJsonCodecProvider{}, GridFSFileCodecProvider{}, Jsr310CodecProvider{}, JsonObjectCodecProvider{}, BsonCodecProvider{}, EnumCodecProvider{}, com.mongodb.client.model.mql.ExpressionCodecProvider@733f1395, com.mongodb.Jep395RecordCodecProvider@21dea711, com.mongodb.KotlinCodecProvider@7772d266]}, loggerSettings=LoggerSettings{maxDocumentLength=1000}, clusterSettings={hosts=[127.0.0.1:27017], srvHost=cluster0.6b69sb9.mongodb.net, srvServiceName=mongodb, mode=MULTIPLE, requiredClusterType=REPLICA_SET, requiredReplicaSetName='atlas-kry611-shard-0', serverSelector='null', clusterListeners='[]', serverSelectionTimeout='30000 ms', localThreshold='15 ms'}, socketSettings=SocketSettings{connectTimeoutMS=10000, readTimeoutMS=0, receiveBufferSize=0, proxySettings=ProxySettings{host=null, port=null, username=null, password=null}}, heartbeatSocketSettings=SocketSettings{connectTimeoutMS=10000, readTimeoutMS=10000, receiveBufferSize=0, proxySettings=ProxySettings{host=null, port=null, username=null, password=null}}, connectionPoolSettings=ConnectionPoolSettings{maxSize=100, minSize=0, maxWaitTimeMS=120000, maxConnectionLifeTimeMS=0, maxConnectionIdleTimeMS=0, maintenanceInitialDelayMS=0, maintenanceFrequencyMS=60000, connectionPoolListeners=[], maxConnecting=2}, serverSettings=ServerSettings{heartbeatFrequencyMS=10000, minHeartbeatFrequencyMS=500, serverMonitoringMode=AUTO, serverListeners='[]', serverMonitorListeners='[]'}, sslSettings=SslSettings{enabled=true, invalidHostNameAllowed=false, context=null}, applicationName='null', compressorList=[], uuidRepresentation=JAVA_LEGACY, serverApi=null, autoEncryptionSettings=null, dnsClient=null, inetAddressResolver=null, contextProvider=null, timeoutMS=null}
2025-04-12 17:38:00 INFO  org.mongodb.driver.cluster - Waiting for server to become available for operation with ID 2. Remaining time: 29987 ms. Selector: WritableServerSelector, topology description: {type=UNKNOWN, servers=[].
2025-04-12 17:38:01 INFO  org.mongodb.driver.cluster - Adding discovered server ac-kex050i-shard-00-02.6b69sb9.mongodb.net:27017 to client view of cluster
2025-04-12 17:38:01 INFO  org.mongodb.driver.cluster - Adding discovered server ac-kex050i-shard-00-00.6b69sb9.mongodb.net:27017 to client view of cluster
2025-04-12 17:38:01 INFO  org.mongodb.driver.cluster - Adding discovered server ac-kex050i-shard-00-01.6b69sb9.mongodb.net:27017 to client view of cluster
2025-04-12 17:38:12 INFO  org.mongodb.driver.cluster - Monitor thread successfully connected to server with description ServerDescription{address=ac-kex050i-shard-00-00.6b69sb9.mongodb.net:27017, type=REPLICA_SET_SECONDARY, cryptd=false, state=CONNECTED, ok=true, minWireVersion=0, maxWireVersion=25, maxDocumentSize=16777216, logicalSessionTimeoutMinutes=30, roundTripTimeNanos=7750026672, minRoundTripTimeNanos=0, setName='atlas-kry611-shard-0', canonicalAddress=ac-kex050i-shard-00-00.6b69sb9.mongodb.net:27017, hosts=[ac-kex050i-shard-00-02.6b69sb9.mongodb.net:27017, ac-kex050i-shard-00-01.6b69sb9.mongodb.net:27017, ac-kex050i-shard-00-00.6b69sb9.mongodb.net:27017], passives=[], arbiters=[], primary='ac-kex050i-shard-00-02.6b69sb9.mongodb.net:27017', tagSet=TagSet{[Tag{name='availabilityZone', value='aps1-az1'}, Tag{name='diskState', value='READY'}, Tag{name='nodeType', value='ELECTABLE'}, Tag{name='provider', value='AWS'}, Tag{name='region', value='AP_SOUTH_1'}, Tag{name='workloadType', value='OPERATIONAL'}]}, electionId=null, setVersion=1, topologyVersion=TopologyVersion{processId=67f957c96e7bebcebef83be4, counter=4}, lastWriteDate=Sat Apr 12 17:38:06 GMT+05:45 2025, lastUpdateTimeNanos=4913063935568}
2025-04-12 17:38:15 INFO  org.mongodb.driver.cluster - Monitor thread successfully connected to server with description ServerDescription{address=ac-kex050i-shard-00-01.6b69sb9.mongodb.net:27017, type=REPLICA_SET_SECONDARY, cryptd=false, state=CONNECTED, ok=true, minWireVersion=0, maxWireVersion=25, maxDocumentSize=16777216, logicalSessionTimeoutMinutes=30, roundTripTimeNanos=10518668968, minRoundTripTimeNanos=0, setName='atlas-kry611-shard-0', canonicalAddress=ac-kex050i-shard-00-01.6b69sb9.mongodb.net:27017, hosts=[ac-kex050i-shard-00-02.6b69sb9.mongodb.net:27017, ac-kex050i-shard-00-01.6b69sb9.mongodb.net:27017, ac-kex050i-shard-00-00.6b69sb9.mongodb.net:27017], passives=[], arbiters=[], primary='ac-kex050i-shard-00-02.6b69sb9.mongodb.net:27017', tagSet=TagSet{[Tag{name='availabilityZone', value='aps1-az3'}, Tag{name='diskState', value='READY'}, Tag{name='nodeType', value='ELECTABLE'}, Tag{name='provider', value='AWS'}, Tag{name='region', value='AP_SOUTH_1'}, Tag{name='workloadType', value='OPERATIONAL'}]}, electionId=null, setVersion=1, topologyVersion=TopologyVersion{processId=67f95a88e18c31e0b3801de8, counter=3}, lastWriteDate=Sat Apr 12 17:38:06 GMT+05:45 2025, lastUpdateTimeNanos=4916864888849}
2025-04-12 17:38:16 INFO  org.mongodb.driver.cluster - Monitor thread successfully connected to server with description ServerDescription{address=ac-kex050i-shard-00-02.6b69sb9.mongodb.net:27017, type=REPLICA_SET_PRIMARY, cryptd=false, state=CONNECTED, ok=true, minWireVersion=0, maxWireVersion=25, maxDocumentSize=16777216, logicalSessionTimeoutMinutes=30, roundTripTimeNanos=229737209, minRoundTripTimeNanos=0, setName='atlas-kry611-shard-0', canonicalAddress=ac-kex050i-shard-00-02.6b69sb9.mongodb.net:27017, hosts=[ac-kex050i-shard-00-02.6b69sb9.mongodb.net:27017, ac-kex050i-shard-00-01.6b69sb9.mongodb.net:27017, ac-kex050i-shard-00-00.6b69sb9.mongodb.net:27017], passives=[], arbiters=[], primary='ac-kex050i-shard-00-02.6b69sb9.mongodb.net:27017', tagSet=TagSet{[Tag{name='availabilityZone', value='aps1-az2'}, Tag{name='diskState', value='READY'}, Tag{name='nodeType', value='ELECTABLE'}, Tag{name='provider', value='AWS'}, Tag{name='region', value='AP_SOUTH_1'}, Tag{name='workloadType', value='OPERATIONAL'}]}, electionId=7fffffff0000000000000009, setVersion=1, topologyVersion=TopologyVersion{processId=67f95943868877c2c3e82ebb, counter=6}, lastWriteDate=Sat Apr 12 17:38:06 GMT+05:45 2025, lastUpdateTimeNanos=4917643616465}
2025-04-12 17:38:16 INFO  org.mongodb.driver.cluster - Discovered replica set primary ac-kex050i-shard-00-02.6b69sb9.mongodb.net:27017 with max election id 7fffffff0000000000000009 and max set version 1
2025-04-12 17:38:17 INFO  o.s.b.f.a.AutowiredAnnotationBeanPostProcessor - Autowired annotation is not supported on static fields: private static java.lang.String malla.dipesh.journalApp.service.WeatherService.WEATHER_APIKEY
2025-04-12 17:38:17 INFO  o.s.s.c.a.a.c.InitializeAuthenticationProviderBeanManagerConfigurer$InitializeAuthenticationProviderManagerConfigurer - Global AuthenticationManager configured with AuthenticationProvider bean with name authenticationProvider
2025-04-12 17:38:17 WARN  o.s.s.c.a.a.c.InitializeUserDetailsBeanManagerConfigurer$InitializeUserDetailsManagerConfigurer - Global AuthenticationManager configured with an AuthenticationProvider bean. UserDetailsService beans will not be used by Spring Security for automatically configuring username/password login. Consider removing the AuthenticationProvider bean. Alternatively, consider using the UserDetailsService in a manually instantiated DaoAuthenticationProvider. If the current configuration is intentional, to turn off this warning, increase the logging level of 'org.springframework.security.config.annotation.authentication.configuration.InitializeUserDetailsBeanManagerConfigurer' to ERROR
2025-04-12 17:38:18 INFO  o.a.coyote.http11.Http11NioProtocol - Starting ProtocolHandler ["http-nio-8080"]
2025-04-12 17:38:18 INFO  o.s.b.w.e.tomcat.TomcatWebServer - Tomcat started on port 8080 (http) with context path '/'
2025-04-12 17:38:18 INFO  m.d.journalApp.JournalAppApplication - Started JournalAppApplication in 20.304 seconds (process running for 21.971)
2025-04-12 17:38:21 INFO  o.a.c.c.C.[Tomcat].[localhost].[/] - Initializing Spring DispatcherServlet 'dispatcherServlet'
2025-04-12 17:38:21 INFO  o.s.web.servlet.DispatcherServlet - Initializing Servlet 'dispatcherServlet'
2025-04-12 17:38:21 INFO  o.s.web.servlet.DispatcherServlet - Completed initialization in 3 ms
2025-04-12 17:39:38 INFO  o.s.b.w.e.tomcat.GracefulShutdown - Commencing graceful shutdown. Waiting for active requests to complete
2025-04-12 17:39:38 INFO  o.s.b.w.e.tomcat.GracefulShutdown - Graceful shutdown complete
2025-04-12 17:41:06 INFO  o.h.validator.internal.util.Version - HV000001: Hibernate Validator 8.0.2.Final
2025-04-12 17:41:06 INFO  m.d.journalApp.JournalAppApplication - Starting JournalAppApplication using Java 23.0.2 with PID 12266 (/home/malle/Project/journalApp/target/classes started by malle in /home/malle/Project/journalApp)
2025-04-12 17:41:06 INFO  m.d.journalApp.JournalAppApplication - The following 1 profile is active: "dev"
2025-04-12 17:41:07 INFO  o.s.d.r.c.RepositoryConfigurationDelegate - Bootstrapping Spring Data MongoDB repositories in DEFAULT mode.
2025-04-12 17:41:07 INFO  o.s.d.r.c.RepositoryConfigurationDelegate - Finished Spring Data repository scanning in 39 ms. Found 2 MongoDB repository interfaces.
2025-04-12 17:41:08 INFO  o.s.b.w.e.tomcat.TomcatWebServer - Tomcat initialized with port 8080 (http)
2025-04-12 17:41:08 INFO  o.a.coyote.http11.Http11NioProtocol - Initializing ProtocolHandler ["http-nio-8080"]
2025-04-12 17:41:08 INFO  o.a.catalina.core.StandardService - Starting service [Tomcat]
2025-04-12 17:41:08 INFO  o.a.catalina.core.StandardEngine - Starting Servlet engine: [Apache Tomcat/10.1.39]
2025-04-12 17:41:08 INFO  o.a.c.c.C.[Tomcat].[localhost].[/] - Initializing Spring embedded WebApplicationContext
2025-04-12 17:41:08 INFO  o.s.b.w.s.c.ServletWebServerApplicationContext - Root WebApplicationContext: initialization completed in 1497 ms
2025-04-12 17:41:08 INFO  org.mongodb.driver.client - MongoClient with metadata {"driver": {"name": "mongo-java-driver|sync|spring-boot", "version": "5.2.1"}, "os": {"type": "Linux", "name": "Linux", "architecture": "amd64", "version": "6.11.0-21-generic"}, "platform": "Java/Oracle Corporation/23.0.2+7-58"} created with settings MongoClientSettings{readPreference=primary, writeConcern=WriteConcern{w=majority, wTimeout=null ms, journal=null}, retryWrites=true, retryReads=true, readConcern=ReadConcern{level=null}, credential=MongoCredential{mechanism=null, userName='dipeshmallapub', source='admin', password=<hidden>, mechanismProperties=<hidden>}, transportSettings=null, commandListeners=[], codecRegistry=ProvidersCodecRegistry{codecProviders=[ValueCodecProvider{}, BsonValueCodecProvider{}, DBRefCodecProvider{}, DBObjectCodecProvider{}, DocumentCodecProvider{}, CollectionCodecProvider{}, IterableCodecProvider{}, MapCodecProvider{}, GeoJsonCodecProvider{}, GridFSFileCodecProvider{}, Jsr310CodecProvider{}, JsonObjectCodecProvider{}, BsonCodecProvider{}, EnumCodecProvider{}, com.mongodb.client.model.mql.ExpressionCodecProvider@2aa14ae6, com.mongodb.Jep395RecordCodecProvider@4be490da, com.mongodb.KotlinCodecProvider@4168f3d9]}, loggerSettings=LoggerSettings{maxDocumentLength=1000}, clusterSettings={hosts=[127.0.0.1:27017], srvHost=cluster0.6b69sb9.mongodb.net, srvServiceName=mongodb, mode=MULTIPLE, requiredClusterType=REPLICA_SET, requiredReplicaSetName='atlas-kry611-shard-0', serverSelector='null', clusterListeners='[]', serverSelectionTimeout='30000 ms', localThreshold='15 ms'}, socketSettings=SocketSettings{connectTimeoutMS=10000, readTimeoutMS=0, receiveBufferSize=0, proxySettings=ProxySettings{host=null, port=null, username=null, password=null}}, heartbeatSocketSettings=SocketSettings{connectTimeoutMS=10000, readTimeoutMS=10000, receiveBufferSize=0, proxySettings=ProxySettings{host=null, port=null, username=null, password=null}}, connectionPoolSettings=ConnectionPoolSettings{maxSize=100, minSize=0, maxWaitTimeMS=120000, maxConnectionLifeTimeMS=0, maxConnectionIdleTimeMS=0, maintenanceInitialDelayMS=0, maintenanceFrequencyMS=60000, connectionPoolListeners=[], maxConnecting=2}, serverSettings=ServerSettings{heartbeatFrequencyMS=10000, minHeartbeatFrequencyMS=500, serverMonitoringMode=AUTO, serverListeners='[]', serverMonitorListeners='[]'}, sslSettings=SslSettings{enabled=true, invalidHostNameAllowed=false, context=null}, applicationName='null', compressorList=[], uuidRepresentation=JAVA_LEGACY, serverApi=null, autoEncryptionSettings=null, dnsClient=null, inetAddressResolver=null, contextProvider=null, timeoutMS=null}
2025-04-12 17:41:08 INFO  org.mongodb.driver.cluster - Adding discovered server ac-kex050i-shard-00-02.6b69sb9.mongodb.net:27017 to client view of cluster
2025-04-12 17:41:08 INFO  org.mongodb.driver.cluster - Adding discovered server ac-kex050i-shard-00-01.6b69sb9.mongodb.net:27017 to client view of cluster
2025-04-12 17:41:08 INFO  org.mongodb.driver.cluster - Adding discovered server ac-kex050i-shard-00-00.6b69sb9.mongodb.net:27017 to client view of cluster
2025-04-12 17:41:09 INFO  org.mongodb.driver.cluster - Waiting for server to become available for operation with ID 5. Remaining time: 29990 ms. Selector: WritableServerSelector, topology description: {type=REPLICA_SET, servers=[{address=ac-kex050i-shard-00-00.6b69sb9.mongodb.net:27017, type=UNKNOWN, state=CONNECTING}, {address=ac-kex050i-shard-00-02.6b69sb9.mongodb.net:27017, type=UNKNOWN, state=CONNECTING}, {address=ac-kex050i-shard-00-01.6b69sb9.mongodb.net:27017, type=UNKNOWN, state=CONNECTING}].
2025-04-12 17:41:09 INFO  org.mongodb.driver.cluster - Monitor thread successfully connected to server with description ServerDescription{address=ac-kex050i-shard-00-01.6b69sb9.mongodb.net:27017, type=REPLICA_SET_SECONDARY, cryptd=false, state=CONNECTED, ok=true, minWireVersion=0, maxWireVersion=25, maxDocumentSize=16777216, logicalSessionTimeoutMinutes=30, roundTripTimeNanos=471518015, minRoundTripTimeNanos=0, setName='atlas-kry611-shard-0', canonicalAddress=ac-kex050i-shard-00-01.6b69sb9.mongodb.net:27017, hosts=[ac-kex050i-shard-00-02.6b69sb9.mongodb.net:27017, ac-kex050i-shard-00-01.6b69sb9.mongodb.net:27017, ac-kex050i-shard-00-00.6b69sb9.mongodb.net:27017], passives=[], arbiters=[], primary='ac-kex050i-shard-00-02.6b69sb9.mongodb.net:27017', tagSet=TagSet{[Tag{name='availabilityZone', value='aps1-az3'}, Tag{name='diskState', value='READY'}, Tag{name='nodeType', value='ELECTABLE'}, Tag{name='provider', value='AWS'}, Tag{name='region', value='AP_SOUTH_1'}, Tag{name='workloadType', value='OPERATIONAL'}]}, electionId=null, setVersion=1, topologyVersion=TopologyVersion{processId=67f95a88e18c31e0b3801de8, counter=3}, lastWriteDate=Sat Apr 12 17:40:58 GMT+05:45 2025, lastUpdateTimeNanos=5090547920112}
2025-04-12 17:41:09 INFO  org.mongodb.driver.cluster - Monitor thread successfully connected to server with description ServerDescription{address=ac-kex050i-shard-00-00.6b69sb9.mongodb.net:27017, type=REPLICA_SET_SECONDARY, cryptd=false, state=CONNECTED, ok=true, minWireVersion=0, maxWireVersion=25, maxDocumentSize=16777216, logicalSessionTimeoutMinutes=30, roundTripTimeNanos=466873698, minRoundTripTimeNanos=0, setName='atlas-kry611-shard-0', canonicalAddress=ac-kex050i-shard-00-00.6b69sb9.mongodb.net:27017, hosts=[ac-kex050i-shard-00-02.6b69sb9.mongodb.net:27017, ac-kex050i-shard-00-01.6b69sb9.mongodb.net:27017, ac-kex050i-shard-00-00.6b69sb9.mongodb.net:27017], passives=[], arbiters=[], primary='ac-kex050i-shard-00-02.6b69sb9.mongodb.net:27017', tagSet=TagSet{[Tag{name='availabilityZone', value='aps1-az1'}, Tag{name='diskState', value='READY'}, Tag{name='nodeType', value='ELECTABLE'}, Tag{name='provider', value='AWS'}, Tag{name='region', value='AP_SOUTH_1'}, Tag{name='workloadType', value='OPERATIONAL'}]}, electionId=null, setVersion=1, topologyVersion=TopologyVersion{processId=67f957c96e7bebcebef83be4, counter=4}, lastWriteDate=Sat Apr 12 17:40:58 GMT+05:45 2025, lastUpdateTimeNanos=5090548503253}
2025-04-12 17:41:09 INFO  org.mongodb.driver.cluster - Monitor thread successfully connected to server with description ServerDescription{address=ac-kex050i-shard-00-02.6b69sb9.mongodb.net:27017, type=REPLICA_SET_PRIMARY, cryptd=false, state=CONNECTED, ok=true, minWireVersion=0, maxWireVersion=25, maxDocumentSize=16777216, logicalSessionTimeoutMinutes=30, roundTripTimeNanos=464053036, minRoundTripTimeNanos=0, setName='atlas-kry611-shard-0', canonicalAddress=ac-kex050i-shard-00-02.6b69sb9.mongodb.net:27017, hosts=[ac-kex050i-shard-00-02.6b69sb9.mongodb.net:27017, ac-kex050i-shard-00-01.6b69sb9.mongodb.net:27017, ac-kex050i-shard-00-00.6b69sb9.mongodb.net:27017], passives=[], arbiters=[], primary='ac-kex050i-shard-00-02.6b69sb9.mongodb.net:27017', tagSet=TagSet{[Tag{name='availabilityZone', value='aps1-az2'}, Tag{name='diskState', value='READY'}, Tag{name='nodeType', value='ELECTABLE'}, Tag{name='provider', value='AWS'}, Tag{name='region', value='AP_SOUTH_1'}, Tag{name='workloadType', value='OPERATIONAL'}]}, electionId=7fffffff0000000000000009, setVersion=1, topologyVersion=TopologyVersion{processId=67f95943868877c2c3e82ebb, counter=6}, lastWriteDate=Sat Apr 12 17:40:58 GMT+05:45 2025, lastUpdateTimeNanos=5090548362466}
2025-04-12 17:41:09 INFO  org.mongodb.driver.cluster - Discovered replica set primary ac-kex050i-shard-00-02.6b69sb9.mongodb.net:27017 with max election id 7fffffff0000000000000009 and max set version 1
2025-04-12 17:41:10 INFO  o.s.s.c.a.a.c.InitializeAuthenticationProviderBeanManagerConfigurer$InitializeAuthenticationProviderManagerConfigurer - Global AuthenticationManager configured with AuthenticationProvider bean with name authenticationProvider
2025-04-12 17:41:10 WARN  o.s.s.c.a.a.c.InitializeUserDetailsBeanManagerConfigurer$InitializeUserDetailsManagerConfigurer - Global AuthenticationManager configured with an AuthenticationProvider bean. UserDetailsService beans will not be used by Spring Security for automatically configuring username/password login. Consider removing the AuthenticationProvider bean. Alternatively, consider using the UserDetailsService in a manually instantiated DaoAuthenticationProvider. If the current configuration is intentional, to turn off this warning, increase the logging level of 'org.springframework.security.config.annotation.authentication.configuration.InitializeUserDetailsBeanManagerConfigurer' to ERROR
2025-04-12 17:41:10 INFO  o.a.coyote.http11.Http11NioProtocol - Starting ProtocolHandler ["http-nio-8080"]
2025-04-12 17:41:10 INFO  o.s.b.w.e.tomcat.TomcatWebServer - Tomcat started on port 8080 (http) with context path '/'
2025-04-12 17:41:11 INFO  m.d.journalApp.JournalAppApplication - Started JournalAppApplication in 4.988 seconds (process running for 6.671)
2025-04-12 17:41:13 INFO  o.a.c.c.C.[Tomcat].[localhost].[/] - Initializing Spring DispatcherServlet 'dispatcherServlet'
2025-04-12 17:41:13 INFO  o.s.web.servlet.DispatcherServlet - Initializing Servlet 'dispatcherServlet'
2025-04-12 17:41:13 INFO  o.s.web.servlet.DispatcherServlet - Completed initialization in 1 ms
2025-04-12 17:53:41 INFO  o.s.b.w.e.tomcat.GracefulShutdown - Commencing graceful shutdown. Waiting for active requests to complete
2025-04-12 17:53:41 INFO  o.s.b.w.e.tomcat.GracefulShutdown - Graceful shutdown complete
2025-04-12 18:25:41 INFO  o.h.validator.internal.util.Version - HV000001: Hibernate Validator 8.0.2.Final
2025-04-12 18:25:41 INFO  m.d.journalApp.JournalAppApplication - Starting JournalAppApplication using Java 23.0.2 with PID 17365 (/home/malle/Project/journalApp/target/classes started by malle in /home/malle/Project/journalApp)
2025-04-12 18:25:41 INFO  m.d.journalApp.JournalAppApplication - The following 1 profile is active: "dev"
2025-04-12 18:25:42 INFO  o.s.d.r.c.RepositoryConfigurationDelegate - Bootstrapping Spring Data MongoDB repositories in DEFAULT mode.
2025-04-12 18:25:42 INFO  o.s.d.r.c.RepositoryConfigurationDelegate - Finished Spring Data repository scanning in 42 ms. Found 3 MongoDB repository interfaces.
2025-04-12 18:25:43 INFO  o.s.b.w.e.tomcat.TomcatWebServer - Tomcat initialized with port 8080 (http)
2025-04-12 18:25:43 INFO  o.a.coyote.http11.Http11NioProtocol - Initializing ProtocolHandler ["http-nio-8080"]
2025-04-12 18:25:43 INFO  o.a.catalina.core.StandardService - Starting service [Tomcat]
2025-04-12 18:25:43 INFO  o.a.catalina.core.StandardEngine - Starting Servlet engine: [Apache Tomcat/10.1.39]
2025-04-12 18:25:43 INFO  o.a.c.c.C.[Tomcat].[localhost].[/] - Initializing Spring embedded WebApplicationContext
2025-04-12 18:25:43 INFO  o.s.b.w.s.c.ServletWebServerApplicationContext - Root WebApplicationContext: initialization completed in 1292 ms
2025-04-12 18:25:43 INFO  org.mongodb.driver.client - MongoClient with metadata {"driver": {"name": "mongo-java-driver|sync|spring-boot", "version": "5.2.1"}, "os": {"type": "Linux", "name": "Linux", "architecture": "amd64", "version": "6.11.0-21-generic"}, "platform": "Java/Oracle Corporation/23.0.2+7-58"} created with settings MongoClientSettings{readPreference=primary, writeConcern=WriteConcern{w=majority, wTimeout=null ms, journal=null}, retryWrites=true, retryReads=true, readConcern=ReadConcern{level=null}, credential=MongoCredential{mechanism=null, userName='dipeshmallapub', source='admin', password=<hidden>, mechanismProperties=<hidden>}, transportSettings=null, commandListeners=[], codecRegistry=ProvidersCodecRegistry{codecProviders=[ValueCodecProvider{}, BsonValueCodecProvider{}, DBRefCodecProvider{}, DBObjectCodecProvider{}, DocumentCodecProvider{}, CollectionCodecProvider{}, IterableCodecProvider{}, MapCodecProvider{}, GeoJsonCodecProvider{}, GridFSFileCodecProvider{}, Jsr310CodecProvider{}, JsonObjectCodecProvider{}, BsonCodecProvider{}, EnumCodecProvider{}, com.mongodb.client.model.mql.ExpressionCodecProvider@8e99809, com.mongodb.Jep395RecordCodecProvider@e62319f, com.mongodb.KotlinCodecProvider@4d354a3e]}, loggerSettings=LoggerSettings{maxDocumentLength=1000}, clusterSettings={hosts=[127.0.0.1:27017], srvHost=cluster0.6b69sb9.mongodb.net, srvServiceName=mongodb, mode=MULTIPLE, requiredClusterType=REPLICA_SET, requiredReplicaSetName='atlas-kry611-shard-0', serverSelector='null', clusterListeners='[]', serverSelectionTimeout='30000 ms', localThreshold='15 ms'}, socketSettings=SocketSettings{connectTimeoutMS=10000, readTimeoutMS=0, receiveBufferSize=0, proxySettings=ProxySettings{host=null, port=null, username=null, password=null}}, heartbeatSocketSettings=SocketSettings{connectTimeoutMS=10000, readTimeoutMS=10000, receiveBufferSize=0, proxySettings=ProxySettings{host=null, port=null, username=null, password=null}}, connectionPoolSettings=ConnectionPoolSettings{maxSize=100, minSize=0, maxWaitTimeMS=120000, maxConnectionLifeTimeMS=0, maxConnectionIdleTimeMS=0, maintenanceInitialDelayMS=0, maintenanceFrequencyMS=60000, connectionPoolListeners=[], maxConnecting=2}, serverSettings=ServerSettings{heartbeatFrequencyMS=10000, minHeartbeatFrequencyMS=500, serverMonitoringMode=AUTO, serverListeners='[]', serverMonitorListeners='[]'}, sslSettings=SslSettings{enabled=true, invalidHostNameAllowed=false, context=null}, applicationName='null', compressorList=[], uuidRepresentation=JAVA_LEGACY, serverApi=null, autoEncryptionSettings=null, dnsClient=null, inetAddressResolver=null, contextProvider=null, timeoutMS=null}
2025-04-12 18:25:43 INFO  org.mongodb.driver.cluster - Adding discovered server ac-kex050i-shard-00-02.6b69sb9.mongodb.net:27017 to client view of cluster
2025-04-12 18:25:43 INFO  org.mongodb.driver.cluster - Adding discovered server ac-kex050i-shard-00-01.6b69sb9.mongodb.net:27017 to client view of cluster
2025-04-12 18:25:43 INFO  org.mongodb.driver.cluster - Adding discovered server ac-kex050i-shard-00-00.6b69sb9.mongodb.net:27017 to client view of cluster
2025-04-12 18:25:43 INFO  org.mongodb.driver.cluster - Waiting for server to become available for operation with ID 5. Remaining time: 29993 ms. Selector: WritableServerSelector, topology description: {type=REPLICA_SET, servers=[{address=ac-kex050i-shard-00-00.6b69sb9.mongodb.net:27017, type=UNKNOWN, state=CONNECTING}, {address=ac-kex050i-shard-00-02.6b69sb9.mongodb.net:27017, type=UNKNOWN, state=CONNECTING}, {address=ac-kex050i-shard-00-01.6b69sb9.mongodb.net:27017, type=UNKNOWN, state=CONNECTING}].
2025-04-12 18:25:44 INFO  org.mongodb.driver.cluster - Monitor thread successfully connected to server with description ServerDescription{address=ac-kex050i-shard-00-02.6b69sb9.mongodb.net:27017, type=REPLICA_SET_PRIMARY, cryptd=false, state=CONNECTED, ok=true, minWireVersion=0, maxWireVersion=25, maxDocumentSize=16777216, logicalSessionTimeoutMinutes=30, roundTripTimeNanos=538701793, minRoundTripTimeNanos=0, setName='atlas-kry611-shard-0', canonicalAddress=ac-kex050i-shard-00-02.6b69sb9.mongodb.net:27017, hosts=[ac-kex050i-shard-00-02.6b69sb9.mongodb.net:27017, ac-kex050i-shard-00-01.6b69sb9.mongodb.net:27017, ac-kex050i-shard-00-00.6b69sb9.mongodb.net:27017], passives=[], arbiters=[], primary='ac-kex050i-shard-00-02.6b69sb9.mongodb.net:27017', tagSet=TagSet{[Tag{name='availabilityZone', value='aps1-az2'}, Tag{name='diskState', value='READY'}, Tag{name='nodeType', value='ELECTABLE'}, Tag{name='provider', value='AWS'}, Tag{name='region', value='AP_SOUTH_1'}, Tag{name='workloadType', value='OPERATIONAL'}]}, electionId=7fffffff0000000000000009, setVersion=1, topologyVersion=TopologyVersion{processId=67f95943868877c2c3e82ebb, counter=6}, lastWriteDate=Sat Apr 12 18:25:41 GMT+05:45 2025, lastUpdateTimeNanos=7764387400188}
2025-04-12 18:25:44 INFO  org.mongodb.driver.cluster - Discovered replica set primary ac-kex050i-shard-00-02.6b69sb9.mongodb.net:27017 with max election id 7fffffff0000000000000009 and max set version 1
2025-04-12 18:25:44 INFO  org.mongodb.driver.cluster - Monitor thread successfully connected to server with description ServerDescription{address=ac-kex050i-shard-00-01.6b69sb9.mongodb.net:27017, type=REPLICA_SET_SECONDARY, cryptd=false, state=CONNECTED, ok=true, minWireVersion=0, maxWireVersion=25, maxDocumentSize=16777216, logicalSessionTimeoutMinutes=30, roundTripTimeNanos=561889632, minRoundTripTimeNanos=0, setName='atlas-kry611-shard-0', canonicalAddress=ac-kex050i-shard-00-01.6b69sb9.mongodb.net:27017, hosts=[ac-kex050i-shard-00-02.6b69sb9.mongodb.net:27017, ac-kex050i-shard-00-01.6b69sb9.mongodb.net:27017, ac-kex050i-shard-00-00.6b69sb9.mongodb.net:27017], passives=[], arbiters=[], primary='ac-kex050i-shard-00-02.6b69sb9.mongodb.net:27017', tagSet=TagSet{[Tag{name='availabilityZone', value='aps1-az3'}, Tag{name='diskState', value='READY'}, Tag{name='nodeType', value='ELECTABLE'}, Tag{name='provider', value='AWS'}, Tag{name='region', value='AP_SOUTH_1'}, Tag{name='workloadType', value='OPERATIONAL'}]}, electionId=null, setVersion=1, topologyVersion=TopologyVersion{processId=67f95a88e18c31e0b3801de8, counter=3}, lastWriteDate=Sat Apr 12 18:25:41 GMT+05:45 2025, lastUpdateTimeNanos=7764407752875}
2025-04-12 18:25:44 INFO  org.mongodb.driver.cluster - Monitor thread successfully connected to server with description ServerDescription{address=ac-kex050i-shard-00-00.6b69sb9.mongodb.net:27017, type=REPLICA_SET_SECONDARY, cryptd=false, state=CONNECTED, ok=true, minWireVersion=0, maxWireVersion=25, maxDocumentSize=16777216, logicalSessionTimeoutMinutes=30, roundTripTimeNanos=645890104, minRoundTripTimeNanos=0, setName='atlas-kry611-shard-0', canonicalAddress=ac-kex050i-shard-00-00.6b69sb9.mongodb.net:27017, hosts=[ac-kex050i-shard-00-02.6b69sb9.mongodb.net:27017, ac-kex050i-shard-00-01.6b69sb9.mongodb.net:27017, ac-kex050i-shard-00-00.6b69sb9.mongodb.net:27017], passives=[], arbiters=[], primary='ac-kex050i-shard-00-02.6b69sb9.mongodb.net:27017', tagSet=TagSet{[Tag{name='availabilityZone', value='aps1-az1'}, Tag{name='diskState', value='READY'}, Tag{name='nodeType', value='ELECTABLE'}, Tag{name='provider', value='AWS'}, Tag{name='region', value='AP_SOUTH_1'}, Tag{name='workloadType', value='OPERATIONAL'}]}, electionId=null, setVersion=1, topologyVersion=TopologyVersion{processId=67f957c96e7bebcebef83be4, counter=4}, lastWriteDate=Sat Apr 12 18:25:41 GMT+05:45 2025, lastUpdateTimeNanos=7764494648278}
2025-04-12 18:25:45 WARN  o.s.b.w.s.c.AnnotationConfigServletWebServerApplicationContext - Exception encountered during context initialization - cancelling refresh attempt: org.springframework.beans.factory.BeanCreationException: Error creating bean with name 'appCache': Invocation of init method failed
2025-04-12 18:25:45 INFO  o.a.catalina.core.StandardService - Stopping service [Tomcat]
2025-04-12 18:25:45 INFO  o.s.b.a.l.ConditionEvaluationReportLogger - 

Error starting ApplicationContext. To display the condition evaluation report re-run your application with 'debug' enabled.
2025-04-12 18:25:45 ERROR o.s.boot.SpringApplication - Application run failed
org.springframework.beans.factory.BeanCreationException: Error creating bean with name 'appCache': Invocation of init method failed
	at org.springframework.beans.factory.annotation.InitDestroyAnnotationBeanPostProcessor.postProcessBeforeInitialization(InitDestroyAnnotationBeanPostProcessor.java:222)
	at org.springframework.beans.factory.support.AbstractAutowireCapableBeanFactory.applyBeanPostProcessorsBeforeInitialization(AbstractAutowireCapableBeanFactory.java:423)
	at org.springframework.beans.factory.support.AbstractAutowireCapableBeanFactory.initializeBean(AbstractAutowireCapableBeanFactory.java:1804)
	at org.springframework.beans.factory.support.AbstractAutowireCapableBeanFactory.doCreateBean(AbstractAutowireCapableBeanFactory.java:601)
	at org.springframework.beans.factory.support.AbstractAutowireCapableBeanFactory.createBean(AbstractAutowireCapableBeanFactory.java:523)
	at org.springframework.beans.factory.support.AbstractBeanFactory.lambda$doGetBean$0(AbstractBeanFactory.java:339)
	at org.springframework.beans.factory.support.DefaultSingletonBeanRegistry.getSingleton(DefaultSingletonBeanRegistry.java:347)
	at org.springframework.beans.factory.support.AbstractBeanFactory.doGetBean(AbstractBeanFactory.java:337)
	at org.springframework.beans.factory.support.AbstractBeanFactory.getBean(AbstractBeanFactory.java:202)
	at org.springframework.beans.factory.support.DefaultListableBeanFactory.instantiateSingleton(DefaultListableBeanFactory.java:1155)
	at org.springframework.beans.factory.support.DefaultListableBeanFactory.preInstantiateSingleton(DefaultListableBeanFactory.java:1121)
	at org.springframework.beans.factory.support.DefaultListableBeanFactory.preInstantiateSingletons(DefaultListableBeanFactory.java:1056)
	at org.springframework.context.support.AbstractApplicationContext.finishBeanFactoryInitialization(AbstractApplicationContext.java:987)
	at org.springframework.context.support.AbstractApplicationContext.refresh(AbstractApplicationContext.java:627)
	at org.springframework.boot.web.servlet.context.ServletWebServerApplicationContext.refresh(ServletWebServerApplicationContext.java:146)
	at org.springframework.boot.SpringApplication.refresh(SpringApplication.java:752)
	at org.springframework.boot.SpringApplication.refreshContext(SpringApplication.java:439)
	at org.springframework.boot.SpringApplication.run(SpringApplication.java:318)
	at org.springframework.boot.SpringApplication.run(SpringApplication.java:1361)
	at org.springframework.boot.SpringApplication.run(SpringApplication.java:1350)
	at malla.dipesh.journalApp.JournalAppApplication.main(JournalAppApplication.java:17)
Caused by: java.lang.NullPointerException: Cannot invoke "java.util.Map.put(Object, Object)" because "this.APP_CACHE" is null
	at malla.dipesh.journalApp.cache.AppCache.init(AppCache.java:27)
	at java.base/jdk.internal.reflect.DirectMethodHandleAccessor.invoke(DirectMethodHandleAccessor.java:103)
	at java.base/java.lang.reflect.Method.invoke(Method.java:580)
	at org.springframework.beans.factory.annotation.InitDestroyAnnotationBeanPostProcessor$LifecycleMethod.invoke(InitDestroyAnnotationBeanPostProcessor.java:457)
	at org.springframework.beans.factory.annotation.InitDestroyAnnotationBeanPostProcessor$LifecycleMetadata.invokeInitMethods(InitDestroyAnnotationBeanPostProcessor.java:401)
	at org.springframework.beans.factory.annotation.InitDestroyAnnotationBeanPostProcessor.postProcessBeforeInitialization(InitDestroyAnnotationBeanPostProcessor.java:219)
	... 20 common frames omitted
2025-04-12 18:41:23 INFO  o.h.validator.internal.util.Version - HV000001: Hibernate Validator 8.0.2.Final
2025-04-12 18:41:24 INFO  m.d.journalApp.JournalAppApplication - Starting JournalAppApplication using Java 23.0.2 with PID 18542 (/home/malle/Project/journalApp/target/classes started by malle in /home/malle/Project/journalApp)
2025-04-12 18:41:24 INFO  m.d.journalApp.JournalAppApplication - The following 1 profile is active: "dev"
2025-04-12 18:41:24 INFO  o.s.d.r.c.RepositoryConfigurationDelegate - Bootstrapping Spring Data MongoDB repositories in DEFAULT mode.
2025-04-12 18:41:24 INFO  o.s.d.r.c.RepositoryConfigurationDelegate - Finished Spring Data repository scanning in 36 ms. Found 3 MongoDB repository interfaces.
2025-04-12 18:41:25 INFO  o.s.b.w.e.tomcat.TomcatWebServer - Tomcat initialized with port 8080 (http)
2025-04-12 18:41:25 INFO  o.a.coyote.http11.Http11NioProtocol - Initializing ProtocolHandler ["http-nio-8080"]
2025-04-12 18:41:25 INFO  o.a.catalina.core.StandardService - Starting service [Tomcat]
2025-04-12 18:41:25 INFO  o.a.catalina.core.StandardEngine - Starting Servlet engine: [Apache Tomcat/10.1.39]
2025-04-12 18:41:25 INFO  o.a.c.c.C.[Tomcat].[localhost].[/] - Initializing Spring embedded WebApplicationContext
2025-04-12 18:41:25 INFO  o.s.b.w.s.c.ServletWebServerApplicationContext - Root WebApplicationContext: initialization completed in 1152 ms
2025-04-12 18:41:25 INFO  org.mongodb.driver.client - MongoClient with metadata {"driver": {"name": "mongo-java-driver|sync|spring-boot", "version": "5.2.1"}, "os": {"type": "Linux", "name": "Linux", "architecture": "amd64", "version": "6.11.0-21-generic"}, "platform": "Java/Oracle Corporation/23.0.2+7-58"} created with settings MongoClientSettings{readPreference=primary, writeConcern=WriteConcern{w=majority, wTimeout=null ms, journal=null}, retryWrites=true, retryReads=true, readConcern=ReadConcern{level=null}, credential=MongoCredential{mechanism=null, userName='dipeshmallapub', source='admin', password=<hidden>, mechanismProperties=<hidden>}, transportSettings=null, commandListeners=[], codecRegistry=ProvidersCodecRegistry{codecProviders=[ValueCodecProvider{}, BsonValueCodecProvider{}, DBRefCodecProvider{}, DBObjectCodecProvider{}, DocumentCodecProvider{}, CollectionCodecProvider{}, IterableCodecProvider{}, MapCodecProvider{}, GeoJsonCodecProvider{}, GridFSFileCodecProvider{}, Jsr310CodecProvider{}, JsonObjectCodecProvider{}, BsonCodecProvider{}, EnumCodecProvider{}, com.mongodb.client.model.mql.ExpressionCodecProvider@6424e613, com.mongodb.Jep395RecordCodecProvider@14efa279, com.mongodb.KotlinCodecProvider@8e99809]}, loggerSettings=LoggerSettings{maxDocumentLength=1000}, clusterSettings={hosts=[127.0.0.1:27017], srvHost=cluster0.6b69sb9.mongodb.net, srvServiceName=mongodb, mode=MULTIPLE, requiredClusterType=REPLICA_SET, requiredReplicaSetName='atlas-kry611-shard-0', serverSelector='null', clusterListeners='[]', serverSelectionTimeout='30000 ms', localThreshold='15 ms'}, socketSettings=SocketSettings{connectTimeoutMS=10000, readTimeoutMS=0, receiveBufferSize=0, proxySettings=ProxySettings{host=null, port=null, username=null, password=null}}, heartbeatSocketSettings=SocketSettings{connectTimeoutMS=10000, readTimeoutMS=10000, receiveBufferSize=0, proxySettings=ProxySettings{host=null, port=null, username=null, password=null}}, connectionPoolSettings=ConnectionPoolSettings{maxSize=100, minSize=0, maxWaitTimeMS=120000, maxConnectionLifeTimeMS=0, maxConnectionIdleTimeMS=0, maintenanceInitialDelayMS=0, maintenanceFrequencyMS=60000, connectionPoolListeners=[], maxConnecting=2}, serverSettings=ServerSettings{heartbeatFrequencyMS=10000, minHeartbeatFrequencyMS=500, serverMonitoringMode=AUTO, serverListeners='[]', serverMonitorListeners='[]'}, sslSettings=SslSettings{enabled=true, invalidHostNameAllowed=false, context=null}, applicationName='null', compressorList=[], uuidRepresentation=JAVA_LEGACY, serverApi=null, autoEncryptionSettings=null, dnsClient=null, inetAddressResolver=null, contextProvider=null, timeoutMS=null}
2025-04-12 18:41:25 INFO  org.mongodb.driver.cluster - Adding discovered server ac-kex050i-shard-00-02.6b69sb9.mongodb.net:27017 to client view of cluster
2025-04-12 18:41:25 INFO  org.mongodb.driver.cluster - Adding discovered server ac-kex050i-shard-00-01.6b69sb9.mongodb.net:27017 to client view of cluster
2025-04-12 18:41:25 INFO  org.mongodb.driver.cluster - Adding discovered server ac-kex050i-shard-00-00.6b69sb9.mongodb.net:27017 to client view of cluster
2025-04-12 18:41:25 INFO  org.mongodb.driver.cluster - Waiting for server to become available for operation with ID 5. Remaining time: 29986 ms. Selector: WritableServerSelector, topology description: {type=REPLICA_SET, servers=[{address=ac-kex050i-shard-00-00.6b69sb9.mongodb.net:27017, type=UNKNOWN, state=CONNECTING}, {address=ac-kex050i-shard-00-02.6b69sb9.mongodb.net:27017, type=UNKNOWN, state=CONNECTING}, {address=ac-kex050i-shard-00-01.6b69sb9.mongodb.net:27017, type=UNKNOWN, state=CONNECTING}].
2025-04-12 18:41:26 INFO  org.mongodb.driver.cluster - Monitor thread successfully connected to server with description ServerDescription{address=ac-kex050i-shard-00-02.6b69sb9.mongodb.net:27017, type=REPLICA_SET_PRIMARY, cryptd=false, state=CONNECTED, ok=true, minWireVersion=0, maxWireVersion=25, maxDocumentSize=16777216, logicalSessionTimeoutMinutes=30, roundTripTimeNanos=428671963, minRoundTripTimeNanos=0, setName='atlas-kry611-shard-0', canonicalAddress=ac-kex050i-shard-00-02.6b69sb9.mongodb.net:27017, hosts=[ac-kex050i-shard-00-02.6b69sb9.mongodb.net:27017, ac-kex050i-shard-00-01.6b69sb9.mongodb.net:27017, ac-kex050i-shard-00-00.6b69sb9.mongodb.net:27017], passives=[], arbiters=[], primary='ac-kex050i-shard-00-02.6b69sb9.mongodb.net:27017', tagSet=TagSet{[Tag{name='availabilityZone', value='aps1-az2'}, Tag{name='diskState', value='READY'}, Tag{name='nodeType', value='ELECTABLE'}, Tag{name='provider', value='AWS'}, Tag{name='region', value='AP_SOUTH_1'}, Tag{name='workloadType', value='OPERATIONAL'}]}, electionId=7fffffff0000000000000009, setVersion=1, topologyVersion=TopologyVersion{processId=67f95943868877c2c3e82ebb, counter=6}, lastWriteDate=Sat Apr 12 18:41:15 GMT+05:45 2025, lastUpdateTimeNanos=8706552784914}
2025-04-12 18:41:26 INFO  org.mongodb.driver.cluster - Monitor thread successfully connected to server with description ServerDescription{address=ac-kex050i-shard-00-00.6b69sb9.mongodb.net:27017, type=REPLICA_SET_SECONDARY, cryptd=false, state=CONNECTED, ok=true, minWireVersion=0, maxWireVersion=25, maxDocumentSize=16777216, logicalSessionTimeoutMinutes=30, roundTripTimeNanos=430200701, minRoundTripTimeNanos=0, setName='atlas-kry611-shard-0', canonicalAddress=ac-kex050i-shard-00-00.6b69sb9.mongodb.net:27017, hosts=[ac-kex050i-shard-00-02.6b69sb9.mongodb.net:27017, ac-kex050i-shard-00-01.6b69sb9.mongodb.net:27017, ac-kex050i-shard-00-00.6b69sb9.mongodb.net:27017], passives=[], arbiters=[], primary='ac-kex050i-shard-00-02.6b69sb9.mongodb.net:27017', tagSet=TagSet{[Tag{name='availabilityZone', value='aps1-az1'}, Tag{name='diskState', value='READY'}, Tag{name='nodeType', value='ELECTABLE'}, Tag{name='provider', value='AWS'}, Tag{name='region', value='AP_SOUTH_1'}, Tag{name='workloadType', value='OPERATIONAL'}]}, electionId=null, setVersion=1, topologyVersion=TopologyVersion{processId=67f957c96e7bebcebef83be4, counter=4}, lastWriteDate=Sat Apr 12 18:41:15 GMT+05:45 2025, lastUpdateTimeNanos=8706552784490}
2025-04-12 18:41:26 INFO  org.mongodb.driver.cluster - Monitor thread successfully connected to server with description ServerDescription{address=ac-kex050i-shard-00-01.6b69sb9.mongodb.net:27017, type=REPLICA_SET_SECONDARY, cryptd=false, state=CONNECTED, ok=true, minWireVersion=0, maxWireVersion=25, maxDocumentSize=16777216, logicalSessionTimeoutMinutes=30, roundTripTimeNanos=424393535, minRoundTripTimeNanos=0, setName='atlas-kry611-shard-0', canonicalAddress=ac-kex050i-shard-00-01.6b69sb9.mongodb.net:27017, hosts=[ac-kex050i-shard-00-02.6b69sb9.mongodb.net:27017, ac-kex050i-shard-00-01.6b69sb9.mongodb.net:27017, ac-kex050i-shard-00-00.6b69sb9.mongodb.net:27017], passives=[], arbiters=[], primary='ac-kex050i-shard-00-02.6b69sb9.mongodb.net:27017', tagSet=TagSet{[Tag{name='availabilityZone', value='aps1-az3'}, Tag{name='diskState', value='READY'}, Tag{name='nodeType', value='ELECTABLE'}, Tag{name='provider', value='AWS'}, Tag{name='region', value='AP_SOUTH_1'}, Tag{name='workloadType', value='OPERATIONAL'}]}, electionId=null, setVersion=1, topologyVersion=TopologyVersion{processId=67f95a88e18c31e0b3801de8, counter=3}, lastWriteDate=Sat Apr 12 18:41:15 GMT+05:45 2025, lastUpdateTimeNanos=8706552785803}
2025-04-12 18:41:26 INFO  org.mongodb.driver.cluster - Discovered replica set primary ac-kex050i-shard-00-02.6b69sb9.mongodb.net:27017 with max election id 7fffffff0000000000000009 and max set version 1
2025-04-12 18:41:27 WARN  o.s.b.w.s.c.AnnotationConfigServletWebServerApplicationContext - Exception encountered during context initialization - cancelling refresh attempt: org.springframework.beans.factory.BeanCreationException: Error creating bean with name 'appCache': Invocation of init method failed
2025-04-12 18:41:27 INFO  o.a.catalina.core.StandardService - Stopping service [Tomcat]
2025-04-12 18:41:27 INFO  o.s.b.a.l.ConditionEvaluationReportLogger - 

Error starting ApplicationContext. To display the condition evaluation report re-run your application with 'debug' enabled.
2025-04-12 18:41:27 ERROR o.s.boot.SpringApplication - Application run failed
org.springframework.beans.factory.BeanCreationException: Error creating bean with name 'appCache': Invocation of init method failed
	at org.springframework.beans.factory.annotation.InitDestroyAnnotationBeanPostProcessor.postProcessBeforeInitialization(InitDestroyAnnotationBeanPostProcessor.java:222)
	at org.springframework.beans.factory.support.AbstractAutowireCapableBeanFactory.applyBeanPostProcessorsBeforeInitialization(AbstractAutowireCapableBeanFactory.java:423)
	at org.springframework.beans.factory.support.AbstractAutowireCapableBeanFactory.initializeBean(AbstractAutowireCapableBeanFactory.java:1804)
	at org.springframework.beans.factory.support.AbstractAutowireCapableBeanFactory.doCreateBean(AbstractAutowireCapableBeanFactory.java:601)
	at org.springframework.beans.factory.support.AbstractAutowireCapableBeanFactory.createBean(AbstractAutowireCapableBeanFactory.java:523)
	at org.springframework.beans.factory.support.AbstractBeanFactory.lambda$doGetBean$0(AbstractBeanFactory.java:339)
	at org.springframework.beans.factory.support.DefaultSingletonBeanRegistry.getSingleton(DefaultSingletonBeanRegistry.java:347)
	at org.springframework.beans.factory.support.AbstractBeanFactory.doGetBean(AbstractBeanFactory.java:337)
	at org.springframework.beans.factory.support.AbstractBeanFactory.getBean(AbstractBeanFactory.java:202)
	at org.springframework.beans.factory.support.DefaultListableBeanFactory.instantiateSingleton(DefaultListableBeanFactory.java:1155)
	at org.springframework.beans.factory.support.DefaultListableBeanFactory.preInstantiateSingleton(DefaultListableBeanFactory.java:1121)
	at org.springframework.beans.factory.support.DefaultListableBeanFactory.preInstantiateSingletons(DefaultListableBeanFactory.java:1056)
	at org.springframework.context.support.AbstractApplicationContext.finishBeanFactoryInitialization(AbstractApplicationContext.java:987)
	at org.springframework.context.support.AbstractApplicationContext.refresh(AbstractApplicationContext.java:627)
	at org.springframework.boot.web.servlet.context.ServletWebServerApplicationContext.refresh(ServletWebServerApplicationContext.java:146)
	at org.springframework.boot.SpringApplication.refresh(SpringApplication.java:752)
	at org.springframework.boot.SpringApplication.refreshContext(SpringApplication.java:439)
	at org.springframework.boot.SpringApplication.run(SpringApplication.java:318)
	at org.springframework.boot.SpringApplication.run(SpringApplication.java:1361)
	at org.springframework.boot.SpringApplication.run(SpringApplication.java:1350)
	at malla.dipesh.journalApp.JournalAppApplication.main(JournalAppApplication.java:17)
Caused by: java.lang.NullPointerException: Cannot invoke "java.util.Map.put(Object, Object)" because "this.APP_CACHE" is null
	at malla.dipesh.journalApp.cache.AppCache.init(AppCache.java:27)
	at java.base/jdk.internal.reflect.DirectMethodHandleAccessor.invoke(DirectMethodHandleAccessor.java:103)
	at java.base/java.lang.reflect.Method.invoke(Method.java:580)
	at org.springframework.beans.factory.annotation.InitDestroyAnnotationBeanPostProcessor$LifecycleMethod.invoke(InitDestroyAnnotationBeanPostProcessor.java:457)
	at org.springframework.beans.factory.annotation.InitDestroyAnnotationBeanPostProcessor$LifecycleMetadata.invokeInitMethods(InitDestroyAnnotationBeanPostProcessor.java:401)
	at org.springframework.beans.factory.annotation.InitDestroyAnnotationBeanPostProcessor.postProcessBeforeInitialization(InitDestroyAnnotationBeanPostProcessor.java:219)
	... 20 common frames omitted
2025-04-12 18:42:56 INFO  o.h.validator.internal.util.Version - HV000001: Hibernate Validator 8.0.2.Final
2025-04-12 18:42:57 INFO  m.d.journalApp.JournalAppApplication - Starting JournalAppApplication using Java 23.0.2 with PID 18804 (/home/malle/Project/journalApp/target/classes started by malle in /home/malle/Project/journalApp)
2025-04-12 18:42:57 INFO  m.d.journalApp.JournalAppApplication - The following 1 profile is active: "dev"
2025-04-12 18:42:57 INFO  o.s.d.r.c.RepositoryConfigurationDelegate - Bootstrapping Spring Data MongoDB repositories in DEFAULT mode.
2025-04-12 18:42:57 INFO  o.s.d.r.c.RepositoryConfigurationDelegate - Finished Spring Data repository scanning in 78 ms. Found 3 MongoDB repository interfaces.
2025-04-12 18:42:58 INFO  o.s.b.w.e.tomcat.TomcatWebServer - Tomcat initialized with port 8080 (http)
2025-04-12 18:42:58 INFO  o.a.coyote.http11.Http11NioProtocol - Initializing ProtocolHandler ["http-nio-8080"]
2025-04-12 18:42:58 INFO  o.a.catalina.core.StandardService - Starting service [Tomcat]
2025-04-12 18:42:58 INFO  o.a.catalina.core.StandardEngine - Starting Servlet engine: [Apache Tomcat/10.1.39]
2025-04-12 18:42:58 INFO  o.a.c.c.C.[Tomcat].[localhost].[/] - Initializing Spring embedded WebApplicationContext
2025-04-12 18:42:58 INFO  o.s.b.w.s.c.ServletWebServerApplicationContext - Root WebApplicationContext: initialization completed in 1757 ms
2025-04-12 18:42:59 INFO  org.mongodb.driver.client - MongoClient with metadata {"driver": {"name": "mongo-java-driver|sync|spring-boot", "version": "5.2.1"}, "os": {"type": "Linux", "name": "Linux", "architecture": "amd64", "version": "6.11.0-21-generic"}, "platform": "Java/Oracle Corporation/23.0.2+7-58"} created with settings MongoClientSettings{readPreference=primary, writeConcern=WriteConcern{w=majority, wTimeout=null ms, journal=null}, retryWrites=true, retryReads=true, readConcern=ReadConcern{level=null}, credential=MongoCredential{mechanism=null, userName='dipeshmallapub', source='admin', password=<hidden>, mechanismProperties=<hidden>}, transportSettings=null, commandListeners=[], codecRegistry=ProvidersCodecRegistry{codecProviders=[ValueCodecProvider{}, BsonValueCodecProvider{}, DBRefCodecProvider{}, DBObjectCodecProvider{}, DocumentCodecProvider{}, CollectionCodecProvider{}, IterableCodecProvider{}, MapCodecProvider{}, GeoJsonCodecProvider{}, GridFSFileCodecProvider{}, Jsr310CodecProvider{}, JsonObjectCodecProvider{}, BsonCodecProvider{}, EnumCodecProvider{}, com.mongodb.client.model.mql.ExpressionCodecProvider@a0c5be, com.mongodb.Jep395RecordCodecProvider@6424e613, com.mongodb.KotlinCodecProvider@14efa279]}, loggerSettings=LoggerSettings{maxDocumentLength=1000}, clusterSettings={hosts=[127.0.0.1:27017], srvHost=cluster0.6b69sb9.mongodb.net, srvServiceName=mongodb, mode=MULTIPLE, requiredClusterType=REPLICA_SET, requiredReplicaSetName='atlas-kry611-shard-0', serverSelector='null', clusterListeners='[]', serverSelectionTimeout='30000 ms', localThreshold='15 ms'}, socketSettings=SocketSettings{connectTimeoutMS=10000, readTimeoutMS=0, receiveBufferSize=0, proxySettings=ProxySettings{host=null, port=null, username=null, password=null}}, heartbeatSocketSettings=SocketSettings{connectTimeoutMS=10000, readTimeoutMS=10000, receiveBufferSize=0, proxySettings=ProxySettings{host=null, port=null, username=null, password=null}}, connectionPoolSettings=ConnectionPoolSettings{maxSize=100, minSize=0, maxWaitTimeMS=120000, maxConnectionLifeTimeMS=0, maxConnectionIdleTimeMS=0, maintenanceInitialDelayMS=0, maintenanceFrequencyMS=60000, connectionPoolListeners=[], maxConnecting=2}, serverSettings=ServerSettings{heartbeatFrequencyMS=10000, minHeartbeatFrequencyMS=500, serverMonitoringMode=AUTO, serverListeners='[]', serverMonitorListeners='[]'}, sslSettings=SslSettings{enabled=true, invalidHostNameAllowed=false, context=null}, applicationName='null', compressorList=[], uuidRepresentation=JAVA_LEGACY, serverApi=null, autoEncryptionSettings=null, dnsClient=null, inetAddressResolver=null, contextProvider=null, timeoutMS=null}
2025-04-12 18:42:59 INFO  org.mongodb.driver.cluster - Adding discovered server ac-kex050i-shard-00-02.6b69sb9.mongodb.net:27017 to client view of cluster
2025-04-12 18:42:59 INFO  org.mongodb.driver.cluster - Adding discovered server ac-kex050i-shard-00-00.6b69sb9.mongodb.net:27017 to client view of cluster
2025-04-12 18:42:59 INFO  org.mongodb.driver.cluster - Adding discovered server ac-kex050i-shard-00-01.6b69sb9.mongodb.net:27017 to client view of cluster
2025-04-12 18:43:00 INFO  org.mongodb.driver.cluster - Waiting for server to become available for operation with ID 5. Remaining time: 29994 ms. Selector: WritableServerSelector, topology description: {type=REPLICA_SET, servers=[{address=ac-kex050i-shard-00-00.6b69sb9.mongodb.net:27017, type=UNKNOWN, state=CONNECTING}, {address=ac-kex050i-shard-00-02.6b69sb9.mongodb.net:27017, type=UNKNOWN, state=CONNECTING}, {address=ac-kex050i-shard-00-01.6b69sb9.mongodb.net:27017, type=UNKNOWN, state=CONNECTING}].
2025-04-12 18:43:00 INFO  org.mongodb.driver.cluster - Monitor thread successfully connected to server with description ServerDescription{address=ac-kex050i-shard-00-02.6b69sb9.mongodb.net:27017, type=REPLICA_SET_PRIMARY, cryptd=false, state=CONNECTED, ok=true, minWireVersion=0, maxWireVersion=25, maxDocumentSize=16777216, logicalSessionTimeoutMinutes=30, roundTripTimeNanos=577735668, minRoundTripTimeNanos=0, setName='atlas-kry611-shard-0', canonicalAddress=ac-kex050i-shard-00-02.6b69sb9.mongodb.net:27017, hosts=[ac-kex050i-shard-00-02.6b69sb9.mongodb.net:27017, ac-kex050i-shard-00-01.6b69sb9.mongodb.net:27017, ac-kex050i-shard-00-00.6b69sb9.mongodb.net:27017], passives=[], arbiters=[], primary='ac-kex050i-shard-00-02.6b69sb9.mongodb.net:27017', tagSet=TagSet{[Tag{name='availabilityZone', value='aps1-az2'}, Tag{name='diskState', value='READY'}, Tag{name='nodeType', value='ELECTABLE'}, Tag{name='provider', value='AWS'}, Tag{name='region', value='AP_SOUTH_1'}, Tag{name='workloadType', value='OPERATIONAL'}]}, electionId=7fffffff0000000000000009, setVersion=1, topologyVersion=TopologyVersion{processId=67f95943868877c2c3e82ebb, counter=6}, lastWriteDate=Sat Apr 12 18:42:57 GMT+05:45 2025, lastUpdateTimeNanos=8800524658740}
2025-04-12 18:43:00 INFO  org.mongodb.driver.cluster - Monitor thread successfully connected to server with description ServerDescription{address=ac-kex050i-shard-00-01.6b69sb9.mongodb.net:27017, type=REPLICA_SET_SECONDARY, cryptd=false, state=CONNECTED, ok=true, minWireVersion=0, maxWireVersion=25, maxDocumentSize=16777216, logicalSessionTimeoutMinutes=30, roundTripTimeNanos=575518534, minRoundTripTimeNanos=0, setName='atlas-kry611-shard-0', canonicalAddress=ac-kex050i-shard-00-01.6b69sb9.mongodb.net:27017, hosts=[ac-kex050i-shard-00-02.6b69sb9.mongodb.net:27017, ac-kex050i-shard-00-01.6b69sb9.mongodb.net:27017, ac-kex050i-shard-00-00.6b69sb9.mongodb.net:27017], passives=[], arbiters=[], primary='ac-kex050i-shard-00-02.6b69sb9.mongodb.net:27017', tagSet=TagSet{[Tag{name='availabilityZone', value='aps1-az3'}, Tag{name='diskState', value='READY'}, Tag{name='nodeType', value='ELECTABLE'}, Tag{name='provider', value='AWS'}, Tag{name='region', value='AP_SOUTH_1'}, Tag{name='workloadType', value='OPERATIONAL'}]}, electionId=null, setVersion=1, topologyVersion=TopologyVersion{processId=67f95a88e18c31e0b3801de8, counter=3}, lastWriteDate=Sat Apr 12 18:42:57 GMT+05:45 2025, lastUpdateTimeNanos=8800524665767}
2025-04-12 18:43:00 INFO  org.mongodb.driver.cluster - Monitor thread successfully connected to server with description ServerDescription{address=ac-kex050i-shard-00-00.6b69sb9.mongodb.net:27017, type=REPLICA_SET_SECONDARY, cryptd=false, state=CONNECTED, ok=true, minWireVersion=0, maxWireVersion=25, maxDocumentSize=16777216, logicalSessionTimeoutMinutes=30, roundTripTimeNanos=562135796, minRoundTripTimeNanos=0, setName='atlas-kry611-shard-0', canonicalAddress=ac-kex050i-shard-00-00.6b69sb9.mongodb.net:27017, hosts=[ac-kex050i-shard-00-02.6b69sb9.mongodb.net:27017, ac-kex050i-shard-00-01.6b69sb9.mongodb.net:27017, ac-kex050i-shard-00-00.6b69sb9.mongodb.net:27017], passives=[], arbiters=[], primary='ac-kex050i-shard-00-02.6b69sb9.mongodb.net:27017', tagSet=TagSet{[Tag{name='availabilityZone', value='aps1-az1'}, Tag{name='diskState', value='READY'}, Tag{name='nodeType', value='ELECTABLE'}, Tag{name='provider', value='AWS'}, Tag{name='region', value='AP_SOUTH_1'}, Tag{name='workloadType', value='OPERATIONAL'}]}, electionId=null, setVersion=1, topologyVersion=TopologyVersion{processId=67f957c96e7bebcebef83be4, counter=4}, lastWriteDate=Sat Apr 12 18:42:57 GMT+05:45 2025, lastUpdateTimeNanos=8800524665823}
2025-04-12 18:43:00 INFO  org.mongodb.driver.cluster - Discovered replica set primary ac-kex050i-shard-00-02.6b69sb9.mongodb.net:27017 with max election id 7fffffff0000000000000009 and max set version 1
2025-04-12 18:43:01 INFO  o.s.s.c.a.a.c.InitializeAuthenticationProviderBeanManagerConfigurer$InitializeAuthenticationProviderManagerConfigurer - Global AuthenticationManager configured with AuthenticationProvider bean with name authenticationProvider
2025-04-12 18:43:01 WARN  o.s.s.c.a.a.c.InitializeUserDetailsBeanManagerConfigurer$InitializeUserDetailsManagerConfigurer - Global AuthenticationManager configured with an AuthenticationProvider bean. UserDetailsService beans will not be used by Spring Security for automatically configuring username/password login. Consider removing the AuthenticationProvider bean. Alternatively, consider using the UserDetailsService in a manually instantiated DaoAuthenticationProvider. If the current configuration is intentional, to turn off this warning, increase the logging level of 'org.springframework.security.config.annotation.authentication.configuration.InitializeUserDetailsBeanManagerConfigurer' to ERROR
2025-04-12 18:43:02 INFO  o.a.coyote.http11.Http11NioProtocol - Starting ProtocolHandler ["http-nio-8080"]
2025-04-12 18:43:02 INFO  o.s.b.w.e.tomcat.TomcatWebServer - Tomcat started on port 8080 (http) with context path '/'
2025-04-12 18:43:02 INFO  m.d.journalApp.JournalAppApplication - Started JournalAppApplication in 5.915 seconds (process running for 7.291)
2025-04-12 18:43:16 INFO  o.a.c.c.C.[Tomcat].[localhost].[/] - Initializing Spring DispatcherServlet 'dispatcherServlet'
2025-04-12 18:43:16 INFO  o.s.web.servlet.DispatcherServlet - Initializing Servlet 'dispatcherServlet'
2025-04-12 18:43:16 INFO  o.s.web.servlet.DispatcherServlet - Completed initialization in 1 ms
2025-04-12 18:44:20 INFO  o.s.b.w.e.tomcat.GracefulShutdown - Commencing graceful shutdown. Waiting for active requests to complete
2025-04-12 18:44:20 INFO  o.s.b.w.e.tomcat.GracefulShutdown - Graceful shutdown complete
2025-04-12 18:44:25 INFO  o.h.validator.internal.util.Version - HV000001: Hibernate Validator 8.0.2.Final
2025-04-12 18:44:26 INFO  m.d.journalApp.JournalAppApplication - Starting JournalAppApplication using Java 23.0.2 with PID 19119 (/home/malle/Project/journalApp/target/classes started by malle in /home/malle/Project/journalApp)
2025-04-12 18:44:26 INFO  m.d.journalApp.JournalAppApplication - The following 1 profile is active: "dev"
2025-04-12 18:44:26 INFO  o.s.d.r.c.RepositoryConfigurationDelegate - Bootstrapping Spring Data MongoDB repositories in DEFAULT mode.
2025-04-12 18:44:26 INFO  o.s.d.r.c.RepositoryConfigurationDelegate - Finished Spring Data repository scanning in 59 ms. Found 3 MongoDB repository interfaces.
2025-04-12 18:44:27 INFO  o.s.b.w.e.tomcat.TomcatWebServer - Tomcat initialized with port 8080 (http)
2025-04-12 18:44:27 INFO  o.a.coyote.http11.Http11NioProtocol - Initializing ProtocolHandler ["http-nio-8080"]
2025-04-12 18:44:27 INFO  o.a.catalina.core.StandardService - Starting service [Tomcat]
2025-04-12 18:44:27 INFO  o.a.catalina.core.StandardEngine - Starting Servlet engine: [Apache Tomcat/10.1.39]
2025-04-12 18:44:28 INFO  o.a.c.c.C.[Tomcat].[localhost].[/] - Initializing Spring embedded WebApplicationContext
2025-04-12 18:44:28 INFO  o.s.b.w.s.c.ServletWebServerApplicationContext - Root WebApplicationContext: initialization completed in 1932 ms
2025-04-12 18:44:28 INFO  org.mongodb.driver.client - MongoClient with metadata {"driver": {"name": "mongo-java-driver|sync|spring-boot", "version": "5.2.1"}, "os": {"type": "Linux", "name": "Linux", "architecture": "amd64", "version": "6.11.0-21-generic"}, "platform": "Java/Oracle Corporation/23.0.2+7-58"} created with settings MongoClientSettings{readPreference=primary, writeConcern=WriteConcern{w=majority, wTimeout=null ms, journal=null}, retryWrites=true, retryReads=true, readConcern=ReadConcern{level=null}, credential=MongoCredential{mechanism=null, userName='dipeshmallapub', source='admin', password=<hidden>, mechanismProperties=<hidden>}, transportSettings=null, commandListeners=[], codecRegistry=ProvidersCodecRegistry{codecProviders=[ValueCodecProvider{}, BsonValueCodecProvider{}, DBRefCodecProvider{}, DBObjectCodecProvider{}, DocumentCodecProvider{}, CollectionCodecProvider{}, IterableCodecProvider{}, MapCodecProvider{}, GeoJsonCodecProvider{}, GridFSFileCodecProvider{}, Jsr310CodecProvider{}, JsonObjectCodecProvider{}, BsonCodecProvider{}, EnumCodecProvider{}, com.mongodb.client.model.mql.ExpressionCodecProvider@7c950b3b, com.mongodb.Jep395RecordCodecProvider@3af10d0b, com.mongodb.KotlinCodecProvider@6806468e]}, loggerSettings=LoggerSettings{maxDocumentLength=1000}, clusterSettings={hosts=[127.0.0.1:27017], srvHost=cluster0.6b69sb9.mongodb.net, srvServiceName=mongodb, mode=MULTIPLE, requiredClusterType=REPLICA_SET, requiredReplicaSetName='atlas-kry611-shard-0', serverSelector='null', clusterListeners='[]', serverSelectionTimeout='30000 ms', localThreshold='15 ms'}, socketSettings=SocketSettings{connectTimeoutMS=10000, readTimeoutMS=0, receiveBufferSize=0, proxySettings=ProxySettings{host=null, port=null, username=null, password=null}}, heartbeatSocketSettings=SocketSettings{connectTimeoutMS=10000, readTimeoutMS=10000, receiveBufferSize=0, proxySettings=ProxySettings{host=null, port=null, username=null, password=null}}, connectionPoolSettings=ConnectionPoolSettings{maxSize=100, minSize=0, maxWaitTimeMS=120000, maxConnectionLifeTimeMS=0, maxConnectionIdleTimeMS=0, maintenanceInitialDelayMS=0, maintenanceFrequencyMS=60000, connectionPoolListeners=[], maxConnecting=2}, serverSettings=ServerSettings{heartbeatFrequencyMS=10000, minHeartbeatFrequencyMS=500, serverMonitoringMode=AUTO, serverListeners='[]', serverMonitorListeners='[]'}, sslSettings=SslSettings{enabled=true, invalidHostNameAllowed=false, context=null}, applicationName='null', compressorList=[], uuidRepresentation=JAVA_LEGACY, serverApi=null, autoEncryptionSettings=null, dnsClient=null, inetAddressResolver=null, contextProvider=null, timeoutMS=null}
2025-04-12 18:44:28 INFO  org.mongodb.driver.cluster - Adding discovered server ac-kex050i-shard-00-02.6b69sb9.mongodb.net:27017 to client view of cluster
2025-04-12 18:44:28 INFO  org.mongodb.driver.cluster - Adding discovered server ac-kex050i-shard-00-01.6b69sb9.mongodb.net:27017 to client view of cluster
2025-04-12 18:44:28 INFO  org.mongodb.driver.cluster - Adding discovered server ac-kex050i-shard-00-00.6b69sb9.mongodb.net:27017 to client view of cluster
2025-04-12 18:44:28 INFO  org.mongodb.driver.cluster - Waiting for server to become available for operation with ID 5. Remaining time: 29987 ms. Selector: WritableServerSelector, topology description: {type=REPLICA_SET, servers=[{address=ac-kex050i-shard-00-00.6b69sb9.mongodb.net:27017, type=UNKNOWN, state=CONNECTING}, {address=ac-kex050i-shard-00-02.6b69sb9.mongodb.net:27017, type=UNKNOWN, state=CONNECTING}, {address=ac-kex050i-shard-00-01.6b69sb9.mongodb.net:27017, type=UNKNOWN, state=CONNECTING}].
2025-04-12 18:44:30 INFO  org.mongodb.driver.cluster - Monitor thread successfully connected to server with description ServerDescription{address=ac-kex050i-shard-00-00.6b69sb9.mongodb.net:27017, type=REPLICA_SET_SECONDARY, cryptd=false, state=CONNECTED, ok=true, minWireVersion=0, maxWireVersion=25, maxDocumentSize=16777216, logicalSessionTimeoutMinutes=30, roundTripTimeNanos=783881839, minRoundTripTimeNanos=0, setName='atlas-kry611-shard-0', canonicalAddress=ac-kex050i-shard-00-00.6b69sb9.mongodb.net:27017, hosts=[ac-kex050i-shard-00-02.6b69sb9.mongodb.net:27017, ac-kex050i-shard-00-01.6b69sb9.mongodb.net:27017, ac-kex050i-shard-00-00.6b69sb9.mongodb.net:27017], passives=[], arbiters=[], primary='ac-kex050i-shard-00-02.6b69sb9.mongodb.net:27017', tagSet=TagSet{[Tag{name='availabilityZone', value='aps1-az1'}, Tag{name='diskState', value='READY'}, Tag{name='nodeType', value='ELECTABLE'}, Tag{name='provider', value='AWS'}, Tag{name='region', value='AP_SOUTH_1'}, Tag{name='workloadType', value='OPERATIONAL'}]}, electionId=null, setVersion=1, topologyVersion=TopologyVersion{processId=67f957c96e7bebcebef83be4, counter=4}, lastWriteDate=Sat Apr 12 18:44:21 GMT+05:45 2025, lastUpdateTimeNanos=8890084796547}
2025-04-12 18:44:30 INFO  org.mongodb.driver.cluster - Monitor thread successfully connected to server with description ServerDescription{address=ac-kex050i-shard-00-02.6b69sb9.mongodb.net:27017, type=REPLICA_SET_PRIMARY, cryptd=false, state=CONNECTED, ok=true, minWireVersion=0, maxWireVersion=25, maxDocumentSize=16777216, logicalSessionTimeoutMinutes=30, roundTripTimeNanos=792155801, minRoundTripTimeNanos=0, setName='atlas-kry611-shard-0', canonicalAddress=ac-kex050i-shard-00-02.6b69sb9.mongodb.net:27017, hosts=[ac-kex050i-shard-00-02.6b69sb9.mongodb.net:27017, ac-kex050i-shard-00-01.6b69sb9.mongodb.net:27017, ac-kex050i-shard-00-00.6b69sb9.mongodb.net:27017], passives=[], arbiters=[], primary='ac-kex050i-shard-00-02.6b69sb9.mongodb.net:27017', tagSet=TagSet{[Tag{name='availabilityZone', value='aps1-az2'}, Tag{name='diskState', value='READY'}, Tag{name='nodeType', value='ELECTABLE'}, Tag{name='provider', value='AWS'}, Tag{name='region', value='AP_SOUTH_1'}, Tag{name='workloadType', value='OPERATIONAL'}]}, electionId=7fffffff0000000000000009, setVersion=1, topologyVersion=TopologyVersion{processId=67f95943868877c2c3e82ebb, counter=6}, lastWriteDate=Sat Apr 12 18:44:21 GMT+05:45 2025, lastUpdateTimeNanos=8890084783160}
2025-04-12 18:44:30 INFO  org.mongodb.driver.cluster - Discovered replica set primary ac-kex050i-shard-00-02.6b69sb9.mongodb.net:27017 with max election id 7fffffff0000000000000009 and max set version 1
2025-04-12 18:44:31 INFO  o.s.s.c.a.a.c.InitializeAuthenticationProviderBeanManagerConfigurer$InitializeAuthenticationProviderManagerConfigurer - Global AuthenticationManager configured with AuthenticationProvider bean with name authenticationProvider
2025-04-12 18:44:31 WARN  o.s.s.c.a.a.c.InitializeUserDetailsBeanManagerConfigurer$InitializeUserDetailsManagerConfigurer - Global AuthenticationManager configured with an AuthenticationProvider bean. UserDetailsService beans will not be used by Spring Security for automatically configuring username/password login. Consider removing the AuthenticationProvider bean. Alternatively, consider using the UserDetailsService in a manually instantiated DaoAuthenticationProvider. If the current configuration is intentional, to turn off this warning, increase the logging level of 'org.springframework.security.config.annotation.authentication.configuration.InitializeUserDetailsBeanManagerConfigurer' to ERROR
2025-04-12 18:44:32 INFO  o.a.coyote.http11.Http11NioProtocol - Starting ProtocolHandler ["http-nio-8080"]
2025-04-12 18:44:32 INFO  o.s.b.w.e.tomcat.TomcatWebServer - Tomcat started on port 8080 (http) with context path '/'
2025-04-12 18:44:32 INFO  m.d.journalApp.JournalAppApplication - Started JournalAppApplication in 7.051 seconds (process running for 8.243)
2025-04-12 18:44:34 INFO  org.mongodb.driver.cluster - Monitor thread successfully connected to server with description ServerDescription{address=ac-kex050i-shard-00-01.6b69sb9.mongodb.net:27017, type=REPLICA_SET_SECONDARY, cryptd=false, state=CONNECTED, ok=true, minWireVersion=0, maxWireVersion=25, maxDocumentSize=16777216, logicalSessionTimeoutMinutes=30, roundTripTimeNanos=193153646, minRoundTripTimeNanos=0, setName='atlas-kry611-shard-0', canonicalAddress=ac-kex050i-shard-00-01.6b69sb9.mongodb.net:27017, hosts=[ac-kex050i-shard-00-02.6b69sb9.mongodb.net:27017, ac-kex050i-shard-00-01.6b69sb9.mongodb.net:27017, ac-kex050i-shard-00-00.6b69sb9.mongodb.net:27017], passives=[], arbiters=[], primary='ac-kex050i-shard-00-02.6b69sb9.mongodb.net:27017', tagSet=TagSet{[Tag{name='availabilityZone', value='aps1-az3'}, Tag{name='diskState', value='READY'}, Tag{name='nodeType', value='ELECTABLE'}, Tag{name='provider', value='AWS'}, Tag{name='region', value='AP_SOUTH_1'}, Tag{name='workloadType', value='OPERATIONAL'}]}, electionId=null, setVersion=1, topologyVersion=TopologyVersion{processId=67f95a88e18c31e0b3801de8, counter=3}, lastWriteDate=Sat Apr 12 18:44:31 GMT+05:45 2025, lastUpdateTimeNanos=8894103847541}
2025-04-12 18:44:35 INFO  o.a.c.c.C.[Tomcat].[localhost].[/] - Initializing Spring DispatcherServlet 'dispatcherServlet'
2025-04-12 18:44:35 INFO  o.s.web.servlet.DispatcherServlet - Initializing Servlet 'dispatcherServlet'
2025-04-12 18:44:35 INFO  o.s.web.servlet.DispatcherServlet - Completed initialization in 3 ms
2025-04-12 18:45:32 INFO  o.s.b.w.e.tomcat.GracefulShutdown - Commencing graceful shutdown. Waiting for active requests to complete
2025-04-12 18:45:32 INFO  o.s.b.w.e.tomcat.GracefulShutdown - Graceful shutdown complete
2025-04-12 18:45:35 INFO  o.h.validator.internal.util.Version - HV000001: Hibernate Validator 8.0.2.Final
2025-04-12 18:45:35 INFO  m.d.journalApp.JournalAppApplication - Starting JournalAppApplication using Java 23.0.2 with PID 19309 (/home/malle/Project/journalApp/target/classes started by malle in /home/malle/Project/journalApp)
2025-04-12 18:45:35 INFO  m.d.journalApp.JournalAppApplication - The following 1 profile is active: "dev"
2025-04-12 18:45:36 INFO  o.s.d.r.c.RepositoryConfigurationDelegate - Bootstrapping Spring Data MongoDB repositories in DEFAULT mode.
2025-04-12 18:45:36 INFO  o.s.d.r.c.RepositoryConfigurationDelegate - Finished Spring Data repository scanning in 42 ms. Found 3 MongoDB repository interfaces.
2025-04-12 18:45:37 INFO  o.s.b.w.e.tomcat.TomcatWebServer - Tomcat initialized with port 8080 (http)
2025-04-12 18:45:37 INFO  o.a.coyote.http11.Http11NioProtocol - Initializing ProtocolHandler ["http-nio-8080"]
2025-04-12 18:45:37 INFO  o.a.catalina.core.StandardService - Starting service [Tomcat]
2025-04-12 18:45:37 INFO  o.a.catalina.core.StandardEngine - Starting Servlet engine: [Apache Tomcat/10.1.39]
2025-04-12 18:45:37 INFO  o.a.c.c.C.[Tomcat].[localhost].[/] - Initializing Spring embedded WebApplicationContext
2025-04-12 18:45:37 INFO  o.s.b.w.s.c.ServletWebServerApplicationContext - Root WebApplicationContext: initialization completed in 1291 ms
2025-04-12 18:45:37 INFO  org.mongodb.driver.client - MongoClient with metadata {"driver": {"name": "mongo-java-driver|sync|spring-boot", "version": "5.2.1"}, "os": {"type": "Linux", "name": "Linux", "architecture": "amd64", "version": "6.11.0-21-generic"}, "platform": "Java/Oracle Corporation/23.0.2+7-58"} created with settings MongoClientSettings{readPreference=primary, writeConcern=WriteConcern{w=majority, wTimeout=null ms, journal=null}, retryWrites=true, retryReads=true, readConcern=ReadConcern{level=null}, credential=MongoCredential{mechanism=null, userName='dipeshmallapub', source='admin', password=<hidden>, mechanismProperties=<hidden>}, transportSettings=null, commandListeners=[], codecRegistry=ProvidersCodecRegistry{codecProviders=[ValueCodecProvider{}, BsonValueCodecProvider{}, DBRefCodecProvider{}, DBObjectCodecProvider{}, DocumentCodecProvider{}, CollectionCodecProvider{}, IterableCodecProvider{}, MapCodecProvider{}, GeoJsonCodecProvider{}, GridFSFileCodecProvider{}, Jsr310CodecProvider{}, JsonObjectCodecProvider{}, BsonCodecProvider{}, EnumCodecProvider{}, com.mongodb.client.model.mql.ExpressionCodecProvider@7b95bdb0, com.mongodb.Jep395RecordCodecProvider@3f0ce0d1, com.mongodb.KotlinCodecProvider@664db2ca]}, loggerSettings=LoggerSettings{maxDocumentLength=1000}, clusterSettings={hosts=[127.0.0.1:27017], srvHost=cluster0.6b69sb9.mongodb.net, srvServiceName=mongodb, mode=MULTIPLE, requiredClusterType=REPLICA_SET, requiredReplicaSetName='atlas-kry611-shard-0', serverSelector='null', clusterListeners='[]', serverSelectionTimeout='30000 ms', localThreshold='15 ms'}, socketSettings=SocketSettings{connectTimeoutMS=10000, readTimeoutMS=0, receiveBufferSize=0, proxySettings=ProxySettings{host=null, port=null, username=null, password=null}}, heartbeatSocketSettings=SocketSettings{connectTimeoutMS=10000, readTimeoutMS=10000, receiveBufferSize=0, proxySettings=ProxySettings{host=null, port=null, username=null, password=null}}, connectionPoolSettings=ConnectionPoolSettings{maxSize=100, minSize=0, maxWaitTimeMS=120000, maxConnectionLifeTimeMS=0, maxConnectionIdleTimeMS=0, maintenanceInitialDelayMS=0, maintenanceFrequencyMS=60000, connectionPoolListeners=[], maxConnecting=2}, serverSettings=ServerSettings{heartbeatFrequencyMS=10000, minHeartbeatFrequencyMS=500, serverMonitoringMode=AUTO, serverListeners='[]', serverMonitorListeners='[]'}, sslSettings=SslSettings{enabled=true, invalidHostNameAllowed=false, context=null}, applicationName='null', compressorList=[], uuidRepresentation=JAVA_LEGACY, serverApi=null, autoEncryptionSettings=null, dnsClient=null, inetAddressResolver=null, contextProvider=null, timeoutMS=null}
2025-04-12 18:45:37 INFO  org.mongodb.driver.cluster - Adding discovered server ac-kex050i-shard-00-02.6b69sb9.mongodb.net:27017 to client view of cluster
2025-04-12 18:45:37 INFO  org.mongodb.driver.cluster - Adding discovered server ac-kex050i-shard-00-00.6b69sb9.mongodb.net:27017 to client view of cluster
2025-04-12 18:45:37 INFO  org.mongodb.driver.cluster - Adding discovered server ac-kex050i-shard-00-01.6b69sb9.mongodb.net:27017 to client view of cluster
2025-04-12 18:45:37 INFO  org.mongodb.driver.cluster - Waiting for server to become available for operation with ID 5. Remaining time: 29990 ms. Selector: WritableServerSelector, topology description: {type=REPLICA_SET, servers=[{address=ac-kex050i-shard-00-00.6b69sb9.mongodb.net:27017, type=UNKNOWN, state=CONNECTING}, {address=ac-kex050i-shard-00-02.6b69sb9.mongodb.net:27017, type=UNKNOWN, state=CONNECTING}, {address=ac-kex050i-shard-00-01.6b69sb9.mongodb.net:27017, type=UNKNOWN, state=CONNECTING}].
2025-04-12 18:45:38 INFO  org.mongodb.driver.cluster - Monitor thread successfully connected to server with description ServerDescription{address=ac-kex050i-shard-00-01.6b69sb9.mongodb.net:27017, type=REPLICA_SET_SECONDARY, cryptd=false, state=CONNECTED, ok=true, minWireVersion=0, maxWireVersion=25, maxDocumentSize=16777216, logicalSessionTimeoutMinutes=30, roundTripTimeNanos=428255566, minRoundTripTimeNanos=0, setName='atlas-kry611-shard-0', canonicalAddress=ac-kex050i-shard-00-01.6b69sb9.mongodb.net:27017, hosts=[ac-kex050i-shard-00-02.6b69sb9.mongodb.net:27017, ac-kex050i-shard-00-01.6b69sb9.mongodb.net:27017, ac-kex050i-shard-00-00.6b69sb9.mongodb.net:27017], passives=[], arbiters=[], primary='ac-kex050i-shard-00-02.6b69sb9.mongodb.net:27017', tagSet=TagSet{[Tag{name='availabilityZone', value='aps1-az3'}, Tag{name='diskState', value='READY'}, Tag{name='nodeType', value='ELECTABLE'}, Tag{name='provider', value='AWS'}, Tag{name='region', value='AP_SOUTH_1'}, Tag{name='workloadType', value='OPERATIONAL'}]}, electionId=null, setVersion=1, topologyVersion=TopologyVersion{processId=67f95a88e18c31e0b3801de8, counter=3}, lastWriteDate=Sat Apr 12 18:45:31 GMT+05:45 2025, lastUpdateTimeNanos=8958302728261}
2025-04-12 18:45:38 INFO  org.mongodb.driver.cluster - Monitor thread successfully connected to server with description ServerDescription{address=ac-kex050i-shard-00-00.6b69sb9.mongodb.net:27017, type=REPLICA_SET_SECONDARY, cryptd=false, state=CONNECTED, ok=true, minWireVersion=0, maxWireVersion=25, maxDocumentSize=16777216, logicalSessionTimeoutMinutes=30, roundTripTimeNanos=428245390, minRoundTripTimeNanos=0, setName='atlas-kry611-shard-0', canonicalAddress=ac-kex050i-shard-00-00.6b69sb9.mongodb.net:27017, hosts=[ac-kex050i-shard-00-02.6b69sb9.mongodb.net:27017, ac-kex050i-shard-00-01.6b69sb9.mongodb.net:27017, ac-kex050i-shard-00-00.6b69sb9.mongodb.net:27017], passives=[], arbiters=[], primary='ac-kex050i-shard-00-02.6b69sb9.mongodb.net:27017', tagSet=TagSet{[Tag{name='availabilityZone', value='aps1-az1'}, Tag{name='diskState', value='READY'}, Tag{name='nodeType', value='ELECTABLE'}, Tag{name='provider', value='AWS'}, Tag{name='region', value='AP_SOUTH_1'}, Tag{name='workloadType', value='OPERATIONAL'}]}, electionId=null, setVersion=1, topologyVersion=TopologyVersion{processId=67f957c96e7bebcebef83be4, counter=4}, lastWriteDate=Sat Apr 12 18:45:31 GMT+05:45 2025, lastUpdateTimeNanos=8958302729882}
2025-04-12 18:45:38 INFO  org.mongodb.driver.cluster - Monitor thread successfully connected to server with description ServerDescription{address=ac-kex050i-shard-00-02.6b69sb9.mongodb.net:27017, type=REPLICA_SET_PRIMARY, cryptd=false, state=CONNECTED, ok=true, minWireVersion=0, maxWireVersion=25, maxDocumentSize=16777216, logicalSessionTimeoutMinutes=30, roundTripTimeNanos=435793728, minRoundTripTimeNanos=0, setName='atlas-kry611-shard-0', canonicalAddress=ac-kex050i-shard-00-02.6b69sb9.mongodb.net:27017, hosts=[ac-kex050i-shard-00-02.6b69sb9.mongodb.net:27017, ac-kex050i-shard-00-01.6b69sb9.mongodb.net:27017, ac-kex050i-shard-00-00.6b69sb9.mongodb.net:27017], passives=[], arbiters=[], primary='ac-kex050i-shard-00-02.6b69sb9.mongodb.net:27017', tagSet=TagSet{[Tag{name='availabilityZone', value='aps1-az2'}, Tag{name='diskState', value='READY'}, Tag{name='nodeType', value='ELECTABLE'}, Tag{name='provider', value='AWS'}, Tag{name='region', value='AP_SOUTH_1'}, Tag{name='workloadType', value='OPERATIONAL'}]}, electionId=7fffffff0000000000000009, setVersion=1, topologyVersion=TopologyVersion{processId=67f95943868877c2c3e82ebb, counter=6}, lastWriteDate=Sat Apr 12 18:45:31 GMT+05:45 2025, lastUpdateTimeNanos=8958302733573}
2025-04-12 18:45:38 INFO  org.mongodb.driver.cluster - Discovered replica set primary ac-kex050i-shard-00-02.6b69sb9.mongodb.net:27017 with max election id 7fffffff0000000000000009 and max set version 1
2025-04-12 18:45:39 INFO  o.s.s.c.a.a.c.InitializeAuthenticationProviderBeanManagerConfigurer$InitializeAuthenticationProviderManagerConfigurer - Global AuthenticationManager configured with AuthenticationProvider bean with name authenticationProvider
2025-04-12 18:45:39 WARN  o.s.s.c.a.a.c.InitializeUserDetailsBeanManagerConfigurer$InitializeUserDetailsManagerConfigurer - Global AuthenticationManager configured with an AuthenticationProvider bean. UserDetailsService beans will not be used by Spring Security for automatically configuring username/password login. Consider removing the AuthenticationProvider bean. Alternatively, consider using the UserDetailsService in a manually instantiated DaoAuthenticationProvider. If the current configuration is intentional, to turn off this warning, increase the logging level of 'org.springframework.security.config.annotation.authentication.configuration.InitializeUserDetailsBeanManagerConfigurer' to ERROR
2025-04-12 18:45:39 INFO  o.a.coyote.http11.Http11NioProtocol - Starting ProtocolHandler ["http-nio-8080"]
2025-04-12 18:45:39 INFO  o.s.b.w.e.tomcat.TomcatWebServer - Tomcat started on port 8080 (http) with context path '/'
2025-04-12 18:45:39 INFO  m.d.journalApp.JournalAppApplication - Started JournalAppApplication in 4.714 seconds (process running for 6.234)
2025-04-12 18:45:45 INFO  o.a.c.c.C.[Tomcat].[localhost].[/] - Initializing Spring DispatcherServlet 'dispatcherServlet'
2025-04-12 18:45:45 INFO  o.s.web.servlet.DispatcherServlet - Initializing Servlet 'dispatcherServlet'
2025-04-12 18:45:45 INFO  o.s.web.servlet.DispatcherServlet - Completed initialization in 3 ms
2025-04-12 18:46:29 INFO  o.s.b.w.e.tomcat.GracefulShutdown - Commencing graceful shutdown. Waiting for active requests to complete
2025-04-12 18:46:29 INFO  o.s.b.w.e.tomcat.GracefulShutdown - Graceful shutdown complete
2025-04-12 18:49:57 INFO  o.h.validator.internal.util.Version - HV000001: Hibernate Validator 8.0.2.Final
2025-04-12 18:49:57 INFO  m.d.journalApp.JournalAppApplication - Starting JournalAppApplication using Java 23.0.2 with PID 20262 (/home/malle/Project/journalApp/target/classes started by malle in /home/malle/Project/journalApp)
2025-04-12 18:49:57 INFO  m.d.journalApp.JournalAppApplication - The following 1 profile is active: "dev"
2025-04-12 18:49:58 INFO  o.s.d.r.c.RepositoryConfigurationDelegate - Bootstrapping Spring Data MongoDB repositories in DEFAULT mode.
2025-04-12 18:49:58 INFO  o.s.d.r.c.RepositoryConfigurationDelegate - Finished Spring Data repository scanning in 36 ms. Found 3 MongoDB repository interfaces.
2025-04-12 18:49:58 INFO  o.s.b.w.e.tomcat.TomcatWebServer - Tomcat initialized with port 8080 (http)
2025-04-12 18:49:59 INFO  o.a.coyote.http11.Http11NioProtocol - Initializing ProtocolHandler ["http-nio-8080"]
2025-04-12 18:49:59 INFO  o.a.catalina.core.StandardService - Starting service [Tomcat]
2025-04-12 18:49:59 INFO  o.a.catalina.core.StandardEngine - Starting Servlet engine: [Apache Tomcat/10.1.39]
2025-04-12 18:49:59 INFO  o.a.c.c.C.[Tomcat].[localhost].[/] - Initializing Spring embedded WebApplicationContext
2025-04-12 18:49:59 INFO  o.s.b.w.s.c.ServletWebServerApplicationContext - Root WebApplicationContext: initialization completed in 1153 ms
2025-04-12 18:49:59 INFO  org.mongodb.driver.client - MongoClient with metadata {"driver": {"name": "mongo-java-driver|sync|spring-boot", "version": "5.2.1"}, "os": {"type": "Linux", "name": "Linux", "architecture": "amd64", "version": "6.11.0-21-generic"}, "platform": "Java/Oracle Corporation/23.0.2+7-58"} created with settings MongoClientSettings{readPreference=primary, writeConcern=WriteConcern{w=majority, wTimeout=null ms, journal=null}, retryWrites=true, retryReads=true, readConcern=ReadConcern{level=null}, credential=MongoCredential{mechanism=null, userName='dipeshmallapub', source='admin', password=<hidden>, mechanismProperties=<hidden>}, transportSettings=null, commandListeners=[], codecRegistry=ProvidersCodecRegistry{codecProviders=[ValueCodecProvider{}, BsonValueCodecProvider{}, DBRefCodecProvider{}, DBObjectCodecProvider{}, DocumentCodecProvider{}, CollectionCodecProvider{}, IterableCodecProvider{}, MapCodecProvider{}, GeoJsonCodecProvider{}, GridFSFileCodecProvider{}, Jsr310CodecProvider{}, JsonObjectCodecProvider{}, BsonCodecProvider{}, EnumCodecProvider{}, com.mongodb.client.model.mql.ExpressionCodecProvider@3a11c0eb, com.mongodb.Jep395RecordCodecProvider@3313d477, com.mongodb.KotlinCodecProvider@2c2c3947]}, loggerSettings=LoggerSettings{maxDocumentLength=1000}, clusterSettings={hosts=[127.0.0.1:27017], srvHost=cluster0.6b69sb9.mongodb.net, srvServiceName=mongodb, mode=MULTIPLE, requiredClusterType=REPLICA_SET, requiredReplicaSetName='atlas-kry611-shard-0', serverSelector='null', clusterListeners='[]', serverSelectionTimeout='30000 ms', localThreshold='15 ms'}, socketSettings=SocketSettings{connectTimeoutMS=10000, readTimeoutMS=0, receiveBufferSize=0, proxySettings=ProxySettings{host=null, port=null, username=null, password=null}}, heartbeatSocketSettings=SocketSettings{connectTimeoutMS=10000, readTimeoutMS=10000, receiveBufferSize=0, proxySettings=ProxySettings{host=null, port=null, username=null, password=null}}, connectionPoolSettings=ConnectionPoolSettings{maxSize=100, minSize=0, maxWaitTimeMS=120000, maxConnectionLifeTimeMS=0, maxConnectionIdleTimeMS=0, maintenanceInitialDelayMS=0, maintenanceFrequencyMS=60000, connectionPoolListeners=[], maxConnecting=2}, serverSettings=ServerSettings{heartbeatFrequencyMS=10000, minHeartbeatFrequencyMS=500, serverMonitoringMode=AUTO, serverListeners='[]', serverMonitorListeners='[]'}, sslSettings=SslSettings{enabled=true, invalidHostNameAllowed=false, context=null}, applicationName='null', compressorList=[], uuidRepresentation=JAVA_LEGACY, serverApi=null, autoEncryptionSettings=null, dnsClient=null, inetAddressResolver=null, contextProvider=null, timeoutMS=null}
2025-04-12 18:49:59 INFO  org.mongodb.driver.cluster - Adding discovered server ac-kex050i-shard-00-02.6b69sb9.mongodb.net:27017 to client view of cluster
2025-04-12 18:49:59 INFO  org.mongodb.driver.cluster - Adding discovered server ac-kex050i-shard-00-00.6b69sb9.mongodb.net:27017 to client view of cluster
2025-04-12 18:49:59 INFO  org.mongodb.driver.cluster - Adding discovered server ac-kex050i-shard-00-01.6b69sb9.mongodb.net:27017 to client view of cluster
2025-04-12 18:49:59 INFO  org.mongodb.driver.cluster - Waiting for server to become available for operation with ID 5. Remaining time: 29994 ms. Selector: WritableServerSelector, topology description: {type=REPLICA_SET, servers=[{address=ac-kex050i-shard-00-00.6b69sb9.mongodb.net:27017, type=UNKNOWN, state=CONNECTING}, {address=ac-kex050i-shard-00-02.6b69sb9.mongodb.net:27017, type=UNKNOWN, state=CONNECTING}, {address=ac-kex050i-shard-00-01.6b69sb9.mongodb.net:27017, type=UNKNOWN, state=CONNECTING}].
2025-04-12 18:50:00 INFO  org.mongodb.driver.cluster - Monitor thread successfully connected to server with description ServerDescription{address=ac-kex050i-shard-00-02.6b69sb9.mongodb.net:27017, type=REPLICA_SET_PRIMARY, cryptd=false, state=CONNECTED, ok=true, minWireVersion=0, maxWireVersion=25, maxDocumentSize=16777216, logicalSessionTimeoutMinutes=30, roundTripTimeNanos=453847826, minRoundTripTimeNanos=0, setName='atlas-kry611-shard-0', canonicalAddress=ac-kex050i-shard-00-02.6b69sb9.mongodb.net:27017, hosts=[ac-kex050i-shard-00-02.6b69sb9.mongodb.net:27017, ac-kex050i-shard-00-01.6b69sb9.mongodb.net:27017, ac-kex050i-shard-00-00.6b69sb9.mongodb.net:27017], passives=[], arbiters=[], primary='ac-kex050i-shard-00-02.6b69sb9.mongodb.net:27017', tagSet=TagSet{[Tag{name='availabilityZone', value='aps1-az2'}, Tag{name='diskState', value='READY'}, Tag{name='nodeType', value='ELECTABLE'}, Tag{name='provider', value='AWS'}, Tag{name='region', value='AP_SOUTH_1'}, Tag{name='workloadType', value='OPERATIONAL'}]}, electionId=7fffffff0000000000000009, setVersion=1, topologyVersion=TopologyVersion{processId=67f95943868877c2c3e82ebb, counter=6}, lastWriteDate=Sat Apr 12 18:49:51 GMT+05:45 2025, lastUpdateTimeNanos=9220217473862}
2025-04-12 18:50:00 INFO  org.mongodb.driver.cluster - Monitor thread successfully connected to server with description ServerDescription{address=ac-kex050i-shard-00-00.6b69sb9.mongodb.net:27017, type=REPLICA_SET_SECONDARY, cryptd=false, state=CONNECTED, ok=true, minWireVersion=0, maxWireVersion=25, maxDocumentSize=16777216, logicalSessionTimeoutMinutes=30, roundTripTimeNanos=448178390, minRoundTripTimeNanos=0, setName='atlas-kry611-shard-0', canonicalAddress=ac-kex050i-shard-00-00.6b69sb9.mongodb.net:27017, hosts=[ac-kex050i-shard-00-02.6b69sb9.mongodb.net:27017, ac-kex050i-shard-00-01.6b69sb9.mongodb.net:27017, ac-kex050i-shard-00-00.6b69sb9.mongodb.net:27017], passives=[], arbiters=[], primary='ac-kex050i-shard-00-02.6b69sb9.mongodb.net:27017', tagSet=TagSet{[Tag{name='availabilityZone', value='aps1-az1'}, Tag{name='diskState', value='READY'}, Tag{name='nodeType', value='ELECTABLE'}, Tag{name='provider', value='AWS'}, Tag{name='region', value='AP_SOUTH_1'}, Tag{name='workloadType', value='OPERATIONAL'}]}, electionId=null, setVersion=1, topologyVersion=TopologyVersion{processId=67f957c96e7bebcebef83be4, counter=4}, lastWriteDate=Sat Apr 12 18:49:51 GMT+05:45 2025, lastUpdateTimeNanos=9220217461053}
2025-04-12 18:50:00 INFO  org.mongodb.driver.cluster - Monitor thread successfully connected to server with description ServerDescription{address=ac-kex050i-shard-00-01.6b69sb9.mongodb.net:27017, type=REPLICA_SET_SECONDARY, cryptd=false, state=CONNECTED, ok=true, minWireVersion=0, maxWireVersion=25, maxDocumentSize=16777216, logicalSessionTimeoutMinutes=30, roundTripTimeNanos=448153272, minRoundTripTimeNanos=0, setName='atlas-kry611-shard-0', canonicalAddress=ac-kex050i-shard-00-01.6b69sb9.mongodb.net:27017, hosts=[ac-kex050i-shard-00-02.6b69sb9.mongodb.net:27017, ac-kex050i-shard-00-01.6b69sb9.mongodb.net:27017, ac-kex050i-shard-00-00.6b69sb9.mongodb.net:27017], passives=[], arbiters=[], primary='ac-kex050i-shard-00-02.6b69sb9.mongodb.net:27017', tagSet=TagSet{[Tag{name='availabilityZone', value='aps1-az3'}, Tag{name='diskState', value='READY'}, Tag{name='nodeType', value='ELECTABLE'}, Tag{name='provider', value='AWS'}, Tag{name='region', value='AP_SOUTH_1'}, Tag{name='workloadType', value='OPERATIONAL'}]}, electionId=null, setVersion=1, topologyVersion=TopologyVersion{processId=67f95a88e18c31e0b3801de8, counter=3}, lastWriteDate=Sat Apr 12 18:49:51 GMT+05:45 2025, lastUpdateTimeNanos=9220217437337}
2025-04-12 18:50:00 INFO  org.mongodb.driver.cluster - Discovered replica set primary ac-kex050i-shard-00-02.6b69sb9.mongodb.net:27017 with max election id 7fffffff0000000000000009 and max set version 1
2025-04-12 18:50:01 INFO  o.s.s.c.a.a.c.InitializeAuthenticationProviderBeanManagerConfigurer$InitializeAuthenticationProviderManagerConfigurer - Global AuthenticationManager configured with AuthenticationProvider bean with name authenticationProvider
2025-04-12 18:50:01 WARN  o.s.s.c.a.a.c.InitializeUserDetailsBeanManagerConfigurer$InitializeUserDetailsManagerConfigurer - Global AuthenticationManager configured with an AuthenticationProvider bean. UserDetailsService beans will not be used by Spring Security for automatically configuring username/password login. Consider removing the AuthenticationProvider bean. Alternatively, consider using the UserDetailsService in a manually instantiated DaoAuthenticationProvider. If the current configuration is intentional, to turn off this warning, increase the logging level of 'org.springframework.security.config.annotation.authentication.configuration.InitializeUserDetailsBeanManagerConfigurer' to ERROR
2025-04-12 18:50:02 INFO  o.a.coyote.http11.Http11NioProtocol - Starting ProtocolHandler ["http-nio-8080"]
2025-04-12 18:50:02 INFO  o.s.b.w.e.tomcat.TomcatWebServer - Tomcat started on port 8080 (http) with context path '/'
2025-04-12 18:50:02 INFO  m.d.journalApp.JournalAppApplication - Started JournalAppApplication in 4.853 seconds (process running for 5.702)
2025-04-12 18:50:06 INFO  o.a.c.c.C.[Tomcat].[localhost].[/] - Initializing Spring DispatcherServlet 'dispatcherServlet'
2025-04-12 18:50:06 INFO  o.s.web.servlet.DispatcherServlet - Initializing Servlet 'dispatcherServlet'
2025-04-12 18:50:06 INFO  o.s.web.servlet.DispatcherServlet - Completed initialization in 1 ms
2025-04-12 18:50:29 INFO  o.s.b.w.e.tomcat.GracefulShutdown - Commencing graceful shutdown. Waiting for active requests to complete
2025-04-12 18:50:29 INFO  o.s.b.w.e.tomcat.GracefulShutdown - Graceful shutdown complete
2025-04-12 18:50:32 INFO  o.h.validator.internal.util.Version - HV000001: Hibernate Validator 8.0.2.Final
2025-04-12 18:50:32 INFO  m.d.journalApp.JournalAppApplication - Starting JournalAppApplication using Java 23.0.2 with PID 20437 (/home/malle/Project/journalApp/target/classes started by malle in /home/malle/Project/journalApp)
2025-04-12 18:50:32 INFO  m.d.journalApp.JournalAppApplication - The following 1 profile is active: "dev"
2025-04-12 18:50:33 INFO  o.s.d.r.c.RepositoryConfigurationDelegate - Bootstrapping Spring Data MongoDB repositories in DEFAULT mode.
2025-04-12 18:50:33 INFO  o.s.d.r.c.RepositoryConfigurationDelegate - Finished Spring Data repository scanning in 47 ms. Found 3 MongoDB repository interfaces.
2025-04-12 18:50:34 INFO  o.s.b.w.e.tomcat.TomcatWebServer - Tomcat initialized with port 8080 (http)
2025-04-12 18:50:34 INFO  o.a.coyote.http11.Http11NioProtocol - Initializing ProtocolHandler ["http-nio-8080"]
2025-04-12 18:50:34 INFO  o.a.catalina.core.StandardService - Starting service [Tomcat]
2025-04-12 18:50:34 INFO  o.a.catalina.core.StandardEngine - Starting Servlet engine: [Apache Tomcat/10.1.39]
2025-04-12 18:50:34 INFO  o.a.c.c.C.[Tomcat].[localhost].[/] - Initializing Spring embedded WebApplicationContext
2025-04-12 18:50:34 INFO  o.s.b.w.s.c.ServletWebServerApplicationContext - Root WebApplicationContext: initialization completed in 1325 ms
2025-04-12 18:50:34 INFO  org.mongodb.driver.cluster - Adding discovered server ac-kex050i-shard-00-02.6b69sb9.mongodb.net:27017 to client view of cluster
2025-04-12 18:50:34 INFO  org.mongodb.driver.client - MongoClient with metadata {"driver": {"name": "mongo-java-driver|sync|spring-boot", "version": "5.2.1"}, "os": {"type": "Linux", "name": "Linux", "architecture": "amd64", "version": "6.11.0-21-generic"}, "platform": "Java/Oracle Corporation/23.0.2+7-58"} created with settings MongoClientSettings{readPreference=primary, writeConcern=WriteConcern{w=majority, wTimeout=null ms, journal=null}, retryWrites=true, retryReads=true, readConcern=ReadConcern{level=null}, credential=MongoCredential{mechanism=null, userName='dipeshmallapub', source='admin', password=<hidden>, mechanismProperties=<hidden>}, transportSettings=null, commandListeners=[], codecRegistry=ProvidersCodecRegistry{codecProviders=[ValueCodecProvider{}, BsonValueCodecProvider{}, DBRefCodecProvider{}, DBObjectCodecProvider{}, DocumentCodecProvider{}, CollectionCodecProvider{}, IterableCodecProvider{}, MapCodecProvider{}, GeoJsonCodecProvider{}, GridFSFileCodecProvider{}, Jsr310CodecProvider{}, JsonObjectCodecProvider{}, BsonCodecProvider{}, EnumCodecProvider{}, com.mongodb.client.model.mql.ExpressionCodecProvider@383cdd4d, com.mongodb.Jep395RecordCodecProvider@65036e8d, com.mongodb.KotlinCodecProvider@48ccbb32]}, loggerSettings=LoggerSettings{maxDocumentLength=1000}, clusterSettings={hosts=[127.0.0.1:27017], srvHost=cluster0.6b69sb9.mongodb.net, srvServiceName=mongodb, mode=MULTIPLE, requiredClusterType=REPLICA_SET, requiredReplicaSetName='atlas-kry611-shard-0', serverSelector='null', clusterListeners='[]', serverSelectionTimeout='30000 ms', localThreshold='15 ms'}, socketSettings=SocketSettings{connectTimeoutMS=10000, readTimeoutMS=0, receiveBufferSize=0, proxySettings=ProxySettings{host=null, port=null, username=null, password=null}}, heartbeatSocketSettings=SocketSettings{connectTimeoutMS=10000, readTimeoutMS=10000, receiveBufferSize=0, proxySettings=ProxySettings{host=null, port=null, username=null, password=null}}, connectionPoolSettings=ConnectionPoolSettings{maxSize=100, minSize=0, maxWaitTimeMS=120000, maxConnectionLifeTimeMS=0, maxConnectionIdleTimeMS=0, maintenanceInitialDelayMS=0, maintenanceFrequencyMS=60000, connectionPoolListeners=[], maxConnecting=2}, serverSettings=ServerSettings{heartbeatFrequencyMS=10000, minHeartbeatFrequencyMS=500, serverMonitoringMode=AUTO, serverListeners='[]', serverMonitorListeners='[]'}, sslSettings=SslSettings{enabled=true, invalidHostNameAllowed=false, context=null}, applicationName='null', compressorList=[], uuidRepresentation=JAVA_LEGACY, serverApi=null, autoEncryptionSettings=null, dnsClient=null, inetAddressResolver=null, contextProvider=null, timeoutMS=null}
2025-04-12 18:50:34 INFO  org.mongodb.driver.cluster - Adding discovered server ac-kex050i-shard-00-01.6b69sb9.mongodb.net:27017 to client view of cluster
2025-04-12 18:50:34 INFO  org.mongodb.driver.cluster - Adding discovered server ac-kex050i-shard-00-00.6b69sb9.mongodb.net:27017 to client view of cluster
2025-04-12 18:50:34 INFO  org.mongodb.driver.cluster - Waiting for server to become available for operation with ID 5. Remaining time: 29993 ms. Selector: WritableServerSelector, topology description: {type=REPLICA_SET, servers=[{address=ac-kex050i-shard-00-00.6b69sb9.mongodb.net:27017, type=UNKNOWN, state=CONNECTING}, {address=ac-kex050i-shard-00-02.6b69sb9.mongodb.net:27017, type=UNKNOWN, state=CONNECTING}, {address=ac-kex050i-shard-00-01.6b69sb9.mongodb.net:27017, type=UNKNOWN, state=CONNECTING}].
2025-04-12 18:50:35 INFO  org.mongodb.driver.cluster - Monitor thread successfully connected to server with description ServerDescription{address=ac-kex050i-shard-00-02.6b69sb9.mongodb.net:27017, type=REPLICA_SET_PRIMARY, cryptd=false, state=CONNECTED, ok=true, minWireVersion=0, maxWireVersion=25, maxDocumentSize=16777216, logicalSessionTimeoutMinutes=30, roundTripTimeNanos=630149238, minRoundTripTimeNanos=0, setName='atlas-kry611-shard-0', canonicalAddress=ac-kex050i-shard-00-02.6b69sb9.mongodb.net:27017, hosts=[ac-kex050i-shard-00-02.6b69sb9.mongodb.net:27017, ac-kex050i-shard-00-01.6b69sb9.mongodb.net:27017, ac-kex050i-shard-00-00.6b69sb9.mongodb.net:27017], passives=[], arbiters=[], primary='ac-kex050i-shard-00-02.6b69sb9.mongodb.net:27017', tagSet=TagSet{[Tag{name='availabilityZone', value='aps1-az2'}, Tag{name='diskState', value='READY'}, Tag{name='nodeType', value='ELECTABLE'}, Tag{name='provider', value='AWS'}, Tag{name='region', value='AP_SOUTH_1'}, Tag{name='workloadType', value='OPERATIONAL'}]}, electionId=7fffffff0000000000000009, setVersion=1, topologyVersion=TopologyVersion{processId=67f95943868877c2c3e82ebb, counter=6}, lastWriteDate=Sat Apr 12 18:50:31 GMT+05:45 2025, lastUpdateTimeNanos=9255392190382}
2025-04-12 18:50:35 INFO  org.mongodb.driver.cluster - Monitor thread successfully connected to server with description ServerDescription{address=ac-kex050i-shard-00-01.6b69sb9.mongodb.net:27017, type=REPLICA_SET_SECONDARY, cryptd=false, state=CONNECTED, ok=true, minWireVersion=0, maxWireVersion=25, maxDocumentSize=16777216, logicalSessionTimeoutMinutes=30, roundTripTimeNanos=625650415, minRoundTripTimeNanos=0, setName='atlas-kry611-shard-0', canonicalAddress=ac-kex050i-shard-00-01.6b69sb9.mongodb.net:27017, hosts=[ac-kex050i-shard-00-02.6b69sb9.mongodb.net:27017, ac-kex050i-shard-00-01.6b69sb9.mongodb.net:27017, ac-kex050i-shard-00-00.6b69sb9.mongodb.net:27017], passives=[], arbiters=[], primary='ac-kex050i-shard-00-02.6b69sb9.mongodb.net:27017', tagSet=TagSet{[Tag{name='availabilityZone', value='aps1-az3'}, Tag{name='diskState', value='READY'}, Tag{name='nodeType', value='ELECTABLE'}, Tag{name='provider', value='AWS'}, Tag{name='region', value='AP_SOUTH_1'}, Tag{name='workloadType', value='OPERATIONAL'}]}, electionId=null, setVersion=1, topologyVersion=TopologyVersion{processId=67f95a88e18c31e0b3801de8, counter=3}, lastWriteDate=Sat Apr 12 18:50:31 GMT+05:45 2025, lastUpdateTimeNanos=9255392190437}
2025-04-12 18:50:35 INFO  org.mongodb.driver.cluster - Monitor thread successfully connected to server with description ServerDescription{address=ac-kex050i-shard-00-00.6b69sb9.mongodb.net:27017, type=REPLICA_SET_SECONDARY, cryptd=false, state=CONNECTED, ok=true, minWireVersion=0, maxWireVersion=25, maxDocumentSize=16777216, logicalSessionTimeoutMinutes=30, roundTripTimeNanos=633701527, minRoundTripTimeNanos=0, setName='atlas-kry611-shard-0', canonicalAddress=ac-kex050i-shard-00-00.6b69sb9.mongodb.net:27017, hosts=[ac-kex050i-shard-00-02.6b69sb9.mongodb.net:27017, ac-kex050i-shard-00-01.6b69sb9.mongodb.net:27017, ac-kex050i-shard-00-00.6b69sb9.mongodb.net:27017], passives=[], arbiters=[], primary='ac-kex050i-shard-00-02.6b69sb9.mongodb.net:27017', tagSet=TagSet{[Tag{name='availabilityZone', value='aps1-az1'}, Tag{name='diskState', value='READY'}, Tag{name='nodeType', value='ELECTABLE'}, Tag{name='provider', value='AWS'}, Tag{name='region', value='AP_SOUTH_1'}, Tag{name='workloadType', value='OPERATIONAL'}]}, electionId=null, setVersion=1, topologyVersion=TopologyVersion{processId=67f957c96e7bebcebef83be4, counter=4}, lastWriteDate=Sat Apr 12 18:50:31 GMT+05:45 2025, lastUpdateTimeNanos=9255392232374}
2025-04-12 18:50:35 INFO  org.mongodb.driver.cluster - Discovered replica set primary ac-kex050i-shard-00-02.6b69sb9.mongodb.net:27017 with max election id 7fffffff0000000000000009 and max set version 1
2025-04-12 18:51:23 INFO  o.s.s.c.a.a.c.InitializeAuthenticationProviderBeanManagerConfigurer$InitializeAuthenticationProviderManagerConfigurer - Global AuthenticationManager configured with AuthenticationProvider bean with name authenticationProvider
2025-04-12 18:51:23 WARN  o.s.s.c.a.a.c.InitializeUserDetailsBeanManagerConfigurer$InitializeUserDetailsManagerConfigurer - Global AuthenticationManager configured with an AuthenticationProvider bean. UserDetailsService beans will not be used by Spring Security for automatically configuring username/password login. Consider removing the AuthenticationProvider bean. Alternatively, consider using the UserDetailsService in a manually instantiated DaoAuthenticationProvider. If the current configuration is intentional, to turn off this warning, increase the logging level of 'org.springframework.security.config.annotation.authentication.configuration.InitializeUserDetailsBeanManagerConfigurer' to ERROR
2025-04-12 18:51:23 INFO  o.s.b.w.e.tomcat.TomcatWebServer - Tomcat started on port 8080 (http) with context path '/'
2025-04-12 18:51:23 INFO  m.d.journalApp.JournalAppApplication - Started JournalAppApplication in 51.1 seconds (process running for 52.529)
2025-04-12 18:51:23 INFO  o.s.b.w.e.tomcat.GracefulShutdown - Commencing graceful shutdown. Waiting for active requests to complete
2025-04-12 18:51:23 INFO  o.s.b.w.e.tomcat.GracefulShutdown - Graceful shutdown complete
2025-04-12 18:52:18 INFO  o.h.validator.internal.util.Version - HV000001: Hibernate Validator 8.0.2.Final
2025-04-12 18:52:18 INFO  m.d.journalApp.JournalAppApplication - Starting JournalAppApplication using Java 23.0.2 with PID 20712 (/home/malle/Project/journalApp/target/classes started by malle in /home/malle/Project/journalApp)
2025-04-12 18:52:18 INFO  m.d.journalApp.JournalAppApplication - The following 1 profile is active: "dev"
2025-04-12 18:52:19 INFO  o.s.d.r.c.RepositoryConfigurationDelegate - Bootstrapping Spring Data MongoDB repositories in DEFAULT mode.
2025-04-12 18:52:19 INFO  o.s.d.r.c.RepositoryConfigurationDelegate - Finished Spring Data repository scanning in 21 ms. Found 3 MongoDB repository interfaces.
2025-04-12 18:52:19 INFO  o.s.b.w.e.tomcat.TomcatWebServer - Tomcat initialized with port 8080 (http)
2025-04-12 18:52:19 INFO  o.a.coyote.http11.Http11NioProtocol - Initializing ProtocolHandler ["http-nio-8080"]
2025-04-12 18:52:19 INFO  o.a.catalina.core.StandardService - Starting service [Tomcat]
2025-04-12 18:52:19 INFO  o.a.catalina.core.StandardEngine - Starting Servlet engine: [Apache Tomcat/10.1.39]
2025-04-12 18:52:19 INFO  o.a.c.c.C.[Tomcat].[localhost].[/] - Initializing Spring embedded WebApplicationContext
2025-04-12 18:52:19 INFO  o.s.b.w.s.c.ServletWebServerApplicationContext - Root WebApplicationContext: initialization completed in 698 ms
2025-04-12 18:52:19 INFO  org.mongodb.driver.client - MongoClient with metadata {"driver": {"name": "mongo-java-driver|sync|spring-boot", "version": "5.2.1"}, "os": {"type": "Linux", "name": "Linux", "architecture": "amd64", "version": "6.11.0-21-generic"}, "platform": "Java/Oracle Corporation/23.0.2+7-58"} created with settings MongoClientSettings{readPreference=primary, writeConcern=WriteConcern{w=majority, wTimeout=null ms, journal=null}, retryWrites=true, retryReads=true, readConcern=ReadConcern{level=null}, credential=MongoCredential{mechanism=null, userName='dipeshmallapub', source='admin', password=<hidden>, mechanismProperties=<hidden>}, transportSettings=null, commandListeners=[], codecRegistry=ProvidersCodecRegistry{codecProviders=[ValueCodecProvider{}, BsonValueCodecProvider{}, DBRefCodecProvider{}, DBObjectCodecProvider{}, DocumentCodecProvider{}, CollectionCodecProvider{}, IterableCodecProvider{}, MapCodecProvider{}, GeoJsonCodecProvider{}, GridFSFileCodecProvider{}, Jsr310CodecProvider{}, JsonObjectCodecProvider{}, BsonCodecProvider{}, EnumCodecProvider{}, com.mongodb.client.model.mql.ExpressionCodecProvider@24a0c58b, com.mongodb.Jep395RecordCodecProvider@604d28c6, com.mongodb.KotlinCodecProvider@7f3c0399]}, loggerSettings=LoggerSettings{maxDocumentLength=1000}, clusterSettings={hosts=[127.0.0.1:27017], srvHost=cluster0.6b69sb9.mongodb.net, srvServiceName=mongodb, mode=MULTIPLE, requiredClusterType=REPLICA_SET, requiredReplicaSetName='atlas-kry611-shard-0', serverSelector='null', clusterListeners='[]', serverSelectionTimeout='30000 ms', localThreshold='15 ms'}, socketSettings=SocketSettings{connectTimeoutMS=10000, readTimeoutMS=0, receiveBufferSize=0, proxySettings=ProxySettings{host=null, port=null, username=null, password=null}}, heartbeatSocketSettings=SocketSettings{connectTimeoutMS=10000, readTimeoutMS=10000, receiveBufferSize=0, proxySettings=ProxySettings{host=null, port=null, username=null, password=null}}, connectionPoolSettings=ConnectionPoolSettings{maxSize=100, minSize=0, maxWaitTimeMS=120000, maxConnectionLifeTimeMS=0, maxConnectionIdleTimeMS=0, maintenanceInitialDelayMS=0, maintenanceFrequencyMS=60000, connectionPoolListeners=[], maxConnecting=2}, serverSettings=ServerSettings{heartbeatFrequencyMS=10000, minHeartbeatFrequencyMS=500, serverMonitoringMode=AUTO, serverListeners='[]', serverMonitorListeners='[]'}, sslSettings=SslSettings{enabled=true, invalidHostNameAllowed=false, context=null}, applicationName='null', compressorList=[], uuidRepresentation=JAVA_LEGACY, serverApi=null, autoEncryptionSettings=null, dnsClient=null, inetAddressResolver=null, contextProvider=null, timeoutMS=null}
2025-04-12 18:52:20 INFO  org.mongodb.driver.cluster - Waiting for server to become available for operation with ID 2. Remaining time: 29996 ms. Selector: WritableServerSelector, topology description: {type=UNKNOWN, servers=[].
2025-04-12 18:52:20 INFO  org.mongodb.driver.cluster - Adding discovered server ac-kex050i-shard-00-02.6b69sb9.mongodb.net:27017 to client view of cluster
2025-04-12 18:52:20 INFO  org.mongodb.driver.cluster - Adding discovered server ac-kex050i-shard-00-01.6b69sb9.mongodb.net:27017 to client view of cluster
2025-04-12 18:52:20 INFO  org.mongodb.driver.cluster - Adding discovered server ac-kex050i-shard-00-00.6b69sb9.mongodb.net:27017 to client view of cluster
2025-04-12 18:52:20 INFO  org.mongodb.driver.cluster - Monitor thread successfully connected to server with description ServerDescription{address=ac-kex050i-shard-00-00.6b69sb9.mongodb.net:27017, type=REPLICA_SET_SECONDARY, cryptd=false, state=CONNECTED, ok=true, minWireVersion=0, maxWireVersion=25, maxDocumentSize=16777216, logicalSessionTimeoutMinutes=30, roundTripTimeNanos=272129175, minRoundTripTimeNanos=0, setName='atlas-kry611-shard-0', canonicalAddress=ac-kex050i-shard-00-00.6b69sb9.mongodb.net:27017, hosts=[ac-kex050i-shard-00-02.6b69sb9.mongodb.net:27017, ac-kex050i-shard-00-01.6b69sb9.mongodb.net:27017, ac-kex050i-shard-00-00.6b69sb9.mongodb.net:27017], passives=[], arbiters=[], primary='ac-kex050i-shard-00-02.6b69sb9.mongodb.net:27017', tagSet=TagSet{[Tag{name='availabilityZone', value='aps1-az1'}, Tag{name='diskState', value='READY'}, Tag{name='nodeType', value='ELECTABLE'}, Tag{name='provider', value='AWS'}, Tag{name='region', value='AP_SOUTH_1'}, Tag{name='workloadType', value='OPERATIONAL'}]}, electionId=null, setVersion=1, topologyVersion=TopologyVersion{processId=67f957c96e7bebcebef83be4, counter=4}, lastWriteDate=Sat Apr 12 18:52:11 GMT+05:45 2025, lastUpdateTimeNanos=9360621575601}
2025-04-12 18:52:20 INFO  org.mongodb.driver.cluster - Monitor thread successfully connected to server with description ServerDescription{address=ac-kex050i-shard-00-02.6b69sb9.mongodb.net:27017, type=REPLICA_SET_PRIMARY, cryptd=false, state=CONNECTED, ok=true, minWireVersion=0, maxWireVersion=25, maxDocumentSize=16777216, logicalSessionTimeoutMinutes=30, roundTripTimeNanos=272136813, minRoundTripTimeNanos=0, setName='atlas-kry611-shard-0', canonicalAddress=ac-kex050i-shard-00-02.6b69sb9.mongodb.net:27017, hosts=[ac-kex050i-shard-00-02.6b69sb9.mongodb.net:27017, ac-kex050i-shard-00-01.6b69sb9.mongodb.net:27017, ac-kex050i-shard-00-00.6b69sb9.mongodb.net:27017], passives=[], arbiters=[], primary='ac-kex050i-shard-00-02.6b69sb9.mongodb.net:27017', tagSet=TagSet{[Tag{name='availabilityZone', value='aps1-az2'}, Tag{name='diskState', value='READY'}, Tag{name='nodeType', value='ELECTABLE'}, Tag{name='provider', value='AWS'}, Tag{name='region', value='AP_SOUTH_1'}, Tag{name='workloadType', value='OPERATIONAL'}]}, electionId=7fffffff0000000000000009, setVersion=1, topologyVersion=TopologyVersion{processId=67f95943868877c2c3e82ebb, counter=6}, lastWriteDate=Sat Apr 12 18:52:11 GMT+05:45 2025, lastUpdateTimeNanos=9360621585519}
2025-04-12 18:52:20 INFO  org.mongodb.driver.cluster - Monitor thread successfully connected to server with description ServerDescription{address=ac-kex050i-shard-00-01.6b69sb9.mongodb.net:27017, type=REPLICA_SET_SECONDARY, cryptd=false, state=CONNECTED, ok=true, minWireVersion=0, maxWireVersion=25, maxDocumentSize=16777216, logicalSessionTimeoutMinutes=30, roundTripTimeNanos=272136730, minRoundTripTimeNanos=0, setName='atlas-kry611-shard-0', canonicalAddress=ac-kex050i-shard-00-01.6b69sb9.mongodb.net:27017, hosts=[ac-kex050i-shard-00-02.6b69sb9.mongodb.net:27017, ac-kex050i-shard-00-01.6b69sb9.mongodb.net:27017, ac-kex050i-shard-00-00.6b69sb9.mongodb.net:27017], passives=[], arbiters=[], primary='ac-kex050i-shard-00-02.6b69sb9.mongodb.net:27017', tagSet=TagSet{[Tag{name='availabilityZone', value='aps1-az3'}, Tag{name='diskState', value='READY'}, Tag{name='nodeType', value='ELECTABLE'}, Tag{name='provider', value='AWS'}, Tag{name='region', value='AP_SOUTH_1'}, Tag{name='workloadType', value='OPERATIONAL'}]}, electionId=null, setVersion=1, topologyVersion=TopologyVersion{processId=67f95a88e18c31e0b3801de8, counter=3}, lastWriteDate=Sat Apr 12 18:52:11 GMT+05:45 2025, lastUpdateTimeNanos=9360621585634}
2025-04-12 18:52:20 INFO  org.mongodb.driver.cluster - Discovered replica set primary ac-kex050i-shard-00-02.6b69sb9.mongodb.net:27017 with max election id 7fffffff0000000000000009 and max set version 1
2025-04-12 18:52:21 INFO  o.s.s.c.a.a.c.InitializeAuthenticationProviderBeanManagerConfigurer$InitializeAuthenticationProviderManagerConfigurer - Global AuthenticationManager configured with AuthenticationProvider bean with name authenticationProvider
2025-04-12 18:52:21 WARN  o.s.s.c.a.a.c.InitializeUserDetailsBeanManagerConfigurer$InitializeUserDetailsManagerConfigurer - Global AuthenticationManager configured with an AuthenticationProvider bean. UserDetailsService beans will not be used by Spring Security for automatically configuring username/password login. Consider removing the AuthenticationProvider bean. Alternatively, consider using the UserDetailsService in a manually instantiated DaoAuthenticationProvider. If the current configuration is intentional, to turn off this warning, increase the logging level of 'org.springframework.security.config.annotation.authentication.configuration.InitializeUserDetailsBeanManagerConfigurer' to ERROR
2025-04-12 18:52:21 INFO  o.a.coyote.http11.Http11NioProtocol - Starting ProtocolHandler ["http-nio-8080"]
2025-04-12 18:52:21 INFO  o.s.b.w.e.tomcat.TomcatWebServer - Tomcat started on port 8080 (http) with context path '/'
2025-04-12 18:52:21 INFO  m.d.journalApp.JournalAppApplication - Started JournalAppApplication in 3.0 seconds (process running for 3.726)
2025-04-12 18:52:26 INFO  o.a.c.c.C.[Tomcat].[localhost].[/] - Initializing Spring DispatcherServlet 'dispatcherServlet'
2025-04-12 18:52:26 INFO  o.s.web.servlet.DispatcherServlet - Initializing Servlet 'dispatcherServlet'
2025-04-12 18:52:26 INFO  o.s.web.servlet.DispatcherServlet - Completed initialization in 1 ms
2025-04-12 18:55:19 INFO  o.s.b.w.e.tomcat.GracefulShutdown - Commencing graceful shutdown. Waiting for active requests to complete
2025-04-12 18:55:19 INFO  o.s.b.w.e.tomcat.GracefulShutdown - Graceful shutdown complete
2025-04-12 18:55:22 INFO  o.h.validator.internal.util.Version - HV000001: Hibernate Validator 8.0.2.Final
2025-04-12 18:55:22 INFO  m.d.journalApp.JournalAppApplication - Starting JournalAppApplication using Java 23.0.2 with PID 21165 (/home/malle/Project/journalApp/target/classes started by malle in /home/malle/Project/journalApp)
2025-04-12 18:55:22 INFO  m.d.journalApp.JournalAppApplication - The following 1 profile is active: "dev"
2025-04-12 18:55:22 INFO  o.s.d.r.c.RepositoryConfigurationDelegate - Bootstrapping Spring Data MongoDB repositories in DEFAULT mode.
2025-04-12 18:55:22 INFO  o.s.d.r.c.RepositoryConfigurationDelegate - Finished Spring Data repository scanning in 29 ms. Found 3 MongoDB repository interfaces.
2025-04-12 18:55:23 INFO  o.s.b.w.e.tomcat.TomcatWebServer - Tomcat initialized with port 8080 (http)
2025-04-12 18:55:23 INFO  o.a.coyote.http11.Http11NioProtocol - Initializing ProtocolHandler ["http-nio-8080"]
2025-04-12 18:55:23 INFO  o.a.catalina.core.StandardService - Starting service [Tomcat]
2025-04-12 18:55:23 INFO  o.a.catalina.core.StandardEngine - Starting Servlet engine: [Apache Tomcat/10.1.39]
2025-04-12 18:55:23 INFO  o.a.c.c.C.[Tomcat].[localhost].[/] - Initializing Spring embedded WebApplicationContext
2025-04-12 18:55:23 INFO  o.s.b.w.s.c.ServletWebServerApplicationContext - Root WebApplicationContext: initialization completed in 924 ms
2025-04-12 18:55:23 INFO  org.mongodb.driver.client - MongoClient with metadata {"driver": {"name": "mongo-java-driver|sync|spring-boot", "version": "5.2.1"}, "os": {"type": "Linux", "name": "Linux", "architecture": "amd64", "version": "6.11.0-21-generic"}, "platform": "Java/Oracle Corporation/23.0.2+7-58"} created with settings MongoClientSettings{readPreference=primary, writeConcern=WriteConcern{w=majority, wTimeout=null ms, journal=null}, retryWrites=true, retryReads=true, readConcern=ReadConcern{level=null}, credential=MongoCredential{mechanism=null, userName='dipeshmallapub', source='admin', password=<hidden>, mechanismProperties=<hidden>}, transportSettings=null, commandListeners=[], codecRegistry=ProvidersCodecRegistry{codecProviders=[ValueCodecProvider{}, BsonValueCodecProvider{}, DBRefCodecProvider{}, DBObjectCodecProvider{}, DocumentCodecProvider{}, CollectionCodecProvider{}, IterableCodecProvider{}, MapCodecProvider{}, GeoJsonCodecProvider{}, GridFSFileCodecProvider{}, Jsr310CodecProvider{}, JsonObjectCodecProvider{}, BsonCodecProvider{}, EnumCodecProvider{}, com.mongodb.client.model.mql.ExpressionCodecProvider@100bba26, com.mongodb.Jep395RecordCodecProvider@4ae280da, com.mongodb.KotlinCodecProvider@76d0ecd7]}, loggerSettings=LoggerSettings{maxDocumentLength=1000}, clusterSettings={hosts=[127.0.0.1:27017], srvHost=cluster0.6b69sb9.mongodb.net, srvServiceName=mongodb, mode=MULTIPLE, requiredClusterType=REPLICA_SET, requiredReplicaSetName='atlas-kry611-shard-0', serverSelector='null', clusterListeners='[]', serverSelectionTimeout='30000 ms', localThreshold='15 ms'}, socketSettings=SocketSettings{connectTimeoutMS=10000, readTimeoutMS=0, receiveBufferSize=0, proxySettings=ProxySettings{host=null, port=null, username=null, password=null}}, heartbeatSocketSettings=SocketSettings{connectTimeoutMS=10000, readTimeoutMS=10000, receiveBufferSize=0, proxySettings=ProxySettings{host=null, port=null, username=null, password=null}}, connectionPoolSettings=ConnectionPoolSettings{maxSize=100, minSize=0, maxWaitTimeMS=120000, maxConnectionLifeTimeMS=0, maxConnectionIdleTimeMS=0, maintenanceInitialDelayMS=0, maintenanceFrequencyMS=60000, connectionPoolListeners=[], maxConnecting=2}, serverSettings=ServerSettings{heartbeatFrequencyMS=10000, minHeartbeatFrequencyMS=500, serverMonitoringMode=AUTO, serverListeners='[]', serverMonitorListeners='[]'}, sslSettings=SslSettings{enabled=true, invalidHostNameAllowed=false, context=null}, applicationName='null', compressorList=[], uuidRepresentation=JAVA_LEGACY, serverApi=null, autoEncryptionSettings=null, dnsClient=null, inetAddressResolver=null, contextProvider=null, timeoutMS=null}
2025-04-12 18:55:23 INFO  org.mongodb.driver.cluster - Adding discovered server ac-kex050i-shard-00-02.6b69sb9.mongodb.net:27017 to client view of cluster
2025-04-12 18:55:23 INFO  org.mongodb.driver.cluster - Adding discovered server ac-kex050i-shard-00-00.6b69sb9.mongodb.net:27017 to client view of cluster
2025-04-12 18:55:23 INFO  org.mongodb.driver.cluster - Adding discovered server ac-kex050i-shard-00-01.6b69sb9.mongodb.net:27017 to client view of cluster
2025-04-12 18:55:23 INFO  org.mongodb.driver.cluster - Waiting for server to become available for operation with ID 5. Remaining time: 29994 ms. Selector: WritableServerSelector, topology description: {type=REPLICA_SET, servers=[{address=ac-kex050i-shard-00-00.6b69sb9.mongodb.net:27017, type=UNKNOWN, state=CONNECTING}, {address=ac-kex050i-shard-00-02.6b69sb9.mongodb.net:27017, type=UNKNOWN, state=CONNECTING}, {address=ac-kex050i-shard-00-01.6b69sb9.mongodb.net:27017, type=UNKNOWN, state=CONNECTING}].
2025-04-12 18:55:24 INFO  org.mongodb.driver.cluster - Monitor thread successfully connected to server with description ServerDescription{address=ac-kex050i-shard-00-01.6b69sb9.mongodb.net:27017, type=REPLICA_SET_SECONDARY, cryptd=false, state=CONNECTED, ok=true, minWireVersion=0, maxWireVersion=25, maxDocumentSize=16777216, logicalSessionTimeoutMinutes=30, roundTripTimeNanos=304240909, minRoundTripTimeNanos=0, setName='atlas-kry611-shard-0', canonicalAddress=ac-kex050i-shard-00-01.6b69sb9.mongodb.net:27017, hosts=[ac-kex050i-shard-00-02.6b69sb9.mongodb.net:27017, ac-kex050i-shard-00-01.6b69sb9.mongodb.net:27017, ac-kex050i-shard-00-00.6b69sb9.mongodb.net:27017], passives=[], arbiters=[], primary='ac-kex050i-shard-00-02.6b69sb9.mongodb.net:27017', tagSet=TagSet{[Tag{name='availabilityZone', value='aps1-az3'}, Tag{name='diskState', value='READY'}, Tag{name='nodeType', value='ELECTABLE'}, Tag{name='provider', value='AWS'}, Tag{name='region', value='AP_SOUTH_1'}, Tag{name='workloadType', value='OPERATIONAL'}]}, electionId=null, setVersion=1, topologyVersion=TopologyVersion{processId=67f95a88e18c31e0b3801de8, counter=3}, lastWriteDate=Sat Apr 12 18:55:21 GMT+05:45 2025, lastUpdateTimeNanos=9544205677977}
2025-04-12 18:55:24 INFO  org.mongodb.driver.cluster - Monitor thread successfully connected to server with description ServerDescription{address=ac-kex050i-shard-00-02.6b69sb9.mongodb.net:27017, type=REPLICA_SET_PRIMARY, cryptd=false, state=CONNECTED, ok=true, minWireVersion=0, maxWireVersion=25, maxDocumentSize=16777216, logicalSessionTimeoutMinutes=30, roundTripTimeNanos=353649202, minRoundTripTimeNanos=0, setName='atlas-kry611-shard-0', canonicalAddress=ac-kex050i-shard-00-02.6b69sb9.mongodb.net:27017, hosts=[ac-kex050i-shard-00-02.6b69sb9.mongodb.net:27017, ac-kex050i-shard-00-01.6b69sb9.mongodb.net:27017, ac-kex050i-shard-00-00.6b69sb9.mongodb.net:27017], passives=[], arbiters=[], primary='ac-kex050i-shard-00-02.6b69sb9.mongodb.net:27017', tagSet=TagSet{[Tag{name='availabilityZone', value='aps1-az2'}, Tag{name='diskState', value='READY'}, Tag{name='nodeType', value='ELECTABLE'}, Tag{name='provider', value='AWS'}, Tag{name='region', value='AP_SOUTH_1'}, Tag{name='workloadType', value='OPERATIONAL'}]}, electionId=7fffffff0000000000000009, setVersion=1, topologyVersion=TopologyVersion{processId=67f95943868877c2c3e82ebb, counter=6}, lastWriteDate=Sat Apr 12 18:55:21 GMT+05:45 2025, lastUpdateTimeNanos=9544205678059}
2025-04-12 18:55:24 INFO  org.mongodb.driver.cluster - Discovered replica set primary ac-kex050i-shard-00-02.6b69sb9.mongodb.net:27017 with max election id 7fffffff0000000000000009 and max set version 1
2025-04-12 18:55:31 INFO  org.mongodb.driver.cluster - Monitor thread successfully connected to server with description ServerDescription{address=ac-kex050i-shard-00-00.6b69sb9.mongodb.net:27017, type=REPLICA_SET_SECONDARY, cryptd=false, state=CONNECTED, ok=true, minWireVersion=0, maxWireVersion=25, maxDocumentSize=16777216, logicalSessionTimeoutMinutes=30, roundTripTimeNanos=134129500, minRoundTripTimeNanos=0, setName='atlas-kry611-shard-0', canonicalAddress=ac-kex050i-shard-00-00.6b69sb9.mongodb.net:27017, hosts=[ac-kex050i-shard-00-02.6b69sb9.mongodb.net:27017, ac-kex050i-shard-00-01.6b69sb9.mongodb.net:27017, ac-kex050i-shard-00-00.6b69sb9.mongodb.net:27017], passives=[], arbiters=[], primary='ac-kex050i-shard-00-02.6b69sb9.mongodb.net:27017', tagSet=TagSet{[Tag{name='availabilityZone', value='aps1-az1'}, Tag{name='diskState', value='READY'}, Tag{name='nodeType', value='ELECTABLE'}, Tag{name='provider', value='AWS'}, Tag{name='region', value='AP_SOUTH_1'}, Tag{name='workloadType', value='OPERATIONAL'}]}, electionId=null, setVersion=1, topologyVersion=TopologyVersion{processId=67f957c96e7bebcebef83be4, counter=4}, lastWriteDate=Sat Apr 12 18:55:21 GMT+05:45 2025, lastUpdateTimeNanos=9551144086520}
2025-04-12 18:57:09 INFO  o.s.s.c.a.a.c.InitializeAuthenticationProviderBeanManagerConfigurer$InitializeAuthenticationProviderManagerConfigurer - Global AuthenticationManager configured with AuthenticationProvider bean with name authenticationProvider
2025-04-12 18:57:09 WARN  o.s.s.c.a.a.c.InitializeUserDetailsBeanManagerConfigurer$InitializeUserDetailsManagerConfigurer - Global AuthenticationManager configured with an AuthenticationProvider bean. UserDetailsService beans will not be used by Spring Security for automatically configuring username/password login. Consider removing the AuthenticationProvider bean. Alternatively, consider using the UserDetailsService in a manually instantiated DaoAuthenticationProvider. If the current configuration is intentional, to turn off this warning, increase the logging level of 'org.springframework.security.config.annotation.authentication.configuration.InitializeUserDetailsBeanManagerConfigurer' to ERROR
2025-04-12 18:57:10 INFO  o.s.b.w.e.tomcat.TomcatWebServer - Tomcat started on port 8080 (http) with context path '/'
2025-04-12 18:57:10 INFO  m.d.journalApp.JournalAppApplication - Started JournalAppApplication in 108.201 seconds (process running for 109.268)
2025-04-12 18:57:10 INFO  o.s.b.w.e.tomcat.GracefulShutdown - Commencing graceful shutdown. Waiting for active requests to complete
2025-04-12 18:57:10 INFO  o.s.b.w.e.tomcat.GracefulShutdown - Graceful shutdown complete
2025-04-12 18:57:16 INFO  o.h.validator.internal.util.Version - HV000001: Hibernate Validator 8.0.2.Final
2025-04-12 18:57:16 INFO  m.d.journalApp.JournalAppApplication - Starting JournalAppApplication using Java 23.0.2 with PID 21542 (/home/malle/Project/journalApp/target/classes started by malle in /home/malle/Project/journalApp)
2025-04-12 18:57:16 INFO  m.d.journalApp.JournalAppApplication - The following 1 profile is active: "dev"
2025-04-12 18:57:17 INFO  o.s.d.r.c.RepositoryConfigurationDelegate - Bootstrapping Spring Data MongoDB repositories in DEFAULT mode.
2025-04-12 18:57:17 INFO  o.s.d.r.c.RepositoryConfigurationDelegate - Finished Spring Data repository scanning in 27 ms. Found 3 MongoDB repository interfaces.
2025-04-12 18:57:17 INFO  o.s.b.w.e.tomcat.TomcatWebServer - Tomcat initialized with port 8080 (http)
2025-04-12 18:57:17 INFO  o.a.coyote.http11.Http11NioProtocol - Initializing ProtocolHandler ["http-nio-8080"]
2025-04-12 18:57:17 INFO  o.a.catalina.core.StandardService - Starting service [Tomcat]
2025-04-12 18:57:17 INFO  o.a.catalina.core.StandardEngine - Starting Servlet engine: [Apache Tomcat/10.1.39]
2025-04-12 18:57:17 INFO  o.a.c.c.C.[Tomcat].[localhost].[/] - Initializing Spring embedded WebApplicationContext
2025-04-12 18:57:17 INFO  o.s.b.w.s.c.ServletWebServerApplicationContext - Root WebApplicationContext: initialization completed in 908 ms
2025-04-12 18:57:24 INFO  org.mongodb.driver.client - MongoClient with metadata {"driver": {"name": "mongo-java-driver|sync|spring-boot", "version": "5.2.1"}, "os": {"type": "Linux", "name": "Linux", "architecture": "amd64", "version": "6.11.0-21-generic"}, "platform": "Java/Oracle Corporation/23.0.2+7-58"} created with settings MongoClientSettings{readPreference=primary, writeConcern=WriteConcern{w=majority, wTimeout=null ms, journal=null}, retryWrites=true, retryReads=true, readConcern=ReadConcern{level=null}, credential=MongoCredential{mechanism=null, userName='dipeshmallapub', source='admin', password=<hidden>, mechanismProperties=<hidden>}, transportSettings=null, commandListeners=[], codecRegistry=ProvidersCodecRegistry{codecProviders=[ValueCodecProvider{}, BsonValueCodecProvider{}, DBRefCodecProvider{}, DBObjectCodecProvider{}, DocumentCodecProvider{}, CollectionCodecProvider{}, IterableCodecProvider{}, MapCodecProvider{}, GeoJsonCodecProvider{}, GridFSFileCodecProvider{}, Jsr310CodecProvider{}, JsonObjectCodecProvider{}, BsonCodecProvider{}, EnumCodecProvider{}, com.mongodb.client.model.mql.ExpressionCodecProvider@48ccbb32, com.mongodb.Jep395RecordCodecProvider@36551e97, com.mongodb.KotlinCodecProvider@685d7ba5]}, loggerSettings=LoggerSettings{maxDocumentLength=1000}, clusterSettings={hosts=[127.0.0.1:27017], srvHost=cluster0.6b69sb9.mongodb.net, srvServiceName=mongodb, mode=MULTIPLE, requiredClusterType=REPLICA_SET, requiredReplicaSetName='atlas-kry611-shard-0', serverSelector='null', clusterListeners='[]', serverSelectionTimeout='30000 ms', localThreshold='15 ms'}, socketSettings=SocketSettings{connectTimeoutMS=10000, readTimeoutMS=0, receiveBufferSize=0, proxySettings=ProxySettings{host=null, port=null, username=null, password=null}}, heartbeatSocketSettings=SocketSettings{connectTimeoutMS=10000, readTimeoutMS=10000, receiveBufferSize=0, proxySettings=ProxySettings{host=null, port=null, username=null, password=null}}, connectionPoolSettings=ConnectionPoolSettings{maxSize=100, minSize=0, maxWaitTimeMS=120000, maxConnectionLifeTimeMS=0, maxConnectionIdleTimeMS=0, maintenanceInitialDelayMS=0, maintenanceFrequencyMS=60000, connectionPoolListeners=[], maxConnecting=2}, serverSettings=ServerSettings{heartbeatFrequencyMS=10000, minHeartbeatFrequencyMS=500, serverMonitoringMode=AUTO, serverListeners='[]', serverMonitorListeners='[]'}, sslSettings=SslSettings{enabled=true, invalidHostNameAllowed=false, context=null}, applicationName='null', compressorList=[], uuidRepresentation=JAVA_LEGACY, serverApi=null, autoEncryptionSettings=null, dnsClient=null, inetAddressResolver=null, contextProvider=null, timeoutMS=null}
2025-04-12 18:57:24 INFO  org.mongodb.driver.cluster - Waiting for server to become available for operation with ID 2. Remaining time: 29995 ms. Selector: WritableServerSelector, topology description: {type=UNKNOWN, servers=[].
2025-04-12 18:57:29 INFO  org.mongodb.driver.cluster - Adding discovered server ac-kex050i-shard-00-02.6b69sb9.mongodb.net:27017 to client view of cluster
2025-04-12 18:57:29 INFO  org.mongodb.driver.cluster - Adding discovered server ac-kex050i-shard-00-00.6b69sb9.mongodb.net:27017 to client view of cluster
2025-04-12 18:57:29 INFO  org.mongodb.driver.cluster - Adding discovered server ac-kex050i-shard-00-01.6b69sb9.mongodb.net:27017 to client view of cluster
2025-04-12 18:57:31 INFO  org.mongodb.driver.cluster - Monitor thread successfully connected to server with description ServerDescription{address=ac-kex050i-shard-00-00.6b69sb9.mongodb.net:27017, type=REPLICA_SET_SECONDARY, cryptd=false, state=CONNECTED, ok=true, minWireVersion=0, maxWireVersion=25, maxDocumentSize=16777216, logicalSessionTimeoutMinutes=30, roundTripTimeNanos=526527146, minRoundTripTimeNanos=0, setName='atlas-kry611-shard-0', canonicalAddress=ac-kex050i-shard-00-00.6b69sb9.mongodb.net:27017, hosts=[ac-kex050i-shard-00-02.6b69sb9.mongodb.net:27017, ac-kex050i-shard-00-01.6b69sb9.mongodb.net:27017, ac-kex050i-shard-00-00.6b69sb9.mongodb.net:27017], passives=[], arbiters=[], primary='ac-kex050i-shard-00-02.6b69sb9.mongodb.net:27017', tagSet=TagSet{[Tag{name='availabilityZone', value='aps1-az1'}, Tag{name='diskState', value='READY'}, Tag{name='nodeType', value='ELECTABLE'}, Tag{name='provider', value='AWS'}, Tag{name='region', value='AP_SOUTH_1'}, Tag{name='workloadType', value='OPERATIONAL'}]}, electionId=null, setVersion=1, topologyVersion=TopologyVersion{processId=67f957c96e7bebcebef83be4, counter=4}, lastWriteDate=Sat Apr 12 18:57:31 GMT+05:45 2025, lastUpdateTimeNanos=9671808509122}
2025-04-12 18:57:31 INFO  org.mongodb.driver.cluster - Monitor thread successfully connected to server with description ServerDescription{address=ac-kex050i-shard-00-02.6b69sb9.mongodb.net:27017, type=REPLICA_SET_PRIMARY, cryptd=false, state=CONNECTED, ok=true, minWireVersion=0, maxWireVersion=25, maxDocumentSize=16777216, logicalSessionTimeoutMinutes=30, roundTripTimeNanos=520214953, minRoundTripTimeNanos=0, setName='atlas-kry611-shard-0', canonicalAddress=ac-kex050i-shard-00-02.6b69sb9.mongodb.net:27017, hosts=[ac-kex050i-shard-00-02.6b69sb9.mongodb.net:27017, ac-kex050i-shard-00-01.6b69sb9.mongodb.net:27017, ac-kex050i-shard-00-00.6b69sb9.mongodb.net:27017], passives=[], arbiters=[], primary='ac-kex050i-shard-00-02.6b69sb9.mongodb.net:27017', tagSet=TagSet{[Tag{name='availabilityZone', value='aps1-az2'}, Tag{name='diskState', value='READY'}, Tag{name='nodeType', value='ELECTABLE'}, Tag{name='provider', value='AWS'}, Tag{name='region', value='AP_SOUTH_1'}, Tag{name='workloadType', value='OPERATIONAL'}]}, electionId=7fffffff0000000000000009, setVersion=1, topologyVersion=TopologyVersion{processId=67f95943868877c2c3e82ebb, counter=6}, lastWriteDate=Sat Apr 12 18:57:31 GMT+05:45 2025, lastUpdateTimeNanos=9671808516327}
2025-04-12 18:57:31 INFO  org.mongodb.driver.cluster - Discovered replica set primary ac-kex050i-shard-00-02.6b69sb9.mongodb.net:27017 with max election id 7fffffff0000000000000009 and max set version 1
2025-04-12 19:00:51 INFO  org.mongodb.driver.cluster - Monitor thread successfully connected to server with description ServerDescription{address=ac-kex050i-shard-00-01.6b69sb9.mongodb.net:27017, type=REPLICA_SET_SECONDARY, cryptd=false, state=CONNECTED, ok=true, minWireVersion=0, maxWireVersion=25, maxDocumentSize=16777216, logicalSessionTimeoutMinutes=30, roundTripTimeNanos=196400211021, minRoundTripTimeNanos=0, setName='atlas-kry611-shard-0', canonicalAddress=ac-kex050i-shard-00-01.6b69sb9.mongodb.net:27017, hosts=[ac-kex050i-shard-00-02.6b69sb9.mongodb.net:27017, ac-kex050i-shard-00-01.6b69sb9.mongodb.net:27017, ac-kex050i-shard-00-00.6b69sb9.mongodb.net:27017], passives=[], arbiters=[], primary='ac-kex050i-shard-00-02.6b69sb9.mongodb.net:27017', tagSet=TagSet{[Tag{name='availabilityZone', value='aps1-az3'}, Tag{name='diskState', value='READY'}, Tag{name='nodeType', value='ELECTABLE'}, Tag{name='provider', value='AWS'}, Tag{name='region', value='AP_SOUTH_1'}, Tag{name='workloadType', value='OPERATIONAL'}]}, electionId=null, setVersion=1, topologyVersion=TopologyVersion{processId=67f95a88e18c31e0b3801de8, counter=3}, lastWriteDate=Sat Apr 12 19:00:51 GMT+05:45 2025, lastUpdateTimeNanos=9871778018706}
2025-04-12 19:00:51 INFO  o.s.s.c.a.a.c.InitializeAuthenticationProviderBeanManagerConfigurer$InitializeAuthenticationProviderManagerConfigurer - Global AuthenticationManager configured with AuthenticationProvider bean with name authenticationProvider
2025-04-12 19:00:51 WARN  o.s.s.c.a.a.c.InitializeUserDetailsBeanManagerConfigurer$InitializeUserDetailsManagerConfigurer - Global AuthenticationManager configured with an AuthenticationProvider bean. UserDetailsService beans will not be used by Spring Security for automatically configuring username/password login. Consider removing the AuthenticationProvider bean. Alternatively, consider using the UserDetailsService in a manually instantiated DaoAuthenticationProvider. If the current configuration is intentional, to turn off this warning, increase the logging level of 'org.springframework.security.config.annotation.authentication.configuration.InitializeUserDetailsBeanManagerConfigurer' to ERROR
2025-04-12 19:00:52 INFO  o.s.b.w.e.tomcat.TomcatWebServer - Tomcat started on port 8080 (http) with context path '/'
2025-04-12 19:00:52 INFO  m.d.journalApp.JournalAppApplication - Started JournalAppApplication in 215.792 seconds (process running for 216.63)
2025-04-12 19:00:52 INFO  o.s.b.w.e.tomcat.GracefulShutdown - Commencing graceful shutdown. Waiting for active requests to complete
2025-04-12 19:00:52 INFO  o.s.b.w.e.tomcat.GracefulShutdown - Graceful shutdown complete
2025-04-12 19:01:21 INFO  o.h.validator.internal.util.Version - HV000001: Hibernate Validator 8.0.2.Final
2025-04-12 19:01:21 INFO  m.d.journalApp.JournalAppApplication - Starting JournalAppApplication using Java 23.0.2 with PID 21976 (/home/malle/Project/journalApp/target/classes started by malle in /home/malle/Project/journalApp)
2025-04-12 19:01:21 INFO  m.d.journalApp.JournalAppApplication - The following 1 profile is active: "dev"
2025-04-12 19:01:22 INFO  o.s.d.r.c.RepositoryConfigurationDelegate - Bootstrapping Spring Data MongoDB repositories in DEFAULT mode.
2025-04-12 19:01:22 INFO  o.s.d.r.c.RepositoryConfigurationDelegate - Finished Spring Data repository scanning in 32 ms. Found 3 MongoDB repository interfaces.
2025-04-12 19:01:22 INFO  o.s.b.w.e.tomcat.TomcatWebServer - Tomcat initialized with port 8080 (http)
2025-04-12 19:01:22 INFO  o.a.coyote.http11.Http11NioProtocol - Initializing ProtocolHandler ["http-nio-8080"]
2025-04-12 19:01:22 INFO  o.a.catalina.core.StandardService - Starting service [Tomcat]
2025-04-12 19:01:22 INFO  o.a.catalina.core.StandardEngine - Starting Servlet engine: [Apache Tomcat/10.1.39]
2025-04-12 19:01:22 INFO  o.a.c.c.C.[Tomcat].[localhost].[/] - Initializing Spring embedded WebApplicationContext
2025-04-12 19:01:22 INFO  o.s.b.w.s.c.ServletWebServerApplicationContext - Root WebApplicationContext: initialization completed in 829 ms
2025-04-12 19:01:23 INFO  org.mongodb.driver.client - MongoClient with metadata {"driver": {"name": "mongo-java-driver|sync|spring-boot", "version": "5.2.1"}, "os": {"type": "Linux", "name": "Linux", "architecture": "amd64", "version": "6.11.0-21-generic"}, "platform": "Java/Oracle Corporation/23.0.2+7-58"} created with settings MongoClientSettings{readPreference=primary, writeConcern=WriteConcern{w=majority, wTimeout=null ms, journal=null}, retryWrites=true, retryReads=true, readConcern=ReadConcern{level=null}, credential=MongoCredential{mechanism=null, userName='dipeshmallapub', source='admin', password=<hidden>, mechanismProperties=<hidden>}, transportSettings=null, commandListeners=[], codecRegistry=ProvidersCodecRegistry{codecProviders=[ValueCodecProvider{}, BsonValueCodecProvider{}, DBRefCodecProvider{}, DBObjectCodecProvider{}, DocumentCodecProvider{}, CollectionCodecProvider{}, IterableCodecProvider{}, MapCodecProvider{}, GeoJsonCodecProvider{}, GridFSFileCodecProvider{}, Jsr310CodecProvider{}, JsonObjectCodecProvider{}, BsonCodecProvider{}, EnumCodecProvider{}, com.mongodb.client.model.mql.ExpressionCodecProvider@447fa959, com.mongodb.Jep395RecordCodecProvider@3e4d40ea, com.mongodb.KotlinCodecProvider@73f6e07]}, loggerSettings=LoggerSettings{maxDocumentLength=1000}, clusterSettings={hosts=[127.0.0.1:27017], srvHost=cluster0.6b69sb9.mongodb.net, srvServiceName=mongodb, mode=MULTIPLE, requiredClusterType=REPLICA_SET, requiredReplicaSetName='atlas-kry611-shard-0', serverSelector='null', clusterListeners='[]', serverSelectionTimeout='30000 ms', localThreshold='15 ms'}, socketSettings=SocketSettings{connectTimeoutMS=10000, readTimeoutMS=0, receiveBufferSize=0, proxySettings=ProxySettings{host=null, port=null, username=null, password=null}}, heartbeatSocketSettings=SocketSettings{connectTimeoutMS=10000, readTimeoutMS=10000, receiveBufferSize=0, proxySettings=ProxySettings{host=null, port=null, username=null, password=null}}, connectionPoolSettings=ConnectionPoolSettings{maxSize=100, minSize=0, maxWaitTimeMS=120000, maxConnectionLifeTimeMS=0, maxConnectionIdleTimeMS=0, maintenanceInitialDelayMS=0, maintenanceFrequencyMS=60000, connectionPoolListeners=[], maxConnecting=2}, serverSettings=ServerSettings{heartbeatFrequencyMS=10000, minHeartbeatFrequencyMS=500, serverMonitoringMode=AUTO, serverListeners='[]', serverMonitorListeners='[]'}, sslSettings=SslSettings{enabled=true, invalidHostNameAllowed=false, context=null}, applicationName='null', compressorList=[], uuidRepresentation=JAVA_LEGACY, serverApi=null, autoEncryptionSettings=null, dnsClient=null, inetAddressResolver=null, contextProvider=null, timeoutMS=null}
2025-04-12 19:01:23 INFO  org.mongodb.driver.cluster - Adding discovered server ac-kex050i-shard-00-02.6b69sb9.mongodb.net:27017 to client view of cluster
2025-04-12 19:01:23 INFO  org.mongodb.driver.cluster - Adding discovered server ac-kex050i-shard-00-01.6b69sb9.mongodb.net:27017 to client view of cluster
2025-04-12 19:01:23 INFO  org.mongodb.driver.cluster - Adding discovered server ac-kex050i-shard-00-00.6b69sb9.mongodb.net:27017 to client view of cluster
2025-04-12 19:01:23 INFO  org.mongodb.driver.cluster - Waiting for server to become available for operation with ID 5. Remaining time: 29995 ms. Selector: WritableServerSelector, topology description: {type=REPLICA_SET, servers=[{address=ac-kex050i-shard-00-00.6b69sb9.mongodb.net:27017, type=UNKNOWN, state=CONNECTING}, {address=ac-kex050i-shard-00-02.6b69sb9.mongodb.net:27017, type=UNKNOWN, state=CONNECTING}, {address=ac-kex050i-shard-00-01.6b69sb9.mongodb.net:27017, type=UNKNOWN, state=CONNECTING}].
2025-04-12 19:01:23 INFO  org.mongodb.driver.cluster - Monitor thread successfully connected to server with description ServerDescription{address=ac-kex050i-shard-00-00.6b69sb9.mongodb.net:27017, type=REPLICA_SET_SECONDARY, cryptd=false, state=CONNECTED, ok=true, minWireVersion=0, maxWireVersion=25, maxDocumentSize=16777216, logicalSessionTimeoutMinutes=30, roundTripTimeNanos=253833287, minRoundTripTimeNanos=0, setName='atlas-kry611-shard-0', canonicalAddress=ac-kex050i-shard-00-00.6b69sb9.mongodb.net:27017, hosts=[ac-kex050i-shard-00-02.6b69sb9.mongodb.net:27017, ac-kex050i-shard-00-01.6b69sb9.mongodb.net:27017, ac-kex050i-shard-00-00.6b69sb9.mongodb.net:27017], passives=[], arbiters=[], primary='ac-kex050i-shard-00-02.6b69sb9.mongodb.net:27017', tagSet=TagSet{[Tag{name='availabilityZone', value='aps1-az1'}, Tag{name='diskState', value='READY'}, Tag{name='nodeType', value='ELECTABLE'}, Tag{name='provider', value='AWS'}, Tag{name='region', value='AP_SOUTH_1'}, Tag{name='workloadType', value='OPERATIONAL'}]}, electionId=null, setVersion=1, topologyVersion=TopologyVersion{processId=67f957c96e7bebcebef83be4, counter=4}, lastWriteDate=Sat Apr 12 19:01:21 GMT+05:45 2025, lastUpdateTimeNanos=9903732080134}
2025-04-12 19:01:23 INFO  org.mongodb.driver.cluster - Monitor thread successfully connected to server with description ServerDescription{address=ac-kex050i-shard-00-02.6b69sb9.mongodb.net:27017, type=REPLICA_SET_PRIMARY, cryptd=false, state=CONNECTED, ok=true, minWireVersion=0, maxWireVersion=25, maxDocumentSize=16777216, logicalSessionTimeoutMinutes=30, roundTripTimeNanos=250206881, minRoundTripTimeNanos=0, setName='atlas-kry611-shard-0', canonicalAddress=ac-kex050i-shard-00-02.6b69sb9.mongodb.net:27017, hosts=[ac-kex050i-shard-00-02.6b69sb9.mongodb.net:27017, ac-kex050i-shard-00-01.6b69sb9.mongodb.net:27017, ac-kex050i-shard-00-00.6b69sb9.mongodb.net:27017], passives=[], arbiters=[], primary='ac-kex050i-shard-00-02.6b69sb9.mongodb.net:27017', tagSet=TagSet{[Tag{name='availabilityZone', value='aps1-az2'}, Tag{name='diskState', value='READY'}, Tag{name='nodeType', value='ELECTABLE'}, Tag{name='provider', value='AWS'}, Tag{name='region', value='AP_SOUTH_1'}, Tag{name='workloadType', value='OPERATIONAL'}]}, electionId=7fffffff0000000000000009, setVersion=1, topologyVersion=TopologyVersion{processId=67f95943868877c2c3e82ebb, counter=6}, lastWriteDate=Sat Apr 12 19:01:21 GMT+05:45 2025, lastUpdateTimeNanos=9903732092065}
2025-04-12 19:01:23 INFO  org.mongodb.driver.cluster - Monitor thread successfully connected to server with description ServerDescription{address=ac-kex050i-shard-00-01.6b69sb9.mongodb.net:27017, type=REPLICA_SET_SECONDARY, cryptd=false, state=CONNECTED, ok=true, minWireVersion=0, maxWireVersion=25, maxDocumentSize=16777216, logicalSessionTimeoutMinutes=30, roundTripTimeNanos=299506951, minRoundTripTimeNanos=0, setName='atlas-kry611-shard-0', canonicalAddress=ac-kex050i-shard-00-01.6b69sb9.mongodb.net:27017, hosts=[ac-kex050i-shard-00-02.6b69sb9.mongodb.net:27017, ac-kex050i-shard-00-01.6b69sb9.mongodb.net:27017, ac-kex050i-shard-00-00.6b69sb9.mongodb.net:27017], passives=[], arbiters=[], primary='ac-kex050i-shard-00-02.6b69sb9.mongodb.net:27017', tagSet=TagSet{[Tag{name='availabilityZone', value='aps1-az3'}, Tag{name='diskState', value='READY'}, Tag{name='nodeType', value='ELECTABLE'}, Tag{name='provider', value='AWS'}, Tag{name='region', value='AP_SOUTH_1'}, Tag{name='workloadType', value='OPERATIONAL'}]}, electionId=null, setVersion=1, topologyVersion=TopologyVersion{processId=67f95a88e18c31e0b3801de8, counter=3}, lastWriteDate=Sat Apr 12 19:01:21 GMT+05:45 2025, lastUpdateTimeNanos=9903732092145}
2025-04-12 19:01:23 INFO  org.mongodb.driver.cluster - Discovered replica set primary ac-kex050i-shard-00-02.6b69sb9.mongodb.net:27017 with max election id 7fffffff0000000000000009 and max set version 1
2025-04-12 19:01:24 INFO  o.s.s.c.a.a.c.InitializeAuthenticationProviderBeanManagerConfigurer$InitializeAuthenticationProviderManagerConfigurer - Global AuthenticationManager configured with AuthenticationProvider bean with name authenticationProvider
2025-04-12 19:01:24 WARN  o.s.s.c.a.a.c.InitializeUserDetailsBeanManagerConfigurer$InitializeUserDetailsManagerConfigurer - Global AuthenticationManager configured with an AuthenticationProvider bean. UserDetailsService beans will not be used by Spring Security for automatically configuring username/password login. Consider removing the AuthenticationProvider bean. Alternatively, consider using the UserDetailsService in a manually instantiated DaoAuthenticationProvider. If the current configuration is intentional, to turn off this warning, increase the logging level of 'org.springframework.security.config.annotation.authentication.configuration.InitializeUserDetailsBeanManagerConfigurer' to ERROR
2025-04-12 19:01:24 INFO  o.a.coyote.http11.Http11NioProtocol - Starting ProtocolHandler ["http-nio-8080"]
2025-04-12 19:01:24 INFO  o.s.b.w.e.tomcat.TomcatWebServer - Tomcat started on port 8080 (http) with context path '/'
2025-04-12 19:01:24 INFO  m.d.journalApp.JournalAppApplication - Started JournalAppApplication in 3.103 seconds (process running for 3.831)
2025-04-12 19:01:28 INFO  o.a.c.c.C.[Tomcat].[localhost].[/] - Initializing Spring DispatcherServlet 'dispatcherServlet'
2025-04-12 19:01:28 INFO  o.s.web.servlet.DispatcherServlet - Initializing Servlet 'dispatcherServlet'
2025-04-12 19:01:28 INFO  o.s.web.servlet.DispatcherServlet - Completed initialization in 1 ms
2025-04-12 19:01:44 INFO  o.s.b.w.e.tomcat.GracefulShutdown - Commencing graceful shutdown. Waiting for active requests to complete
2025-04-12 19:01:44 INFO  o.s.b.w.e.tomcat.GracefulShutdown - Graceful shutdown complete
2025-04-12 19:01:48 INFO  o.h.validator.internal.util.Version - HV000001: Hibernate Validator 8.0.2.Final
2025-04-12 19:01:48 INFO  m.d.journalApp.JournalAppApplication - Starting JournalAppApplication using Java 23.0.2 with PID 22173 (/home/malle/Project/journalApp/target/classes started by malle in /home/malle/Project/journalApp)
2025-04-12 19:01:48 INFO  m.d.journalApp.JournalAppApplication - The following 1 profile is active: "dev"
2025-04-12 19:01:48 INFO  o.s.d.r.c.RepositoryConfigurationDelegate - Bootstrapping Spring Data MongoDB repositories in DEFAULT mode.
2025-04-12 19:01:48 INFO  o.s.d.r.c.RepositoryConfigurationDelegate - Finished Spring Data repository scanning in 21 ms. Found 3 MongoDB repository interfaces.
2025-04-12 19:01:49 INFO  o.s.b.w.e.tomcat.TomcatWebServer - Tomcat initialized with port 8080 (http)
2025-04-12 19:01:49 INFO  o.a.coyote.http11.Http11NioProtocol - Initializing ProtocolHandler ["http-nio-8080"]
2025-04-12 19:01:49 INFO  o.a.catalina.core.StandardService - Starting service [Tomcat]
2025-04-12 19:01:49 INFO  o.a.catalina.core.StandardEngine - Starting Servlet engine: [Apache Tomcat/10.1.39]
2025-04-12 19:01:49 INFO  o.a.c.c.C.[Tomcat].[localhost].[/] - Initializing Spring embedded WebApplicationContext
2025-04-12 19:01:49 INFO  o.s.b.w.s.c.ServletWebServerApplicationContext - Root WebApplicationContext: initialization completed in 683 ms
2025-04-12 19:01:49 INFO  org.mongodb.driver.cluster - Adding discovered server ac-kex050i-shard-00-02.6b69sb9.mongodb.net:27017 to client view of cluster
2025-04-12 19:01:49 INFO  org.mongodb.driver.client - MongoClient with metadata {"driver": {"name": "mongo-java-driver|sync|spring-boot", "version": "5.2.1"}, "os": {"type": "Linux", "name": "Linux", "architecture": "amd64", "version": "6.11.0-21-generic"}, "platform": "Java/Oracle Corporation/23.0.2+7-58"} created with settings MongoClientSettings{readPreference=primary, writeConcern=WriteConcern{w=majority, wTimeout=null ms, journal=null}, retryWrites=true, retryReads=true, readConcern=ReadConcern{level=null}, credential=MongoCredential{mechanism=null, userName='dipeshmallapub', source='admin', password=<hidden>, mechanismProperties=<hidden>}, transportSettings=null, commandListeners=[], codecRegistry=ProvidersCodecRegistry{codecProviders=[ValueCodecProvider{}, BsonValueCodecProvider{}, DBRefCodecProvider{}, DBObjectCodecProvider{}, DocumentCodecProvider{}, CollectionCodecProvider{}, IterableCodecProvider{}, MapCodecProvider{}, GeoJsonCodecProvider{}, GridFSFileCodecProvider{}, Jsr310CodecProvider{}, JsonObjectCodecProvider{}, BsonCodecProvider{}, EnumCodecProvider{}, com.mongodb.client.model.mql.ExpressionCodecProvider@7f3c0399, com.mongodb.Jep395RecordCodecProvider@183fc2fa, com.mongodb.KotlinCodecProvider@3a11c0eb]}, loggerSettings=LoggerSettings{maxDocumentLength=1000}, clusterSettings={hosts=[127.0.0.1:27017], srvHost=cluster0.6b69sb9.mongodb.net, srvServiceName=mongodb, mode=MULTIPLE, requiredClusterType=REPLICA_SET, requiredReplicaSetName='atlas-kry611-shard-0', serverSelector='null', clusterListeners='[]', serverSelectionTimeout='30000 ms', localThreshold='15 ms'}, socketSettings=SocketSettings{connectTimeoutMS=10000, readTimeoutMS=0, receiveBufferSize=0, proxySettings=ProxySettings{host=null, port=null, username=null, password=null}}, heartbeatSocketSettings=SocketSettings{connectTimeoutMS=10000, readTimeoutMS=10000, receiveBufferSize=0, proxySettings=ProxySettings{host=null, port=null, username=null, password=null}}, connectionPoolSettings=ConnectionPoolSettings{maxSize=100, minSize=0, maxWaitTimeMS=120000, maxConnectionLifeTimeMS=0, maxConnectionIdleTimeMS=0, maintenanceInitialDelayMS=0, maintenanceFrequencyMS=60000, connectionPoolListeners=[], maxConnecting=2}, serverSettings=ServerSettings{heartbeatFrequencyMS=10000, minHeartbeatFrequencyMS=500, serverMonitoringMode=AUTO, serverListeners='[]', serverMonitorListeners='[]'}, sslSettings=SslSettings{enabled=true, invalidHostNameAllowed=false, context=null}, applicationName='null', compressorList=[], uuidRepresentation=JAVA_LEGACY, serverApi=null, autoEncryptionSettings=null, dnsClient=null, inetAddressResolver=null, contextProvider=null, timeoutMS=null}
2025-04-12 19:01:49 INFO  org.mongodb.driver.cluster - Adding discovered server ac-kex050i-shard-00-00.6b69sb9.mongodb.net:27017 to client view of cluster
2025-04-12 19:01:49 INFO  org.mongodb.driver.cluster - Adding discovered server ac-kex050i-shard-00-01.6b69sb9.mongodb.net:27017 to client view of cluster
2025-04-12 19:01:49 INFO  org.mongodb.driver.cluster - Waiting for server to become available for operation with ID 5. Remaining time: 29996 ms. Selector: WritableServerSelector, topology description: {type=REPLICA_SET, servers=[{address=ac-kex050i-shard-00-00.6b69sb9.mongodb.net:27017, type=UNKNOWN, state=CONNECTING}, {address=ac-kex050i-shard-00-02.6b69sb9.mongodb.net:27017, type=UNKNOWN, state=CONNECTING}, {address=ac-kex050i-shard-00-01.6b69sb9.mongodb.net:27017, type=UNKNOWN, state=CONNECTING}].
2025-04-12 19:01:50 INFO  org.mongodb.driver.cluster - Monitor thread successfully connected to server with description ServerDescription{address=ac-kex050i-shard-00-01.6b69sb9.mongodb.net:27017, type=REPLICA_SET_SECONDARY, cryptd=false, state=CONNECTED, ok=true, minWireVersion=0, maxWireVersion=25, maxDocumentSize=16777216, logicalSessionTimeoutMinutes=30, roundTripTimeNanos=449815632, minRoundTripTimeNanos=0, setName='atlas-kry611-shard-0', canonicalAddress=ac-kex050i-shard-00-01.6b69sb9.mongodb.net:27017, hosts=[ac-kex050i-shard-00-02.6b69sb9.mongodb.net:27017, ac-kex050i-shard-00-01.6b69sb9.mongodb.net:27017, ac-kex050i-shard-00-00.6b69sb9.mongodb.net:27017], passives=[], arbiters=[], primary='ac-kex050i-shard-00-02.6b69sb9.mongodb.net:27017', tagSet=TagSet{[Tag{name='availabilityZone', value='aps1-az3'}, Tag{name='diskState', value='READY'}, Tag{name='nodeType', value='ELECTABLE'}, Tag{name='provider', value='AWS'}, Tag{name='region', value='AP_SOUTH_1'}, Tag{name='workloadType', value='OPERATIONAL'}]}, electionId=null, setVersion=1, topologyVersion=TopologyVersion{processId=67f95a88e18c31e0b3801de8, counter=3}, lastWriteDate=Sat Apr 12 19:01:46 GMT+05:45 2025, lastUpdateTimeNanos=9930510781895}
2025-04-12 19:01:50 INFO  org.mongodb.driver.cluster - Monitor thread successfully connected to server with description ServerDescription{address=ac-kex050i-shard-00-02.6b69sb9.mongodb.net:27017, type=REPLICA_SET_PRIMARY, cryptd=false, state=CONNECTED, ok=true, minWireVersion=0, maxWireVersion=25, maxDocumentSize=16777216, logicalSessionTimeoutMinutes=30, roundTripTimeNanos=913131217, minRoundTripTimeNanos=0, setName='atlas-kry611-shard-0', canonicalAddress=ac-kex050i-shard-00-02.6b69sb9.mongodb.net:27017, hosts=[ac-kex050i-shard-00-02.6b69sb9.mongodb.net:27017, ac-kex050i-shard-00-01.6b69sb9.mongodb.net:27017, ac-kex050i-shard-00-00.6b69sb9.mongodb.net:27017], passives=[], arbiters=[], primary='ac-kex050i-shard-00-02.6b69sb9.mongodb.net:27017', tagSet=TagSet{[Tag{name='availabilityZone', value='aps1-az2'}, Tag{name='diskState', value='READY'}, Tag{name='nodeType', value='ELECTABLE'}, Tag{name='provider', value='AWS'}, Tag{name='region', value='AP_SOUTH_1'}, Tag{name='workloadType', value='OPERATIONAL'}]}, electionId=7fffffff0000000000000009, setVersion=1, topologyVersion=TopologyVersion{processId=67f95943868877c2c3e82ebb, counter=6}, lastWriteDate=Sat Apr 12 19:01:46 GMT+05:45 2025, lastUpdateTimeNanos=9930974094543}
2025-04-12 19:01:50 INFO  org.mongodb.driver.cluster - Discovered replica set primary ac-kex050i-shard-00-02.6b69sb9.mongodb.net:27017 with max election id 7fffffff0000000000000009 and max set version 1
2025-04-12 19:01:51 INFO  org.mongodb.driver.cluster - Monitor thread successfully connected to server with description ServerDescription{address=ac-kex050i-shard-00-00.6b69sb9.mongodb.net:27017, type=REPLICA_SET_SECONDARY, cryptd=false, state=CONNECTED, ok=true, minWireVersion=0, maxWireVersion=25, maxDocumentSize=16777216, logicalSessionTimeoutMinutes=30, roundTripTimeNanos=355644807, minRoundTripTimeNanos=0, setName='atlas-kry611-shard-0', canonicalAddress=ac-kex050i-shard-00-00.6b69sb9.mongodb.net:27017, hosts=[ac-kex050i-shard-00-02.6b69sb9.mongodb.net:27017, ac-kex050i-shard-00-01.6b69sb9.mongodb.net:27017, ac-kex050i-shard-00-00.6b69sb9.mongodb.net:27017], passives=[], arbiters=[], primary='ac-kex050i-shard-00-02.6b69sb9.mongodb.net:27017', tagSet=TagSet{[Tag{name='availabilityZone', value='aps1-az1'}, Tag{name='diskState', value='READY'}, Tag{name='nodeType', value='ELECTABLE'}, Tag{name='provider', value='AWS'}, Tag{name='region', value='AP_SOUTH_1'}, Tag{name='workloadType', value='OPERATIONAL'}]}, electionId=null, setVersion=1, topologyVersion=TopologyVersion{processId=67f957c96e7bebcebef83be4, counter=4}, lastWriteDate=Sat Apr 12 19:01:46 GMT+05:45 2025, lastUpdateTimeNanos=9931176035494}
2025-04-12 19:01:55 INFO  o.s.s.c.a.a.c.InitializeAuthenticationProviderBeanManagerConfigurer$InitializeAuthenticationProviderManagerConfigurer - Global AuthenticationManager configured with AuthenticationProvider bean with name authenticationProvider
2025-04-12 19:01:55 WARN  o.s.s.c.a.a.c.InitializeUserDetailsBeanManagerConfigurer$InitializeUserDetailsManagerConfigurer - Global AuthenticationManager configured with an AuthenticationProvider bean. UserDetailsService beans will not be used by Spring Security for automatically configuring username/password login. Consider removing the AuthenticationProvider bean. Alternatively, consider using the UserDetailsService in a manually instantiated DaoAuthenticationProvider. If the current configuration is intentional, to turn off this warning, increase the logging level of 'org.springframework.security.config.annotation.authentication.configuration.InitializeUserDetailsBeanManagerConfigurer' to ERROR
2025-04-12 19:01:55 INFO  o.a.coyote.http11.Http11NioProtocol - Starting ProtocolHandler ["http-nio-8080"]
2025-04-12 19:01:55 INFO  o.s.b.w.e.tomcat.TomcatWebServer - Tomcat started on port 8080 (http) with context path '/'
2025-04-12 19:01:55 INFO  m.d.journalApp.JournalAppApplication - Started JournalAppApplication in 7.088 seconds (process running for 7.716)
2025-04-12 19:02:01 INFO  o.a.c.c.C.[Tomcat].[localhost].[/] - Initializing Spring DispatcherServlet 'dispatcherServlet'
2025-04-12 19:02:01 INFO  o.s.web.servlet.DispatcherServlet - Initializing Servlet 'dispatcherServlet'
2025-04-12 19:02:01 INFO  o.s.web.servlet.DispatcherServlet - Completed initialization in 1 ms
2025-04-12 19:02:05 INFO  o.s.b.w.e.tomcat.GracefulShutdown - Commencing graceful shutdown. Waiting for active requests to complete
2025-04-12 19:02:05 INFO  o.s.b.w.e.tomcat.GracefulShutdown - Graceful shutdown complete
2025-04-12 19:02:08 INFO  o.h.validator.internal.util.Version - HV000001: Hibernate Validator 8.0.2.Final
2025-04-12 19:02:08 INFO  m.d.journalApp.JournalAppApplication - Starting JournalAppApplication using Java 23.0.2 with PID 22360 (/home/malle/Project/journalApp/target/classes started by malle in /home/malle/Project/journalApp)
2025-04-12 19:02:08 INFO  m.d.journalApp.JournalAppApplication - The following 1 profile is active: "dev"
2025-04-12 19:02:08 INFO  o.s.d.r.c.RepositoryConfigurationDelegate - Bootstrapping Spring Data MongoDB repositories in DEFAULT mode.
2025-04-12 19:02:08 INFO  o.s.d.r.c.RepositoryConfigurationDelegate - Finished Spring Data repository scanning in 24 ms. Found 3 MongoDB repository interfaces.
2025-04-12 19:02:08 INFO  o.s.b.w.e.tomcat.TomcatWebServer - Tomcat initialized with port 8080 (http)
2025-04-12 19:02:08 INFO  o.a.coyote.http11.Http11NioProtocol - Initializing ProtocolHandler ["http-nio-8080"]
2025-04-12 19:02:08 INFO  o.a.catalina.core.StandardService - Starting service [Tomcat]
2025-04-12 19:02:08 INFO  o.a.catalina.core.StandardEngine - Starting Servlet engine: [Apache Tomcat/10.1.39]
2025-04-12 19:02:08 INFO  o.a.c.c.C.[Tomcat].[localhost].[/] - Initializing Spring embedded WebApplicationContext
2025-04-12 19:02:08 INFO  o.s.b.w.s.c.ServletWebServerApplicationContext - Root WebApplicationContext: initialization completed in 766 ms
2025-04-12 19:02:09 INFO  org.mongodb.driver.cluster - Adding discovered server ac-kex050i-shard-00-02.6b69sb9.mongodb.net:27017 to client view of cluster
2025-04-12 19:02:09 INFO  org.mongodb.driver.client - MongoClient with metadata {"driver": {"name": "mongo-java-driver|sync|spring-boot", "version": "5.2.1"}, "os": {"type": "Linux", "name": "Linux", "architecture": "amd64", "version": "6.11.0-21-generic"}, "platform": "Java/Oracle Corporation/23.0.2+7-58"} created with settings MongoClientSettings{readPreference=primary, writeConcern=WriteConcern{w=majority, wTimeout=null ms, journal=null}, retryWrites=true, retryReads=true, readConcern=ReadConcern{level=null}, credential=MongoCredential{mechanism=null, userName='dipeshmallapub', source='admin', password=<hidden>, mechanismProperties=<hidden>}, transportSettings=null, commandListeners=[], codecRegistry=ProvidersCodecRegistry{codecProviders=[ValueCodecProvider{}, BsonValueCodecProvider{}, DBRefCodecProvider{}, DBObjectCodecProvider{}, DocumentCodecProvider{}, CollectionCodecProvider{}, IterableCodecProvider{}, MapCodecProvider{}, GeoJsonCodecProvider{}, GridFSFileCodecProvider{}, Jsr310CodecProvider{}, JsonObjectCodecProvider{}, BsonCodecProvider{}, EnumCodecProvider{}, com.mongodb.client.model.mql.ExpressionCodecProvider@24691c5, com.mongodb.Jep395RecordCodecProvider@7b91d9f, com.mongodb.KotlinCodecProvider@6537ac]}, loggerSettings=LoggerSettings{maxDocumentLength=1000}, clusterSettings={hosts=[127.0.0.1:27017], srvHost=cluster0.6b69sb9.mongodb.net, srvServiceName=mongodb, mode=MULTIPLE, requiredClusterType=REPLICA_SET, requiredReplicaSetName='atlas-kry611-shard-0', serverSelector='null', clusterListeners='[]', serverSelectionTimeout='30000 ms', localThreshold='15 ms'}, socketSettings=SocketSettings{connectTimeoutMS=10000, readTimeoutMS=0, receiveBufferSize=0, proxySettings=ProxySettings{host=null, port=null, username=null, password=null}}, heartbeatSocketSettings=SocketSettings{connectTimeoutMS=10000, readTimeoutMS=10000, receiveBufferSize=0, proxySettings=ProxySettings{host=null, port=null, username=null, password=null}}, connectionPoolSettings=ConnectionPoolSettings{maxSize=100, minSize=0, maxWaitTimeMS=120000, maxConnectionLifeTimeMS=0, maxConnectionIdleTimeMS=0, maintenanceInitialDelayMS=0, maintenanceFrequencyMS=60000, connectionPoolListeners=[], maxConnecting=2}, serverSettings=ServerSettings{heartbeatFrequencyMS=10000, minHeartbeatFrequencyMS=500, serverMonitoringMode=AUTO, serverListeners='[]', serverMonitorListeners='[]'}, sslSettings=SslSettings{enabled=true, invalidHostNameAllowed=false, context=null}, applicationName='null', compressorList=[], uuidRepresentation=JAVA_LEGACY, serverApi=null, autoEncryptionSettings=null, dnsClient=null, inetAddressResolver=null, contextProvider=null, timeoutMS=null}
2025-04-12 19:02:09 INFO  org.mongodb.driver.cluster - Adding discovered server ac-kex050i-shard-00-01.6b69sb9.mongodb.net:27017 to client view of cluster
2025-04-12 19:02:09 INFO  org.mongodb.driver.cluster - Adding discovered server ac-kex050i-shard-00-00.6b69sb9.mongodb.net:27017 to client view of cluster
2025-04-12 19:02:09 INFO  org.mongodb.driver.cluster - Waiting for server to become available for operation with ID 5. Remaining time: 29996 ms. Selector: WritableServerSelector, topology description: {type=REPLICA_SET, servers=[{address=ac-kex050i-shard-00-00.6b69sb9.mongodb.net:27017, type=UNKNOWN, state=CONNECTING}, {address=ac-kex050i-shard-00-02.6b69sb9.mongodb.net:27017, type=UNKNOWN, state=CONNECTING}, {address=ac-kex050i-shard-00-01.6b69sb9.mongodb.net:27017, type=UNKNOWN, state=CONNECTING}].
2025-04-12 19:02:09 INFO  org.mongodb.driver.cluster - Monitor thread successfully connected to server with description ServerDescription{address=ac-kex050i-shard-00-02.6b69sb9.mongodb.net:27017, type=REPLICA_SET_PRIMARY, cryptd=false, state=CONNECTED, ok=true, minWireVersion=0, maxWireVersion=25, maxDocumentSize=16777216, logicalSessionTimeoutMinutes=30, roundTripTimeNanos=302613786, minRoundTripTimeNanos=0, setName='atlas-kry611-shard-0', canonicalAddress=ac-kex050i-shard-00-02.6b69sb9.mongodb.net:27017, hosts=[ac-kex050i-shard-00-02.6b69sb9.mongodb.net:27017, ac-kex050i-shard-00-01.6b69sb9.mongodb.net:27017, ac-kex050i-shard-00-00.6b69sb9.mongodb.net:27017], passives=[], arbiters=[], primary='ac-kex050i-shard-00-02.6b69sb9.mongodb.net:27017', tagSet=TagSet{[Tag{name='availabilityZone', value='aps1-az2'}, Tag{name='diskState', value='READY'}, Tag{name='nodeType', value='ELECTABLE'}, Tag{name='provider', value='AWS'}, Tag{name='region', value='AP_SOUTH_1'}, Tag{name='workloadType', value='OPERATIONAL'}]}, electionId=7fffffff0000000000000009, setVersion=1, topologyVersion=TopologyVersion{processId=67f95943868877c2c3e82ebb, counter=6}, lastWriteDate=Sat Apr 12 19:02:07 GMT+05:45 2025, lastUpdateTimeNanos=9949620997918}
2025-04-12 19:02:09 INFO  org.mongodb.driver.cluster - Monitor thread successfully connected to server with description ServerDescription{address=ac-kex050i-shard-00-00.6b69sb9.mongodb.net:27017, type=REPLICA_SET_SECONDARY, cryptd=false, state=CONNECTED, ok=true, minWireVersion=0, maxWireVersion=25, maxDocumentSize=16777216, logicalSessionTimeoutMinutes=30, roundTripTimeNanos=294330544, minRoundTripTimeNanos=0, setName='atlas-kry611-shard-0', canonicalAddress=ac-kex050i-shard-00-00.6b69sb9.mongodb.net:27017, hosts=[ac-kex050i-shard-00-02.6b69sb9.mongodb.net:27017, ac-kex050i-shard-00-01.6b69sb9.mongodb.net:27017, ac-kex050i-shard-00-00.6b69sb9.mongodb.net:27017], passives=[], arbiters=[], primary='ac-kex050i-shard-00-02.6b69sb9.mongodb.net:27017', tagSet=TagSet{[Tag{name='availabilityZone', value='aps1-az1'}, Tag{name='diskState', value='READY'}, Tag{name='nodeType', value='ELECTABLE'}, Tag{name='provider', value='AWS'}, Tag{name='region', value='AP_SOUTH_1'}, Tag{name='workloadType', value='OPERATIONAL'}]}, electionId=null, setVersion=1, topologyVersion=TopologyVersion{processId=67f957c96e7bebcebef83be4, counter=4}, lastWriteDate=Sat Apr 12 19:02:07 GMT+05:45 2025, lastUpdateTimeNanos=9949620997939}
2025-04-12 19:02:09 INFO  org.mongodb.driver.cluster - Discovered replica set primary ac-kex050i-shard-00-02.6b69sb9.mongodb.net:27017 with max election id 7fffffff0000000000000009 and max set version 1
2025-04-12 19:02:09 INFO  org.mongodb.driver.cluster - Monitor thread successfully connected to server with description ServerDescription{address=ac-kex050i-shard-00-01.6b69sb9.mongodb.net:27017, type=REPLICA_SET_SECONDARY, cryptd=false, state=CONNECTED, ok=true, minWireVersion=0, maxWireVersion=25, maxDocumentSize=16777216, logicalSessionTimeoutMinutes=30, roundTripTimeNanos=260275813, minRoundTripTimeNanos=0, setName='atlas-kry611-shard-0', canonicalAddress=ac-kex050i-shard-00-01.6b69sb9.mongodb.net:27017, hosts=[ac-kex050i-shard-00-02.6b69sb9.mongodb.net:27017, ac-kex050i-shard-00-01.6b69sb9.mongodb.net:27017, ac-kex050i-shard-00-00.6b69sb9.mongodb.net:27017], passives=[], arbiters=[], primary='ac-kex050i-shard-00-02.6b69sb9.mongodb.net:27017', tagSet=TagSet{[Tag{name='availabilityZone', value='aps1-az3'}, Tag{name='diskState', value='READY'}, Tag{name='nodeType', value='ELECTABLE'}, Tag{name='provider', value='AWS'}, Tag{name='region', value='AP_SOUTH_1'}, Tag{name='workloadType', value='OPERATIONAL'}]}, electionId=null, setVersion=1, topologyVersion=TopologyVersion{processId=67f95a88e18c31e0b3801de8, counter=3}, lastWriteDate=Sat Apr 12 19:02:07 GMT+05:45 2025, lastUpdateTimeNanos=9949625724432}
2025-04-12 19:04:16 INFO  o.s.s.c.a.a.c.InitializeAuthenticationProviderBeanManagerConfigurer$InitializeAuthenticationProviderManagerConfigurer - Global AuthenticationManager configured with AuthenticationProvider bean with name authenticationProvider
2025-04-12 19:04:16 WARN  o.s.s.c.a.a.c.InitializeUserDetailsBeanManagerConfigurer$InitializeUserDetailsManagerConfigurer - Global AuthenticationManager configured with an AuthenticationProvider bean. UserDetailsService beans will not be used by Spring Security for automatically configuring username/password login. Consider removing the AuthenticationProvider bean. Alternatively, consider using the UserDetailsService in a manually instantiated DaoAuthenticationProvider. If the current configuration is intentional, to turn off this warning, increase the logging level of 'org.springframework.security.config.annotation.authentication.configuration.InitializeUserDetailsBeanManagerConfigurer' to ERROR
2025-04-12 19:04:16 INFO  o.s.b.w.e.tomcat.TomcatWebServer - Tomcat started on port 8080 (http) with context path '/'
2025-04-12 19:04:16 INFO  m.d.journalApp.JournalAppApplication - Started JournalAppApplication in 128.962 seconds (process running for 130.323)
2025-04-12 19:04:16 INFO  o.s.b.w.e.tomcat.GracefulShutdown - Commencing graceful shutdown. Waiting for active requests to complete
2025-04-12 19:04:16 INFO  o.s.b.w.e.tomcat.GracefulShutdown - Graceful shutdown complete
2025-04-12 19:04:19 INFO  o.h.validator.internal.util.Version - HV000001: Hibernate Validator 8.0.2.Final
2025-04-12 19:04:19 INFO  m.d.journalApp.JournalAppApplication - Starting JournalAppApplication using Java 23.0.2 with PID 22682 (/home/malle/Project/journalApp/target/classes started by malle in /home/malle/Project/journalApp)
2025-04-12 19:04:19 INFO  m.d.journalApp.JournalAppApplication - The following 1 profile is active: "dev"
2025-04-12 19:04:19 INFO  o.s.d.r.c.RepositoryConfigurationDelegate - Bootstrapping Spring Data MongoDB repositories in DEFAULT mode.
2025-04-12 19:04:19 INFO  o.s.d.r.c.RepositoryConfigurationDelegate - Finished Spring Data repository scanning in 26 ms. Found 3 MongoDB repository interfaces.
2025-04-12 19:04:19 INFO  o.s.b.w.e.tomcat.TomcatWebServer - Tomcat initialized with port 8080 (http)
2025-04-12 19:04:19 INFO  o.a.coyote.http11.Http11NioProtocol - Initializing ProtocolHandler ["http-nio-8080"]
2025-04-12 19:04:19 INFO  o.a.catalina.core.StandardService - Starting service [Tomcat]
2025-04-12 19:04:19 INFO  o.a.catalina.core.StandardEngine - Starting Servlet engine: [Apache Tomcat/10.1.39]
2025-04-12 19:04:19 INFO  o.a.c.c.C.[Tomcat].[localhost].[/] - Initializing Spring embedded WebApplicationContext
2025-04-12 19:04:19 INFO  o.s.b.w.s.c.ServletWebServerApplicationContext - Root WebApplicationContext: initialization completed in 799 ms
2025-04-12 19:04:20 INFO  org.mongodb.driver.client - MongoClient with metadata {"driver": {"name": "mongo-java-driver|sync|spring-boot", "version": "5.2.1"}, "os": {"type": "Linux", "name": "Linux", "architecture": "amd64", "version": "6.11.0-21-generic"}, "platform": "Java/Oracle Corporation/23.0.2+7-58"} created with settings MongoClientSettings{readPreference=primary, writeConcern=WriteConcern{w=majority, wTimeout=null ms, journal=null}, retryWrites=true, retryReads=true, readConcern=ReadConcern{level=null}, credential=MongoCredential{mechanism=null, userName='dipeshmallapub', source='admin', password=<hidden>, mechanismProperties=<hidden>}, transportSettings=null, commandListeners=[], codecRegistry=ProvidersCodecRegistry{codecProviders=[ValueCodecProvider{}, BsonValueCodecProvider{}, DBRefCodecProvider{}, DBObjectCodecProvider{}, DocumentCodecProvider{}, CollectionCodecProvider{}, IterableCodecProvider{}, MapCodecProvider{}, GeoJsonCodecProvider{}, GridFSFileCodecProvider{}, Jsr310CodecProvider{}, JsonObjectCodecProvider{}, BsonCodecProvider{}, EnumCodecProvider{}, com.mongodb.client.model.mql.ExpressionCodecProvider@57c69937, com.mongodb.Jep395RecordCodecProvider@1ad1c363, com.mongodb.KotlinCodecProvider@446b64b3]}, loggerSettings=LoggerSettings{maxDocumentLength=1000}, clusterSettings={hosts=[127.0.0.1:27017], srvHost=cluster0.6b69sb9.mongodb.net, srvServiceName=mongodb, mode=MULTIPLE, requiredClusterType=REPLICA_SET, requiredReplicaSetName='atlas-kry611-shard-0', serverSelector='null', clusterListeners='[]', serverSelectionTimeout='30000 ms', localThreshold='15 ms'}, socketSettings=SocketSettings{connectTimeoutMS=10000, readTimeoutMS=0, receiveBufferSize=0, proxySettings=ProxySettings{host=null, port=null, username=null, password=null}}, heartbeatSocketSettings=SocketSettings{connectTimeoutMS=10000, readTimeoutMS=10000, receiveBufferSize=0, proxySettings=ProxySettings{host=null, port=null, username=null, password=null}}, connectionPoolSettings=ConnectionPoolSettings{maxSize=100, minSize=0, maxWaitTimeMS=120000, maxConnectionLifeTimeMS=0, maxConnectionIdleTimeMS=0, maintenanceInitialDelayMS=0, maintenanceFrequencyMS=60000, connectionPoolListeners=[], maxConnecting=2}, serverSettings=ServerSettings{heartbeatFrequencyMS=10000, minHeartbeatFrequencyMS=500, serverMonitoringMode=AUTO, serverListeners='[]', serverMonitorListeners='[]'}, sslSettings=SslSettings{enabled=true, invalidHostNameAllowed=false, context=null}, applicationName='null', compressorList=[], uuidRepresentation=JAVA_LEGACY, serverApi=null, autoEncryptionSettings=null, dnsClient=null, inetAddressResolver=null, contextProvider=null, timeoutMS=null}
2025-04-12 19:04:20 INFO  org.mongodb.driver.cluster - Adding discovered server ac-kex050i-shard-00-02.6b69sb9.mongodb.net:27017 to client view of cluster
2025-04-12 19:04:20 INFO  org.mongodb.driver.cluster - Adding discovered server ac-kex050i-shard-00-00.6b69sb9.mongodb.net:27017 to client view of cluster
2025-04-12 19:04:20 INFO  org.mongodb.driver.cluster - Adding discovered server ac-kex050i-shard-00-01.6b69sb9.mongodb.net:27017 to client view of cluster
2025-04-12 19:04:20 INFO  org.mongodb.driver.cluster - Waiting for server to become available for operation with ID 5. Remaining time: 29991 ms. Selector: WritableServerSelector, topology description: {type=REPLICA_SET, servers=[{address=ac-kex050i-shard-00-00.6b69sb9.mongodb.net:27017, type=UNKNOWN, state=CONNECTING}, {address=ac-kex050i-shard-00-02.6b69sb9.mongodb.net:27017, type=UNKNOWN, state=CONNECTING}, {address=ac-kex050i-shard-00-01.6b69sb9.mongodb.net:27017, type=UNKNOWN, state=CONNECTING}].
2025-04-12 19:04:21 INFO  org.mongodb.driver.cluster - Monitor thread successfully connected to server with description ServerDescription{address=ac-kex050i-shard-00-01.6b69sb9.mongodb.net:27017, type=REPLICA_SET_SECONDARY, cryptd=false, state=CONNECTED, ok=true, minWireVersion=0, maxWireVersion=25, maxDocumentSize=16777216, logicalSessionTimeoutMinutes=30, roundTripTimeNanos=334140546, minRoundTripTimeNanos=0, setName='atlas-kry611-shard-0', canonicalAddress=ac-kex050i-shard-00-01.6b69sb9.mongodb.net:27017, hosts=[ac-kex050i-shard-00-02.6b69sb9.mongodb.net:27017, ac-kex050i-shard-00-01.6b69sb9.mongodb.net:27017, ac-kex050i-shard-00-00.6b69sb9.mongodb.net:27017], passives=[], arbiters=[], primary='ac-kex050i-shard-00-02.6b69sb9.mongodb.net:27017', tagSet=TagSet{[Tag{name='availabilityZone', value='aps1-az3'}, Tag{name='diskState', value='READY'}, Tag{name='nodeType', value='ELECTABLE'}, Tag{name='provider', value='AWS'}, Tag{name='region', value='AP_SOUTH_1'}, Tag{name='workloadType', value='OPERATIONAL'}]}, electionId=null, setVersion=1, topologyVersion=TopologyVersion{processId=67f95a88e18c31e0b3801de8, counter=3}, lastWriteDate=Sat Apr 12 19:04:20 GMT+05:45 2025, lastUpdateTimeNanos=10081012701412}
2025-04-12 19:04:21 INFO  org.mongodb.driver.cluster - Monitor thread successfully connected to server with description ServerDescription{address=ac-kex050i-shard-00-02.6b69sb9.mongodb.net:27017, type=REPLICA_SET_PRIMARY, cryptd=false, state=CONNECTED, ok=true, minWireVersion=0, maxWireVersion=25, maxDocumentSize=16777216, logicalSessionTimeoutMinutes=30, roundTripTimeNanos=336656012, minRoundTripTimeNanos=0, setName='atlas-kry611-shard-0', canonicalAddress=ac-kex050i-shard-00-02.6b69sb9.mongodb.net:27017, hosts=[ac-kex050i-shard-00-02.6b69sb9.mongodb.net:27017, ac-kex050i-shard-00-01.6b69sb9.mongodb.net:27017, ac-kex050i-shard-00-00.6b69sb9.mongodb.net:27017], passives=[], arbiters=[], primary='ac-kex050i-shard-00-02.6b69sb9.mongodb.net:27017', tagSet=TagSet{[Tag{name='availabilityZone', value='aps1-az2'}, Tag{name='diskState', value='READY'}, Tag{name='nodeType', value='ELECTABLE'}, Tag{name='provider', value='AWS'}, Tag{name='region', value='AP_SOUTH_1'}, Tag{name='workloadType', value='OPERATIONAL'}]}, electionId=7fffffff0000000000000009, setVersion=1, topologyVersion=TopologyVersion{processId=67f95943868877c2c3e82ebb, counter=6}, lastWriteDate=Sat Apr 12 19:04:20 GMT+05:45 2025, lastUpdateTimeNanos=10081012701484}
2025-04-12 19:04:21 INFO  org.mongodb.driver.cluster - Discovered replica set primary ac-kex050i-shard-00-02.6b69sb9.mongodb.net:27017 with max election id 7fffffff0000000000000009 and max set version 1
2025-04-12 19:04:32 INFO  org.mongodb.driver.cluster - Monitor thread successfully connected to server with description ServerDescription{address=ac-kex050i-shard-00-00.6b69sb9.mongodb.net:27017, type=REPLICA_SET_SECONDARY, cryptd=false, state=CONNECTED, ok=true, minWireVersion=0, maxWireVersion=25, maxDocumentSize=16777216, logicalSessionTimeoutMinutes=30, roundTripTimeNanos=152958270, minRoundTripTimeNanos=0, setName='atlas-kry611-shard-0', canonicalAddress=ac-kex050i-shard-00-00.6b69sb9.mongodb.net:27017, hosts=[ac-kex050i-shard-00-02.6b69sb9.mongodb.net:27017, ac-kex050i-shard-00-01.6b69sb9.mongodb.net:27017, ac-kex050i-shard-00-00.6b69sb9.mongodb.net:27017], passives=[], arbiters=[], primary='ac-kex050i-shard-00-02.6b69sb9.mongodb.net:27017', tagSet=TagSet{[Tag{name='availabilityZone', value='aps1-az1'}, Tag{name='diskState', value='READY'}, Tag{name='nodeType', value='ELECTABLE'}, Tag{name='provider', value='AWS'}, Tag{name='region', value='AP_SOUTH_1'}, Tag{name='workloadType', value='OPERATIONAL'}]}, electionId=null, setVersion=1, topologyVersion=TopologyVersion{processId=67f957c96e7bebcebef83be4, counter=4}, lastWriteDate=Sat Apr 12 19:04:31 GMT+05:45 2025, lastUpdateTimeNanos=10092735411162}
2025-04-12 19:05:00 INFO  o.s.s.c.a.a.c.InitializeAuthenticationProviderBeanManagerConfigurer$InitializeAuthenticationProviderManagerConfigurer - Global AuthenticationManager configured with AuthenticationProvider bean with name authenticationProvider
2025-04-12 19:05:00 WARN  o.s.s.c.a.a.c.InitializeUserDetailsBeanManagerConfigurer$InitializeUserDetailsManagerConfigurer - Global AuthenticationManager configured with an AuthenticationProvider bean. UserDetailsService beans will not be used by Spring Security for automatically configuring username/password login. Consider removing the AuthenticationProvider bean. Alternatively, consider using the UserDetailsService in a manually instantiated DaoAuthenticationProvider. If the current configuration is intentional, to turn off this warning, increase the logging level of 'org.springframework.security.config.annotation.authentication.configuration.InitializeUserDetailsBeanManagerConfigurer' to ERROR
2025-04-12 19:05:00 INFO  o.a.coyote.http11.Http11NioProtocol - Starting ProtocolHandler ["http-nio-8080"]
2025-04-12 19:05:00 INFO  o.s.b.w.e.tomcat.TomcatWebServer - Tomcat started on port 8080 (http) with context path '/'
2025-04-12 19:05:00 INFO  m.d.journalApp.JournalAppApplication - Started JournalAppApplication in 41.807 seconds (process running for 42.89)
2025-04-12 19:05:02 INFO  o.s.b.w.e.tomcat.GracefulShutdown - Commencing graceful shutdown. Waiting for active requests to complete
2025-04-12 19:05:02 INFO  o.s.b.w.e.tomcat.GracefulShutdown - Graceful shutdown complete
2025-04-12 19:05:06 INFO  o.h.validator.internal.util.Version - HV000001: Hibernate Validator 8.0.2.Final
2025-04-12 19:05:06 INFO  m.d.journalApp.JournalAppApplication - Starting JournalAppApplication using Java 23.0.2 with PID 22904 (/home/malle/Project/journalApp/target/classes started by malle in /home/malle/Project/journalApp)
2025-04-12 19:05:06 INFO  m.d.journalApp.JournalAppApplication - The following 1 profile is active: "dev"
2025-04-12 19:05:06 INFO  o.s.d.r.c.RepositoryConfigurationDelegate - Bootstrapping Spring Data MongoDB repositories in DEFAULT mode.
2025-04-12 19:05:06 INFO  o.s.d.r.c.RepositoryConfigurationDelegate - Finished Spring Data repository scanning in 23 ms. Found 3 MongoDB repository interfaces.
2025-04-12 19:05:07 INFO  o.s.b.w.e.tomcat.TomcatWebServer - Tomcat initialized with port 8080 (http)
2025-04-12 19:05:07 INFO  o.a.coyote.http11.Http11NioProtocol - Initializing ProtocolHandler ["http-nio-8080"]
2025-04-12 19:05:07 INFO  o.a.catalina.core.StandardService - Starting service [Tomcat]
2025-04-12 19:05:07 INFO  o.a.catalina.core.StandardEngine - Starting Servlet engine: [Apache Tomcat/10.1.39]
2025-04-12 19:05:07 INFO  o.a.c.c.C.[Tomcat].[localhost].[/] - Initializing Spring embedded WebApplicationContext
2025-04-12 19:05:07 INFO  o.s.b.w.s.c.ServletWebServerApplicationContext - Root WebApplicationContext: initialization completed in 722 ms
2025-04-12 19:05:07 INFO  org.mongodb.driver.client - MongoClient with metadata {"driver": {"name": "mongo-java-driver|sync|spring-boot", "version": "5.2.1"}, "os": {"type": "Linux", "name": "Linux", "architecture": "amd64", "version": "6.11.0-21-generic"}, "platform": "Java/Oracle Corporation/23.0.2+7-58"} created with settings MongoClientSettings{readPreference=primary, writeConcern=WriteConcern{w=majority, wTimeout=null ms, journal=null}, retryWrites=true, retryReads=true, readConcern=ReadConcern{level=null}, credential=MongoCredential{mechanism=null, userName='dipeshmallapub', source='admin', password=<hidden>, mechanismProperties=<hidden>}, transportSettings=null, commandListeners=[], codecRegistry=ProvidersCodecRegistry{codecProviders=[ValueCodecProvider{}, BsonValueCodecProvider{}, DBRefCodecProvider{}, DBObjectCodecProvider{}, DocumentCodecProvider{}, CollectionCodecProvider{}, IterableCodecProvider{}, MapCodecProvider{}, GeoJsonCodecProvider{}, GridFSFileCodecProvider{}, Jsr310CodecProvider{}, JsonObjectCodecProvider{}, BsonCodecProvider{}, EnumCodecProvider{}, com.mongodb.client.model.mql.ExpressionCodecProvider@e62319f, com.mongodb.Jep395RecordCodecProvider@4d354a3e, com.mongodb.KotlinCodecProvider@24a0c58b]}, loggerSettings=LoggerSettings{maxDocumentLength=1000}, clusterSettings={hosts=[127.0.0.1:27017], srvHost=cluster0.6b69sb9.mongodb.net, srvServiceName=mongodb, mode=MULTIPLE, requiredClusterType=REPLICA_SET, requiredReplicaSetName='atlas-kry611-shard-0', serverSelector='null', clusterListeners='[]', serverSelectionTimeout='30000 ms', localThreshold='15 ms'}, socketSettings=SocketSettings{connectTimeoutMS=10000, readTimeoutMS=0, receiveBufferSize=0, proxySettings=ProxySettings{host=null, port=null, username=null, password=null}}, heartbeatSocketSettings=SocketSettings{connectTimeoutMS=10000, readTimeoutMS=10000, receiveBufferSize=0, proxySettings=ProxySettings{host=null, port=null, username=null, password=null}}, connectionPoolSettings=ConnectionPoolSettings{maxSize=100, minSize=0, maxWaitTimeMS=120000, maxConnectionLifeTimeMS=0, maxConnectionIdleTimeMS=0, maintenanceInitialDelayMS=0, maintenanceFrequencyMS=60000, connectionPoolListeners=[], maxConnecting=2}, serverSettings=ServerSettings{heartbeatFrequencyMS=10000, minHeartbeatFrequencyMS=500, serverMonitoringMode=AUTO, serverListeners='[]', serverMonitorListeners='[]'}, sslSettings=SslSettings{enabled=true, invalidHostNameAllowed=false, context=null}, applicationName='null', compressorList=[], uuidRepresentation=JAVA_LEGACY, serverApi=null, autoEncryptionSettings=null, dnsClient=null, inetAddressResolver=null, contextProvider=null, timeoutMS=null}
2025-04-12 19:05:07 INFO  org.mongodb.driver.cluster - Waiting for server to become available for operation with ID 2. Remaining time: 29996 ms. Selector: WritableServerSelector, topology description: {type=UNKNOWN, servers=[].
2025-04-12 19:05:08 INFO  org.mongodb.driver.cluster - Adding discovered server ac-kex050i-shard-00-02.6b69sb9.mongodb.net:27017 to client view of cluster
2025-04-12 19:05:08 INFO  org.mongodb.driver.cluster - Adding discovered server ac-kex050i-shard-00-00.6b69sb9.mongodb.net:27017 to client view of cluster
2025-04-12 19:05:08 INFO  org.mongodb.driver.cluster - Adding discovered server ac-kex050i-shard-00-01.6b69sb9.mongodb.net:27017 to client view of cluster
2025-04-12 19:05:10 INFO  org.mongodb.driver.cluster - Monitor thread successfully connected to server with description ServerDescription{address=ac-kex050i-shard-00-01.6b69sb9.mongodb.net:27017, type=REPLICA_SET_SECONDARY, cryptd=false, state=CONNECTED, ok=true, minWireVersion=0, maxWireVersion=25, maxDocumentSize=16777216, logicalSessionTimeoutMinutes=30, roundTripTimeNanos=1211194868, minRoundTripTimeNanos=0, setName='atlas-kry611-shard-0', canonicalAddress=ac-kex050i-shard-00-01.6b69sb9.mongodb.net:27017, hosts=[ac-kex050i-shard-00-02.6b69sb9.mongodb.net:27017, ac-kex050i-shard-00-01.6b69sb9.mongodb.net:27017, ac-kex050i-shard-00-00.6b69sb9.mongodb.net:27017], passives=[], arbiters=[], primary='ac-kex050i-shard-00-02.6b69sb9.mongodb.net:27017', tagSet=TagSet{[Tag{name='availabilityZone', value='aps1-az3'}, Tag{name='diskState', value='READY'}, Tag{name='nodeType', value='ELECTABLE'}, Tag{name='provider', value='AWS'}, Tag{name='region', value='AP_SOUTH_1'}, Tag{name='workloadType', value='OPERATIONAL'}]}, electionId=null, setVersion=1, topologyVersion=TopologyVersion{processId=67f95a88e18c31e0b3801de8, counter=3}, lastWriteDate=Sat Apr 12 19:04:51 GMT+05:45 2025, lastUpdateTimeNanos=10130777057371}
2025-04-12 19:05:10 INFO  org.mongodb.driver.cluster - Monitor thread successfully connected to server with description ServerDescription{address=ac-kex050i-shard-00-00.6b69sb9.mongodb.net:27017, type=REPLICA_SET_SECONDARY, cryptd=false, state=CONNECTED, ok=true, minWireVersion=0, maxWireVersion=25, maxDocumentSize=16777216, logicalSessionTimeoutMinutes=30, roundTripTimeNanos=1208855324, minRoundTripTimeNanos=0, setName='atlas-kry611-shard-0', canonicalAddress=ac-kex050i-shard-00-00.6b69sb9.mongodb.net:27017, hosts=[ac-kex050i-shard-00-02.6b69sb9.mongodb.net:27017, ac-kex050i-shard-00-01.6b69sb9.mongodb.net:27017, ac-kex050i-shard-00-00.6b69sb9.mongodb.net:27017], passives=[], arbiters=[], primary='ac-kex050i-shard-00-02.6b69sb9.mongodb.net:27017', tagSet=TagSet{[Tag{name='availabilityZone', value='aps1-az1'}, Tag{name='diskState', value='READY'}, Tag{name='nodeType', value='ELECTABLE'}, Tag{name='provider', value='AWS'}, Tag{name='region', value='AP_SOUTH_1'}, Tag{name='workloadType', value='OPERATIONAL'}]}, electionId=null, setVersion=1, topologyVersion=TopologyVersion{processId=67f957c96e7bebcebef83be4, counter=4}, lastWriteDate=Sat Apr 12 19:04:51 GMT+05:45 2025, lastUpdateTimeNanos=10130777057410}
2025-04-12 19:05:10 INFO  org.mongodb.driver.cluster - Monitor thread successfully connected to server with description ServerDescription{address=ac-kex050i-shard-00-02.6b69sb9.mongodb.net:27017, type=REPLICA_SET_PRIMARY, cryptd=false, state=CONNECTED, ok=true, minWireVersion=0, maxWireVersion=25, maxDocumentSize=16777216, logicalSessionTimeoutMinutes=30, roundTripTimeNanos=1203376334, minRoundTripTimeNanos=0, setName='atlas-kry611-shard-0', canonicalAddress=ac-kex050i-shard-00-02.6b69sb9.mongodb.net:27017, hosts=[ac-kex050i-shard-00-02.6b69sb9.mongodb.net:27017, ac-kex050i-shard-00-01.6b69sb9.mongodb.net:27017, ac-kex050i-shard-00-00.6b69sb9.mongodb.net:27017], passives=[], arbiters=[], primary='ac-kex050i-shard-00-02.6b69sb9.mongodb.net:27017', tagSet=TagSet{[Tag{name='availabilityZone', value='aps1-az2'}, Tag{name='diskState', value='READY'}, Tag{name='nodeType', value='ELECTABLE'}, Tag{name='provider', value='AWS'}, Tag{name='region', value='AP_SOUTH_1'}, Tag{name='workloadType', value='OPERATIONAL'}]}, electionId=7fffffff0000000000000009, setVersion=1, topologyVersion=TopologyVersion{processId=67f95943868877c2c3e82ebb, counter=6}, lastWriteDate=Sat Apr 12 19:04:51 GMT+05:45 2025, lastUpdateTimeNanos=10130777057448}
2025-04-12 19:05:10 INFO  org.mongodb.driver.cluster - Discovered replica set primary ac-kex050i-shard-00-02.6b69sb9.mongodb.net:27017 with max election id 7fffffff0000000000000009 and max set version 1
2025-04-12 19:05:11 INFO  o.s.s.c.a.a.c.InitializeAuthenticationProviderBeanManagerConfigurer$InitializeAuthenticationProviderManagerConfigurer - Global AuthenticationManager configured with AuthenticationProvider bean with name authenticationProvider
2025-04-12 19:05:11 WARN  o.s.s.c.a.a.c.InitializeUserDetailsBeanManagerConfigurer$InitializeUserDetailsManagerConfigurer - Global AuthenticationManager configured with an AuthenticationProvider bean. UserDetailsService beans will not be used by Spring Security for automatically configuring username/password login. Consider removing the AuthenticationProvider bean. Alternatively, consider using the UserDetailsService in a manually instantiated DaoAuthenticationProvider. If the current configuration is intentional, to turn off this warning, increase the logging level of 'org.springframework.security.config.annotation.authentication.configuration.InitializeUserDetailsBeanManagerConfigurer' to ERROR
2025-04-12 19:05:11 INFO  o.a.coyote.http11.Http11NioProtocol - Starting ProtocolHandler ["http-nio-8080"]
2025-04-12 19:05:11 INFO  o.s.b.w.e.tomcat.TomcatWebServer - Tomcat started on port 8080 (http) with context path '/'
2025-04-12 19:05:11 INFO  m.d.journalApp.JournalAppApplication - Started JournalAppApplication in 5.777 seconds (process running for 6.494)
2025-04-12 19:05:14 INFO  o.a.c.c.C.[Tomcat].[localhost].[/] - Initializing Spring DispatcherServlet 'dispatcherServlet'
2025-04-12 19:05:14 INFO  o.s.web.servlet.DispatcherServlet - Initializing Servlet 'dispatcherServlet'
2025-04-12 19:05:14 INFO  o.s.web.servlet.DispatcherServlet - Completed initialization in 1 ms
2025-04-12 19:05:22 INFO  o.s.b.w.e.tomcat.GracefulShutdown - Commencing graceful shutdown. Waiting for active requests to complete
2025-04-12 19:05:22 INFO  o.s.b.w.e.tomcat.GracefulShutdown - Graceful shutdown complete
2025-04-12 19:05:25 INFO  o.h.validator.internal.util.Version - HV000001: Hibernate Validator 8.0.2.Final
2025-04-12 19:05:25 INFO  m.d.journalApp.JournalAppApplication - Starting JournalAppApplication using Java 23.0.2 with PID 23067 (/home/malle/Project/journalApp/target/classes started by malle in /home/malle/Project/journalApp)
2025-04-12 19:05:25 INFO  m.d.journalApp.JournalAppApplication - The following 1 profile is active: "dev"
2025-04-12 19:05:25 INFO  o.s.d.r.c.RepositoryConfigurationDelegate - Bootstrapping Spring Data MongoDB repositories in DEFAULT mode.
2025-04-12 19:05:25 INFO  o.s.d.r.c.RepositoryConfigurationDelegate - Finished Spring Data repository scanning in 26 ms. Found 3 MongoDB repository interfaces.
2025-04-12 19:05:26 INFO  o.s.b.w.e.tomcat.TomcatWebServer - Tomcat initialized with port 8080 (http)
2025-04-12 19:05:26 INFO  o.a.coyote.http11.Http11NioProtocol - Initializing ProtocolHandler ["http-nio-8080"]
2025-04-12 19:05:26 INFO  o.a.catalina.core.StandardService - Starting service [Tomcat]
2025-04-12 19:05:26 INFO  o.a.catalina.core.StandardEngine - Starting Servlet engine: [Apache Tomcat/10.1.39]
2025-04-12 19:05:26 INFO  o.a.c.c.C.[Tomcat].[localhost].[/] - Initializing Spring embedded WebApplicationContext
2025-04-12 19:05:26 INFO  o.s.b.w.s.c.ServletWebServerApplicationContext - Root WebApplicationContext: initialization completed in 829 ms
2025-04-12 19:05:26 INFO  org.mongodb.driver.client - MongoClient with metadata {"driver": {"name": "mongo-java-driver|sync|spring-boot", "version": "5.2.1"}, "os": {"type": "Linux", "name": "Linux", "architecture": "amd64", "version": "6.11.0-21-generic"}, "platform": "Java/Oracle Corporation/23.0.2+7-58"} created with settings MongoClientSettings{readPreference=primary, writeConcern=WriteConcern{w=majority, wTimeout=null ms, journal=null}, retryWrites=true, retryReads=true, readConcern=ReadConcern{level=null}, credential=MongoCredential{mechanism=null, userName='dipeshmallapub', source='admin', password=<hidden>, mechanismProperties=<hidden>}, transportSettings=null, commandListeners=[], codecRegistry=ProvidersCodecRegistry{codecProviders=[ValueCodecProvider{}, BsonValueCodecProvider{}, DBRefCodecProvider{}, DBObjectCodecProvider{}, DocumentCodecProvider{}, CollectionCodecProvider{}, IterableCodecProvider{}, MapCodecProvider{}, GeoJsonCodecProvider{}, GridFSFileCodecProvider{}, Jsr310CodecProvider{}, JsonObjectCodecProvider{}, BsonCodecProvider{}, EnumCodecProvider{}, com.mongodb.client.model.mql.ExpressionCodecProvider@615b5480, com.mongodb.Jep395RecordCodecProvider@24691c5, com.mongodb.KotlinCodecProvider@7b91d9f]}, loggerSettings=LoggerSettings{maxDocumentLength=1000}, clusterSettings={hosts=[127.0.0.1:27017], srvHost=cluster0.6b69sb9.mongodb.net, srvServiceName=mongodb, mode=MULTIPLE, requiredClusterType=REPLICA_SET, requiredReplicaSetName='atlas-kry611-shard-0', serverSelector='null', clusterListeners='[]', serverSelectionTimeout='30000 ms', localThreshold='15 ms'}, socketSettings=SocketSettings{connectTimeoutMS=10000, readTimeoutMS=0, receiveBufferSize=0, proxySettings=ProxySettings{host=null, port=null, username=null, password=null}}, heartbeatSocketSettings=SocketSettings{connectTimeoutMS=10000, readTimeoutMS=10000, receiveBufferSize=0, proxySettings=ProxySettings{host=null, port=null, username=null, password=null}}, connectionPoolSettings=ConnectionPoolSettings{maxSize=100, minSize=0, maxWaitTimeMS=120000, maxConnectionLifeTimeMS=0, maxConnectionIdleTimeMS=0, maintenanceInitialDelayMS=0, maintenanceFrequencyMS=60000, connectionPoolListeners=[], maxConnecting=2}, serverSettings=ServerSettings{heartbeatFrequencyMS=10000, minHeartbeatFrequencyMS=500, serverMonitoringMode=AUTO, serverListeners='[]', serverMonitorListeners='[]'}, sslSettings=SslSettings{enabled=true, invalidHostNameAllowed=false, context=null}, applicationName='null', compressorList=[], uuidRepresentation=JAVA_LEGACY, serverApi=null, autoEncryptionSettings=null, dnsClient=null, inetAddressResolver=null, contextProvider=null, timeoutMS=null}
2025-04-12 19:05:26 INFO  org.mongodb.driver.cluster - Adding discovered server ac-kex050i-shard-00-02.6b69sb9.mongodb.net:27017 to client view of cluster
2025-04-12 19:05:26 INFO  org.mongodb.driver.cluster - Adding discovered server ac-kex050i-shard-00-01.6b69sb9.mongodb.net:27017 to client view of cluster
2025-04-12 19:05:26 INFO  org.mongodb.driver.cluster - Adding discovered server ac-kex050i-shard-00-00.6b69sb9.mongodb.net:27017 to client view of cluster
2025-04-12 19:05:26 INFO  org.mongodb.driver.cluster - Waiting for server to become available for operation with ID 5. Remaining time: 29993 ms. Selector: WritableServerSelector, topology description: {type=REPLICA_SET, servers=[{address=ac-kex050i-shard-00-00.6b69sb9.mongodb.net:27017, type=UNKNOWN, state=CONNECTING}, {address=ac-kex050i-shard-00-02.6b69sb9.mongodb.net:27017, type=UNKNOWN, state=CONNECTING}, {address=ac-kex050i-shard-00-01.6b69sb9.mongodb.net:27017, type=UNKNOWN, state=CONNECTING}].
2025-04-12 19:05:27 INFO  org.mongodb.driver.cluster - Monitor thread successfully connected to server with description ServerDescription{address=ac-kex050i-shard-00-02.6b69sb9.mongodb.net:27017, type=REPLICA_SET_PRIMARY, cryptd=false, state=CONNECTED, ok=true, minWireVersion=0, maxWireVersion=25, maxDocumentSize=16777216, logicalSessionTimeoutMinutes=30, roundTripTimeNanos=289895985, minRoundTripTimeNanos=0, setName='atlas-kry611-shard-0', canonicalAddress=ac-kex050i-shard-00-02.6b69sb9.mongodb.net:27017, hosts=[ac-kex050i-shard-00-02.6b69sb9.mongodb.net:27017, ac-kex050i-shard-00-01.6b69sb9.mongodb.net:27017, ac-kex050i-shard-00-00.6b69sb9.mongodb.net:27017], passives=[], arbiters=[], primary='ac-kex050i-shard-00-02.6b69sb9.mongodb.net:27017', tagSet=TagSet{[Tag{name='availabilityZone', value='aps1-az2'}, Tag{name='diskState', value='READY'}, Tag{name='nodeType', value='ELECTABLE'}, Tag{name='provider', value='AWS'}, Tag{name='region', value='AP_SOUTH_1'}, Tag{name='workloadType', value='OPERATIONAL'}]}, electionId=7fffffff0000000000000009, setVersion=1, topologyVersion=TopologyVersion{processId=67f95943868877c2c3e82ebb, counter=6}, lastWriteDate=Sat Apr 12 19:05:21 GMT+05:45 2025, lastUpdateTimeNanos=10147360260360}
2025-04-12 19:05:27 INFO  org.mongodb.driver.cluster - Monitor thread successfully connected to server with description ServerDescription{address=ac-kex050i-shard-00-01.6b69sb9.mongodb.net:27017, type=REPLICA_SET_SECONDARY, cryptd=false, state=CONNECTED, ok=true, minWireVersion=0, maxWireVersion=25, maxDocumentSize=16777216, logicalSessionTimeoutMinutes=30, roundTripTimeNanos=289882506, minRoundTripTimeNanos=0, setName='atlas-kry611-shard-0', canonicalAddress=ac-kex050i-shard-00-01.6b69sb9.mongodb.net:27017, hosts=[ac-kex050i-shard-00-02.6b69sb9.mongodb.net:27017, ac-kex050i-shard-00-01.6b69sb9.mongodb.net:27017, ac-kex050i-shard-00-00.6b69sb9.mongodb.net:27017], passives=[], arbiters=[], primary='ac-kex050i-shard-00-02.6b69sb9.mongodb.net:27017', tagSet=TagSet{[Tag{name='availabilityZone', value='aps1-az3'}, Tag{name='diskState', value='READY'}, Tag{name='nodeType', value='ELECTABLE'}, Tag{name='provider', value='AWS'}, Tag{name='region', value='AP_SOUTH_1'}, Tag{name='workloadType', value='OPERATIONAL'}]}, electionId=null, setVersion=1, topologyVersion=TopologyVersion{processId=67f95a88e18c31e0b3801de8, counter=3}, lastWriteDate=Sat Apr 12 19:05:21 GMT+05:45 2025, lastUpdateTimeNanos=10147360260520}
2025-04-12 19:05:27 INFO  org.mongodb.driver.cluster - Monitor thread successfully connected to server with description ServerDescription{address=ac-kex050i-shard-00-00.6b69sb9.mongodb.net:27017, type=REPLICA_SET_SECONDARY, cryptd=false, state=CONNECTED, ok=true, minWireVersion=0, maxWireVersion=25, maxDocumentSize=16777216, logicalSessionTimeoutMinutes=30, roundTripTimeNanos=289891013, minRoundTripTimeNanos=0, setName='atlas-kry611-shard-0', canonicalAddress=ac-kex050i-shard-00-00.6b69sb9.mongodb.net:27017, hosts=[ac-kex050i-shard-00-02.6b69sb9.mongodb.net:27017, ac-kex050i-shard-00-01.6b69sb9.mongodb.net:27017, ac-kex050i-shard-00-00.6b69sb9.mongodb.net:27017], passives=[], arbiters=[], primary='ac-kex050i-shard-00-02.6b69sb9.mongodb.net:27017', tagSet=TagSet{[Tag{name='availabilityZone', value='aps1-az1'}, Tag{name='diskState', value='READY'}, Tag{name='nodeType', value='ELECTABLE'}, Tag{name='provider', value='AWS'}, Tag{name='region', value='AP_SOUTH_1'}, Tag{name='workloadType', value='OPERATIONAL'}]}, electionId=null, setVersion=1, topologyVersion=TopologyVersion{processId=67f957c96e7bebcebef83be4, counter=4}, lastWriteDate=Sat Apr 12 19:05:21 GMT+05:45 2025, lastUpdateTimeNanos=10147360260621}
2025-04-12 19:05:27 INFO  org.mongodb.driver.cluster - Discovered replica set primary ac-kex050i-shard-00-02.6b69sb9.mongodb.net:27017 with max election id 7fffffff0000000000000009 and max set version 1
2025-04-12 19:06:18 INFO  o.s.s.c.a.a.c.InitializeAuthenticationProviderBeanManagerConfigurer$InitializeAuthenticationProviderManagerConfigurer - Global AuthenticationManager configured with AuthenticationProvider bean with name authenticationProvider
2025-04-12 19:06:18 WARN  o.s.s.c.a.a.c.InitializeUserDetailsBeanManagerConfigurer$InitializeUserDetailsManagerConfigurer - Global AuthenticationManager configured with an AuthenticationProvider bean. UserDetailsService beans will not be used by Spring Security for automatically configuring username/password login. Consider removing the AuthenticationProvider bean. Alternatively, consider using the UserDetailsService in a manually instantiated DaoAuthenticationProvider. If the current configuration is intentional, to turn off this warning, increase the logging level of 'org.springframework.security.config.annotation.authentication.configuration.InitializeUserDetailsBeanManagerConfigurer' to ERROR
2025-04-12 19:06:18 INFO  o.s.b.w.e.tomcat.TomcatWebServer - Tomcat started on port 8080 (http) with context path '/'
2025-04-12 19:06:18 INFO  m.d.journalApp.JournalAppApplication - Started JournalAppApplication in 53.551 seconds (process running for 54.858)
2025-04-12 19:06:18 INFO  o.s.b.w.e.tomcat.GracefulShutdown - Commencing graceful shutdown. Waiting for active requests to complete
2025-04-12 19:06:18 INFO  o.s.b.w.e.tomcat.GracefulShutdown - Graceful shutdown complete
2025-04-12 19:06:49 INFO  o.h.validator.internal.util.Version - HV000001: Hibernate Validator 8.0.2.Final
2025-04-12 19:06:49 INFO  m.d.journalApp.JournalAppApplication - Starting JournalAppApplication using Java 23.0.2 with PID 23297 (/home/malle/Project/journalApp/target/classes started by malle in /home/malle/Project/journalApp)
2025-04-12 19:06:49 INFO  m.d.journalApp.JournalAppApplication - The following 1 profile is active: "dev"
2025-04-12 19:06:49 INFO  o.s.d.r.c.RepositoryConfigurationDelegate - Bootstrapping Spring Data MongoDB repositories in DEFAULT mode.
2025-04-12 19:06:49 INFO  o.s.d.r.c.RepositoryConfigurationDelegate - Finished Spring Data repository scanning in 25 ms. Found 3 MongoDB repository interfaces.
2025-04-12 19:06:50 INFO  o.s.b.w.e.tomcat.TomcatWebServer - Tomcat initialized with port 8080 (http)
2025-04-12 19:06:50 INFO  o.a.coyote.http11.Http11NioProtocol - Initializing ProtocolHandler ["http-nio-8080"]
2025-04-12 19:06:50 INFO  o.a.catalina.core.StandardService - Starting service [Tomcat]
2025-04-12 19:06:50 INFO  o.a.catalina.core.StandardEngine - Starting Servlet engine: [Apache Tomcat/10.1.39]
2025-04-12 19:06:50 INFO  o.a.c.c.C.[Tomcat].[localhost].[/] - Initializing Spring embedded WebApplicationContext
2025-04-12 19:06:50 INFO  o.s.b.w.s.c.ServletWebServerApplicationContext - Root WebApplicationContext: initialization completed in 769 ms
2025-04-12 19:06:50 INFO  org.mongodb.driver.client - MongoClient with metadata {"driver": {"name": "mongo-java-driver|sync|spring-boot", "version": "5.2.1"}, "os": {"type": "Linux", "name": "Linux", "architecture": "amd64", "version": "6.11.0-21-generic"}, "platform": "Java/Oracle Corporation/23.0.2+7-58"} created with settings MongoClientSettings{readPreference=primary, writeConcern=WriteConcern{w=majority, wTimeout=null ms, journal=null}, retryWrites=true, retryReads=true, readConcern=ReadConcern{level=null}, credential=MongoCredential{mechanism=null, userName='dipeshmallapub', source='admin', password=<hidden>, mechanismProperties=<hidden>}, transportSettings=null, commandListeners=[], codecRegistry=ProvidersCodecRegistry{codecProviders=[ValueCodecProvider{}, BsonValueCodecProvider{}, DBRefCodecProvider{}, DBObjectCodecProvider{}, DocumentCodecProvider{}, CollectionCodecProvider{}, IterableCodecProvider{}, MapCodecProvider{}, GeoJsonCodecProvider{}, GridFSFileCodecProvider{}, Jsr310CodecProvider{}, JsonObjectCodecProvider{}, BsonCodecProvider{}, EnumCodecProvider{}, com.mongodb.client.model.mql.ExpressionCodecProvider@65036e8d, com.mongodb.Jep395RecordCodecProvider@48ccbb32, com.mongodb.KotlinCodecProvider@36551e97]}, loggerSettings=LoggerSettings{maxDocumentLength=1000}, clusterSettings={hosts=[127.0.0.1:27017], srvHost=cluster0.6b69sb9.mongodb.net, srvServiceName=mongodb, mode=MULTIPLE, requiredClusterType=REPLICA_SET, requiredReplicaSetName='atlas-kry611-shard-0', serverSelector='null', clusterListeners='[]', serverSelectionTimeout='30000 ms', localThreshold='15 ms'}, socketSettings=SocketSettings{connectTimeoutMS=10000, readTimeoutMS=0, receiveBufferSize=0, proxySettings=ProxySettings{host=null, port=null, username=null, password=null}}, heartbeatSocketSettings=SocketSettings{connectTimeoutMS=10000, readTimeoutMS=10000, receiveBufferSize=0, proxySettings=ProxySettings{host=null, port=null, username=null, password=null}}, connectionPoolSettings=ConnectionPoolSettings{maxSize=100, minSize=0, maxWaitTimeMS=120000, maxConnectionLifeTimeMS=0, maxConnectionIdleTimeMS=0, maintenanceInitialDelayMS=0, maintenanceFrequencyMS=60000, connectionPoolListeners=[], maxConnecting=2}, serverSettings=ServerSettings{heartbeatFrequencyMS=10000, minHeartbeatFrequencyMS=500, serverMonitoringMode=AUTO, serverListeners='[]', serverMonitorListeners='[]'}, sslSettings=SslSettings{enabled=true, invalidHostNameAllowed=false, context=null}, applicationName='null', compressorList=[], uuidRepresentation=JAVA_LEGACY, serverApi=null, autoEncryptionSettings=null, dnsClient=null, inetAddressResolver=null, contextProvider=null, timeoutMS=null}
2025-04-12 19:06:50 INFO  org.mongodb.driver.cluster - Adding discovered server ac-kex050i-shard-00-02.6b69sb9.mongodb.net:27017 to client view of cluster
2025-04-12 19:06:50 INFO  org.mongodb.driver.cluster - Adding discovered server ac-kex050i-shard-00-00.6b69sb9.mongodb.net:27017 to client view of cluster
2025-04-12 19:06:50 INFO  org.mongodb.driver.cluster - Adding discovered server ac-kex050i-shard-00-01.6b69sb9.mongodb.net:27017 to client view of cluster
2025-04-12 19:06:50 INFO  org.mongodb.driver.cluster - Waiting for server to become available for operation with ID 5. Remaining time: 29995 ms. Selector: WritableServerSelector, topology description: {type=REPLICA_SET, servers=[{address=ac-kex050i-shard-00-00.6b69sb9.mongodb.net:27017, type=UNKNOWN, state=CONNECTING}, {address=ac-kex050i-shard-00-02.6b69sb9.mongodb.net:27017, type=UNKNOWN, state=CONNECTING}, {address=ac-kex050i-shard-00-01.6b69sb9.mongodb.net:27017, type=UNKNOWN, state=CONNECTING}].
2025-04-12 19:06:51 INFO  org.mongodb.driver.cluster - Monitor thread successfully connected to server with description ServerDescription{address=ac-kex050i-shard-00-01.6b69sb9.mongodb.net:27017, type=REPLICA_SET_SECONDARY, cryptd=false, state=CONNECTED, ok=true, minWireVersion=0, maxWireVersion=25, maxDocumentSize=16777216, logicalSessionTimeoutMinutes=30, roundTripTimeNanos=849239330, minRoundTripTimeNanos=0, setName='atlas-kry611-shard-0', canonicalAddress=ac-kex050i-shard-00-01.6b69sb9.mongodb.net:27017, hosts=[ac-kex050i-shard-00-02.6b69sb9.mongodb.net:27017, ac-kex050i-shard-00-01.6b69sb9.mongodb.net:27017, ac-kex050i-shard-00-00.6b69sb9.mongodb.net:27017], passives=[], arbiters=[], primary='ac-kex050i-shard-00-02.6b69sb9.mongodb.net:27017', tagSet=TagSet{[Tag{name='availabilityZone', value='aps1-az3'}, Tag{name='diskState', value='READY'}, Tag{name='nodeType', value='ELECTABLE'}, Tag{name='provider', value='AWS'}, Tag{name='region', value='AP_SOUTH_1'}, Tag{name='workloadType', value='OPERATIONAL'}]}, electionId=null, setVersion=1, topologyVersion=TopologyVersion{processId=67f95a88e18c31e0b3801de8, counter=3}, lastWriteDate=Sat Apr 12 19:06:46 GMT+05:45 2025, lastUpdateTimeNanos=10231743661079}
2025-04-12 19:06:51 INFO  org.mongodb.driver.cluster - Monitor thread successfully connected to server with description ServerDescription{address=ac-kex050i-shard-00-00.6b69sb9.mongodb.net:27017, type=REPLICA_SET_SECONDARY, cryptd=false, state=CONNECTED, ok=true, minWireVersion=0, maxWireVersion=25, maxDocumentSize=16777216, logicalSessionTimeoutMinutes=30, roundTripTimeNanos=841008860, minRoundTripTimeNanos=0, setName='atlas-kry611-shard-0', canonicalAddress=ac-kex050i-shard-00-00.6b69sb9.mongodb.net:27017, hosts=[ac-kex050i-shard-00-02.6b69sb9.mongodb.net:27017, ac-kex050i-shard-00-01.6b69sb9.mongodb.net:27017, ac-kex050i-shard-00-00.6b69sb9.mongodb.net:27017], passives=[], arbiters=[], primary='ac-kex050i-shard-00-02.6b69sb9.mongodb.net:27017', tagSet=TagSet{[Tag{name='availabilityZone', value='aps1-az1'}, Tag{name='diskState', value='READY'}, Tag{name='nodeType', value='ELECTABLE'}, Tag{name='provider', value='AWS'}, Tag{name='region', value='AP_SOUTH_1'}, Tag{name='workloadType', value='OPERATIONAL'}]}, electionId=null, setVersion=1, topologyVersion=TopologyVersion{processId=67f957c96e7bebcebef83be4, counter=4}, lastWriteDate=Sat Apr 12 19:06:46 GMT+05:45 2025, lastUpdateTimeNanos=10231749108452}
2025-04-12 19:06:51 INFO  org.mongodb.driver.cluster - Monitor thread successfully connected to server with description ServerDescription{address=ac-kex050i-shard-00-02.6b69sb9.mongodb.net:27017, type=REPLICA_SET_PRIMARY, cryptd=false, state=CONNECTED, ok=true, minWireVersion=0, maxWireVersion=25, maxDocumentSize=16777216, logicalSessionTimeoutMinutes=30, roundTripTimeNanos=857555786, minRoundTripTimeNanos=0, setName='atlas-kry611-shard-0', canonicalAddress=ac-kex050i-shard-00-02.6b69sb9.mongodb.net:27017, hosts=[ac-kex050i-shard-00-02.6b69sb9.mongodb.net:27017, ac-kex050i-shard-00-01.6b69sb9.mongodb.net:27017, ac-kex050i-shard-00-00.6b69sb9.mongodb.net:27017], passives=[], arbiters=[], primary='ac-kex050i-shard-00-02.6b69sb9.mongodb.net:27017', tagSet=TagSet{[Tag{name='availabilityZone', value='aps1-az2'}, Tag{name='diskState', value='READY'}, Tag{name='nodeType', value='ELECTABLE'}, Tag{name='provider', value='AWS'}, Tag{name='region', value='AP_SOUTH_1'}, Tag{name='workloadType', value='OPERATIONAL'}]}, electionId=7fffffff0000000000000009, setVersion=1, topologyVersion=TopologyVersion{processId=67f95943868877c2c3e82ebb, counter=6}, lastWriteDate=Sat Apr 12 19:06:46 GMT+05:45 2025, lastUpdateTimeNanos=10231751920374}
2025-04-12 19:06:51 INFO  org.mongodb.driver.cluster - Discovered replica set primary ac-kex050i-shard-00-02.6b69sb9.mongodb.net:27017 with max election id 7fffffff0000000000000009 and max set version 1
2025-04-12 19:06:55 INFO  o.s.s.c.a.a.c.InitializeAuthenticationProviderBeanManagerConfigurer$InitializeAuthenticationProviderManagerConfigurer - Global AuthenticationManager configured with AuthenticationProvider bean with name authenticationProvider
2025-04-12 19:06:55 WARN  o.s.s.c.a.a.c.InitializeUserDetailsBeanManagerConfigurer$InitializeUserDetailsManagerConfigurer - Global AuthenticationManager configured with an AuthenticationProvider bean. UserDetailsService beans will not be used by Spring Security for automatically configuring username/password login. Consider removing the AuthenticationProvider bean. Alternatively, consider using the UserDetailsService in a manually instantiated DaoAuthenticationProvider. If the current configuration is intentional, to turn off this warning, increase the logging level of 'org.springframework.security.config.annotation.authentication.configuration.InitializeUserDetailsBeanManagerConfigurer' to ERROR
2025-04-12 19:06:55 INFO  o.a.coyote.http11.Http11NioProtocol - Starting ProtocolHandler ["http-nio-8080"]
2025-04-12 19:06:55 INFO  o.s.b.w.e.tomcat.TomcatWebServer - Tomcat started on port 8080 (http) with context path '/'
2025-04-12 19:06:55 INFO  m.d.journalApp.JournalAppApplication - Started JournalAppApplication in 6.495 seconds (process running for 7.42)
2025-04-12 19:06:59 INFO  o.a.c.c.C.[Tomcat].[localhost].[/] - Initializing Spring DispatcherServlet 'dispatcherServlet'
2025-04-12 19:06:59 INFO  o.s.web.servlet.DispatcherServlet - Initializing Servlet 'dispatcherServlet'
2025-04-12 19:06:59 INFO  o.s.web.servlet.DispatcherServlet - Completed initialization in 0 ms
2025-04-12 19:07:55 INFO  o.s.b.w.e.tomcat.GracefulShutdown - Commencing graceful shutdown. Waiting for active requests to complete
2025-04-12 19:07:55 INFO  o.s.b.w.e.tomcat.GracefulShutdown - Graceful shutdown complete
2025-04-12 19:08:01 INFO  o.h.validator.internal.util.Version - HV000001: Hibernate Validator 8.0.2.Final
2025-04-12 19:08:01 INFO  m.d.journalApp.JournalAppApplication - Starting JournalAppApplication using Java 23.0.2 with PID 23534 (/home/malle/Project/journalApp/target/classes started by malle in /home/malle/Project/journalApp)
2025-04-12 19:08:01 INFO  m.d.journalApp.JournalAppApplication - The following 1 profile is active: "dev"
2025-04-12 19:08:01 INFO  o.s.d.r.c.RepositoryConfigurationDelegate - Bootstrapping Spring Data MongoDB repositories in DEFAULT mode.
2025-04-12 19:08:01 INFO  o.s.d.r.c.RepositoryConfigurationDelegate - Finished Spring Data repository scanning in 22 ms. Found 3 MongoDB repository interfaces.
2025-04-12 19:08:01 INFO  o.s.b.w.e.tomcat.TomcatWebServer - Tomcat initialized with port 8080 (http)
2025-04-12 19:08:01 INFO  o.a.coyote.http11.Http11NioProtocol - Initializing ProtocolHandler ["http-nio-8080"]
2025-04-12 19:08:01 INFO  o.a.catalina.core.StandardService - Starting service [Tomcat]
2025-04-12 19:08:01 INFO  o.a.catalina.core.StandardEngine - Starting Servlet engine: [Apache Tomcat/10.1.39]
2025-04-12 19:08:01 INFO  o.a.c.c.C.[Tomcat].[localhost].[/] - Initializing Spring embedded WebApplicationContext
2025-04-12 19:08:01 INFO  o.s.b.w.s.c.ServletWebServerApplicationContext - Root WebApplicationContext: initialization completed in 748 ms
2025-04-12 19:08:07 INFO  org.mongodb.driver.client - MongoClient with metadata {"driver": {"name": "mongo-java-driver|sync|spring-boot", "version": "5.2.1"}, "os": {"type": "Linux", "name": "Linux", "architecture": "amd64", "version": "6.11.0-21-generic"}, "platform": "Java/Oracle Corporation/23.0.2+7-58"} created with settings MongoClientSettings{readPreference=primary, writeConcern=WriteConcern{w=majority, wTimeout=null ms, journal=null}, retryWrites=true, retryReads=true, readConcern=ReadConcern{level=null}, credential=MongoCredential{mechanism=null, userName='dipeshmallapub', source='admin', password=<hidden>, mechanismProperties=<hidden>}, transportSettings=null, commandListeners=[], codecRegistry=ProvidersCodecRegistry{codecProviders=[ValueCodecProvider{}, BsonValueCodecProvider{}, DBRefCodecProvider{}, DBObjectCodecProvider{}, DocumentCodecProvider{}, CollectionCodecProvider{}, IterableCodecProvider{}, MapCodecProvider{}, GeoJsonCodecProvider{}, GridFSFileCodecProvider{}, Jsr310CodecProvider{}, JsonObjectCodecProvider{}, BsonCodecProvider{}, EnumCodecProvider{}, com.mongodb.client.model.mql.ExpressionCodecProvider@7ec08115, com.mongodb.Jep395RecordCodecProvider@53dd42d6, com.mongodb.KotlinCodecProvider@1e76afeb]}, loggerSettings=LoggerSettings{maxDocumentLength=1000}, clusterSettings={hosts=[127.0.0.1:27017], srvHost=cluster0.6b69sb9.mongodb.net, srvServiceName=mongodb, mode=MULTIPLE, requiredClusterType=REPLICA_SET, requiredReplicaSetName='atlas-kry611-shard-0', serverSelector='null', clusterListeners='[]', serverSelectionTimeout='30000 ms', localThreshold='15 ms'}, socketSettings=SocketSettings{connectTimeoutMS=10000, readTimeoutMS=0, receiveBufferSize=0, proxySettings=ProxySettings{host=null, port=null, username=null, password=null}}, heartbeatSocketSettings=SocketSettings{connectTimeoutMS=10000, readTimeoutMS=10000, receiveBufferSize=0, proxySettings=ProxySettings{host=null, port=null, username=null, password=null}}, connectionPoolSettings=ConnectionPoolSettings{maxSize=100, minSize=0, maxWaitTimeMS=120000, maxConnectionLifeTimeMS=0, maxConnectionIdleTimeMS=0, maintenanceInitialDelayMS=0, maintenanceFrequencyMS=60000, connectionPoolListeners=[], maxConnecting=2}, serverSettings=ServerSettings{heartbeatFrequencyMS=10000, minHeartbeatFrequencyMS=500, serverMonitoringMode=AUTO, serverListeners='[]', serverMonitorListeners='[]'}, sslSettings=SslSettings{enabled=true, invalidHostNameAllowed=false, context=null}, applicationName='null', compressorList=[], uuidRepresentation=JAVA_LEGACY, serverApi=null, autoEncryptionSettings=null, dnsClient=null, inetAddressResolver=null, contextProvider=null, timeoutMS=null}
2025-04-12 19:08:07 INFO  org.mongodb.driver.cluster - Waiting for server to become available for operation with ID 2. Remaining time: 29996 ms. Selector: WritableServerSelector, topology description: {type=UNKNOWN, servers=[].
2025-04-12 19:08:07 INFO  org.mongodb.driver.cluster - Adding discovered server ac-kex050i-shard-00-02.6b69sb9.mongodb.net:27017 to client view of cluster
2025-04-12 19:08:07 INFO  org.mongodb.driver.cluster - Adding discovered server ac-kex050i-shard-00-00.6b69sb9.mongodb.net:27017 to client view of cluster
2025-04-12 19:08:07 INFO  org.mongodb.driver.cluster - Adding discovered server ac-kex050i-shard-00-01.6b69sb9.mongodb.net:27017 to client view of cluster
2025-04-12 19:08:13 INFO  org.mongodb.driver.cluster - Monitor thread successfully connected to server with description ServerDescription{address=ac-kex050i-shard-00-02.6b69sb9.mongodb.net:27017, type=REPLICA_SET_PRIMARY, cryptd=false, state=CONNECTED, ok=true, minWireVersion=0, maxWireVersion=25, maxDocumentSize=16777216, logicalSessionTimeoutMinutes=30, roundTripTimeNanos=386343955, minRoundTripTimeNanos=0, setName='atlas-kry611-shard-0', canonicalAddress=ac-kex050i-shard-00-02.6b69sb9.mongodb.net:27017, hosts=[ac-kex050i-shard-00-02.6b69sb9.mongodb.net:27017, ac-kex050i-shard-00-01.6b69sb9.mongodb.net:27017, ac-kex050i-shard-00-00.6b69sb9.mongodb.net:27017], passives=[], arbiters=[], primary='ac-kex050i-shard-00-02.6b69sb9.mongodb.net:27017', tagSet=TagSet{[Tag{name='availabilityZone', value='aps1-az2'}, Tag{name='diskState', value='READY'}, Tag{name='nodeType', value='ELECTABLE'}, Tag{name='provider', value='AWS'}, Tag{name='region', value='AP_SOUTH_1'}, Tag{name='workloadType', value='OPERATIONAL'}]}, electionId=7fffffff0000000000000009, setVersion=1, topologyVersion=TopologyVersion{processId=67f95943868877c2c3e82ebb, counter=6}, lastWriteDate=Sat Apr 12 19:08:06 GMT+05:45 2025, lastUpdateTimeNanos=10313764187902}
2025-04-12 19:08:13 INFO  org.mongodb.driver.cluster - Monitor thread successfully connected to server with description ServerDescription{address=ac-kex050i-shard-00-01.6b69sb9.mongodb.net:27017, type=REPLICA_SET_SECONDARY, cryptd=false, state=CONNECTED, ok=true, minWireVersion=0, maxWireVersion=25, maxDocumentSize=16777216, logicalSessionTimeoutMinutes=30, roundTripTimeNanos=396435976, minRoundTripTimeNanos=0, setName='atlas-kry611-shard-0', canonicalAddress=ac-kex050i-shard-00-01.6b69sb9.mongodb.net:27017, hosts=[ac-kex050i-shard-00-02.6b69sb9.mongodb.net:27017, ac-kex050i-shard-00-01.6b69sb9.mongodb.net:27017, ac-kex050i-shard-00-00.6b69sb9.mongodb.net:27017], passives=[], arbiters=[], primary='ac-kex050i-shard-00-02.6b69sb9.mongodb.net:27017', tagSet=TagSet{[Tag{name='availabilityZone', value='aps1-az3'}, Tag{name='diskState', value='READY'}, Tag{name='nodeType', value='ELECTABLE'}, Tag{name='provider', value='AWS'}, Tag{name='region', value='AP_SOUTH_1'}, Tag{name='workloadType', value='OPERATIONAL'}]}, electionId=null, setVersion=1, topologyVersion=TopologyVersion{processId=67f95a88e18c31e0b3801de8, counter=3}, lastWriteDate=Sat Apr 12 19:08:06 GMT+05:45 2025, lastUpdateTimeNanos=10313764187960}
2025-04-12 19:08:13 INFO  org.mongodb.driver.cluster - Monitor thread successfully connected to server with description ServerDescription{address=ac-kex050i-shard-00-00.6b69sb9.mongodb.net:27017, type=REPLICA_SET_SECONDARY, cryptd=false, state=CONNECTED, ok=true, minWireVersion=0, maxWireVersion=25, maxDocumentSize=16777216, logicalSessionTimeoutMinutes=30, roundTripTimeNanos=390727881, minRoundTripTimeNanos=0, setName='atlas-kry611-shard-0', canonicalAddress=ac-kex050i-shard-00-00.6b69sb9.mongodb.net:27017, hosts=[ac-kex050i-shard-00-02.6b69sb9.mongodb.net:27017, ac-kex050i-shard-00-01.6b69sb9.mongodb.net:27017, ac-kex050i-shard-00-00.6b69sb9.mongodb.net:27017], passives=[], arbiters=[], primary='ac-kex050i-shard-00-02.6b69sb9.mongodb.net:27017', tagSet=TagSet{[Tag{name='availabilityZone', value='aps1-az1'}, Tag{name='diskState', value='READY'}, Tag{name='nodeType', value='ELECTABLE'}, Tag{name='provider', value='AWS'}, Tag{name='region', value='AP_SOUTH_1'}, Tag{name='workloadType', value='OPERATIONAL'}]}, electionId=null, setVersion=1, topologyVersion=TopologyVersion{processId=67f957c96e7bebcebef83be4, counter=4}, lastWriteDate=Sat Apr 12 19:08:06 GMT+05:45 2025, lastUpdateTimeNanos=10313764188031}
2025-04-12 19:08:13 INFO  org.mongodb.driver.cluster - Discovered replica set primary ac-kex050i-shard-00-02.6b69sb9.mongodb.net:27017 with max election id 7fffffff0000000000000009 and max set version 1
2025-04-12 19:08:14 INFO  o.s.s.c.a.a.c.InitializeAuthenticationProviderBeanManagerConfigurer$InitializeAuthenticationProviderManagerConfigurer - Global AuthenticationManager configured with AuthenticationProvider bean with name authenticationProvider
2025-04-12 19:08:14 WARN  o.s.s.c.a.a.c.InitializeUserDetailsBeanManagerConfigurer$InitializeUserDetailsManagerConfigurer - Global AuthenticationManager configured with an AuthenticationProvider bean. UserDetailsService beans will not be used by Spring Security for automatically configuring username/password login. Consider removing the AuthenticationProvider bean. Alternatively, consider using the UserDetailsService in a manually instantiated DaoAuthenticationProvider. If the current configuration is intentional, to turn off this warning, increase the logging level of 'org.springframework.security.config.annotation.authentication.configuration.InitializeUserDetailsBeanManagerConfigurer' to ERROR
2025-04-12 19:08:15 INFO  o.a.coyote.http11.Http11NioProtocol - Starting ProtocolHandler ["http-nio-8080"]
2025-04-12 19:08:15 INFO  o.s.b.w.e.tomcat.TomcatWebServer - Tomcat started on port 8080 (http) with context path '/'
2025-04-12 19:08:15 INFO  m.d.journalApp.JournalAppApplication - Started JournalAppApplication in 14.166 seconds (process running for 14.729)
2025-04-12 19:08:17 INFO  o.a.c.c.C.[Tomcat].[localhost].[/] - Initializing Spring DispatcherServlet 'dispatcherServlet'
2025-04-12 19:08:17 INFO  o.s.web.servlet.DispatcherServlet - Initializing Servlet 'dispatcherServlet'
2025-04-12 19:08:17 INFO  o.s.web.servlet.DispatcherServlet - Completed initialization in 1 ms
2025-04-12 19:10:09 INFO  o.s.b.w.e.tomcat.GracefulShutdown - Commencing graceful shutdown. Waiting for active requests to complete
2025-04-12 19:10:09 INFO  o.s.b.w.e.tomcat.GracefulShutdown - Graceful shutdown complete
2025-04-12 19:10:12 INFO  o.h.validator.internal.util.Version - HV000001: Hibernate Validator 8.0.2.Final
2025-04-12 19:10:13 INFO  m.d.journalApp.JournalAppApplication - Starting JournalAppApplication using Java 23.0.2 with PID 23854 (/home/malle/Project/journalApp/target/classes started by malle in /home/malle/Project/journalApp)
2025-04-12 19:10:13 INFO  m.d.journalApp.JournalAppApplication - The following 1 profile is active: "dev"
2025-04-12 19:10:13 INFO  o.s.d.r.c.RepositoryConfigurationDelegate - Bootstrapping Spring Data MongoDB repositories in DEFAULT mode.
2025-04-12 19:10:13 INFO  o.s.d.r.c.RepositoryConfigurationDelegate - Finished Spring Data repository scanning in 30 ms. Found 3 MongoDB repository interfaces.
2025-04-12 19:10:13 INFO  o.s.b.w.e.tomcat.TomcatWebServer - Tomcat initialized with port 8080 (http)
2025-04-12 19:10:14 INFO  o.a.coyote.http11.Http11NioProtocol - Initializing ProtocolHandler ["http-nio-8080"]
2025-04-12 19:10:14 INFO  o.a.catalina.core.StandardService - Starting service [Tomcat]
2025-04-12 19:10:14 INFO  o.a.catalina.core.StandardEngine - Starting Servlet engine: [Apache Tomcat/10.1.39]
2025-04-12 19:10:14 INFO  o.a.c.c.C.[Tomcat].[localhost].[/] - Initializing Spring embedded WebApplicationContext
2025-04-12 19:10:14 INFO  o.s.b.w.s.c.ServletWebServerApplicationContext - Root WebApplicationContext: initialization completed in 973 ms
2025-04-12 19:10:14 INFO  org.mongodb.driver.client - MongoClient with metadata {"driver": {"name": "mongo-java-driver|sync|spring-boot", "version": "5.2.1"}, "os": {"type": "Linux", "name": "Linux", "architecture": "amd64", "version": "6.11.0-21-generic"}, "platform": "Java/Oracle Corporation/23.0.2+7-58"} created with settings MongoClientSettings{readPreference=primary, writeConcern=WriteConcern{w=majority, wTimeout=null ms, journal=null}, retryWrites=true, retryReads=true, readConcern=ReadConcern{level=null}, credential=MongoCredential{mechanism=null, userName='dipeshmallapub', source='admin', password=<hidden>, mechanismProperties=<hidden>}, transportSettings=null, commandListeners=[], codecRegistry=ProvidersCodecRegistry{codecProviders=[ValueCodecProvider{}, BsonValueCodecProvider{}, DBRefCodecProvider{}, DBObjectCodecProvider{}, DocumentCodecProvider{}, CollectionCodecProvider{}, IterableCodecProvider{}, MapCodecProvider{}, GeoJsonCodecProvider{}, GridFSFileCodecProvider{}, Jsr310CodecProvider{}, JsonObjectCodecProvider{}, BsonCodecProvider{}, EnumCodecProvider{}, com.mongodb.client.model.mql.ExpressionCodecProvider@150d6eaf, com.mongodb.Jep395RecordCodecProvider@63124022, com.mongodb.KotlinCodecProvider@591f6f83]}, loggerSettings=LoggerSettings{maxDocumentLength=1000}, clusterSettings={hosts=[127.0.0.1:27017], srvHost=cluster0.6b69sb9.mongodb.net, srvServiceName=mongodb, mode=MULTIPLE, requiredClusterType=REPLICA_SET, requiredReplicaSetName='atlas-kry611-shard-0', serverSelector='null', clusterListeners='[]', serverSelectionTimeout='30000 ms', localThreshold='15 ms'}, socketSettings=SocketSettings{connectTimeoutMS=10000, readTimeoutMS=0, receiveBufferSize=0, proxySettings=ProxySettings{host=null, port=null, username=null, password=null}}, heartbeatSocketSettings=SocketSettings{connectTimeoutMS=10000, readTimeoutMS=10000, receiveBufferSize=0, proxySettings=ProxySettings{host=null, port=null, username=null, password=null}}, connectionPoolSettings=ConnectionPoolSettings{maxSize=100, minSize=0, maxWaitTimeMS=120000, maxConnectionLifeTimeMS=0, maxConnectionIdleTimeMS=0, maintenanceInitialDelayMS=0, maintenanceFrequencyMS=60000, connectionPoolListeners=[], maxConnecting=2}, serverSettings=ServerSettings{heartbeatFrequencyMS=10000, minHeartbeatFrequencyMS=500, serverMonitoringMode=AUTO, serverListeners='[]', serverMonitorListeners='[]'}, sslSettings=SslSettings{enabled=true, invalidHostNameAllowed=false, context=null}, applicationName='null', compressorList=[], uuidRepresentation=JAVA_LEGACY, serverApi=null, autoEncryptionSettings=null, dnsClient=null, inetAddressResolver=null, contextProvider=null, timeoutMS=null}
2025-04-12 19:10:14 INFO  org.mongodb.driver.cluster - Adding discovered server ac-kex050i-shard-00-02.6b69sb9.mongodb.net:27017 to client view of cluster
2025-04-12 19:10:14 INFO  org.mongodb.driver.cluster - Adding discovered server ac-kex050i-shard-00-01.6b69sb9.mongodb.net:27017 to client view of cluster
2025-04-12 19:10:14 INFO  org.mongodb.driver.cluster - Adding discovered server ac-kex050i-shard-00-00.6b69sb9.mongodb.net:27017 to client view of cluster
2025-04-12 19:10:14 INFO  org.mongodb.driver.cluster - Waiting for server to become available for operation with ID 5. Remaining time: 29995 ms. Selector: WritableServerSelector, topology description: {type=REPLICA_SET, servers=[{address=ac-kex050i-shard-00-00.6b69sb9.mongodb.net:27017, type=UNKNOWN, state=CONNECTING}, {address=ac-kex050i-shard-00-02.6b69sb9.mongodb.net:27017, type=UNKNOWN, state=CONNECTING}, {address=ac-kex050i-shard-00-01.6b69sb9.mongodb.net:27017, type=UNKNOWN, state=CONNECTING}].
2025-04-12 19:10:15 INFO  org.mongodb.driver.cluster - Monitor thread successfully connected to server with description ServerDescription{address=ac-kex050i-shard-00-00.6b69sb9.mongodb.net:27017, type=REPLICA_SET_SECONDARY, cryptd=false, state=CONNECTED, ok=true, minWireVersion=0, maxWireVersion=25, maxDocumentSize=16777216, logicalSessionTimeoutMinutes=30, roundTripTimeNanos=412366116, minRoundTripTimeNanos=0, setName='atlas-kry611-shard-0', canonicalAddress=ac-kex050i-shard-00-00.6b69sb9.mongodb.net:27017, hosts=[ac-kex050i-shard-00-02.6b69sb9.mongodb.net:27017, ac-kex050i-shard-00-01.6b69sb9.mongodb.net:27017, ac-kex050i-shard-00-00.6b69sb9.mongodb.net:27017], passives=[], arbiters=[], primary='ac-kex050i-shard-00-02.6b69sb9.mongodb.net:27017', tagSet=TagSet{[Tag{name='availabilityZone', value='aps1-az1'}, Tag{name='diskState', value='READY'}, Tag{name='nodeType', value='ELECTABLE'}, Tag{name='provider', value='AWS'}, Tag{name='region', value='AP_SOUTH_1'}, Tag{name='workloadType', value='OPERATIONAL'}]}, electionId=null, setVersion=1, topologyVersion=TopologyVersion{processId=67f957c96e7bebcebef83be4, counter=4}, lastWriteDate=Sat Apr 12 19:10:11 GMT+05:45 2025, lastUpdateTimeNanos=10435143969146}
2025-04-12 19:10:15 INFO  org.mongodb.driver.cluster - Monitor thread successfully connected to server with description ServerDescription{address=ac-kex050i-shard-00-01.6b69sb9.mongodb.net:27017, type=REPLICA_SET_SECONDARY, cryptd=false, state=CONNECTED, ok=true, minWireVersion=0, maxWireVersion=25, maxDocumentSize=16777216, logicalSessionTimeoutMinutes=30, roundTripTimeNanos=412371776, minRoundTripTimeNanos=0, setName='atlas-kry611-shard-0', canonicalAddress=ac-kex050i-shard-00-01.6b69sb9.mongodb.net:27017, hosts=[ac-kex050i-shard-00-02.6b69sb9.mongodb.net:27017, ac-kex050i-shard-00-01.6b69sb9.mongodb.net:27017, ac-kex050i-shard-00-00.6b69sb9.mongodb.net:27017], passives=[], arbiters=[], primary='ac-kex050i-shard-00-02.6b69sb9.mongodb.net:27017', tagSet=TagSet{[Tag{name='availabilityZone', value='aps1-az3'}, Tag{name='diskState', value='READY'}, Tag{name='nodeType', value='ELECTABLE'}, Tag{name='provider', value='AWS'}, Tag{name='region', value='AP_SOUTH_1'}, Tag{name='workloadType', value='OPERATIONAL'}]}, electionId=null, setVersion=1, topologyVersion=TopologyVersion{processId=67f95a88e18c31e0b3801de8, counter=3}, lastWriteDate=Sat Apr 12 19:10:11 GMT+05:45 2025, lastUpdateTimeNanos=10435143971421}
2025-04-12 19:10:15 INFO  org.mongodb.driver.cluster - Monitor thread successfully connected to server with description ServerDescription{address=ac-kex050i-shard-00-02.6b69sb9.mongodb.net:27017, type=REPLICA_SET_PRIMARY, cryptd=false, state=CONNECTED, ok=true, minWireVersion=0, maxWireVersion=25, maxDocumentSize=16777216, logicalSessionTimeoutMinutes=30, roundTripTimeNanos=465602138, minRoundTripTimeNanos=0, setName='atlas-kry611-shard-0', canonicalAddress=ac-kex050i-shard-00-02.6b69sb9.mongodb.net:27017, hosts=[ac-kex050i-shard-00-02.6b69sb9.mongodb.net:27017, ac-kex050i-shard-00-01.6b69sb9.mongodb.net:27017, ac-kex050i-shard-00-00.6b69sb9.mongodb.net:27017], passives=[], arbiters=[], primary='ac-kex050i-shard-00-02.6b69sb9.mongodb.net:27017', tagSet=TagSet{[Tag{name='availabilityZone', value='aps1-az2'}, Tag{name='diskState', value='READY'}, Tag{name='nodeType', value='ELECTABLE'}, Tag{name='provider', value='AWS'}, Tag{name='region', value='AP_SOUTH_1'}, Tag{name='workloadType', value='OPERATIONAL'}]}, electionId=7fffffff0000000000000009, setVersion=1, topologyVersion=TopologyVersion{processId=67f95943868877c2c3e82ebb, counter=6}, lastWriteDate=Sat Apr 12 19:10:11 GMT+05:45 2025, lastUpdateTimeNanos=10435197173827}
2025-04-12 19:10:15 INFO  org.mongodb.driver.cluster - Discovered replica set primary ac-kex050i-shard-00-02.6b69sb9.mongodb.net:27017 with max election id 7fffffff0000000000000009 and max set version 1
2025-04-12 19:10:19 INFO  o.s.s.c.a.a.c.InitializeAuthenticationProviderBeanManagerConfigurer$InitializeAuthenticationProviderManagerConfigurer - Global AuthenticationManager configured with AuthenticationProvider bean with name authenticationProvider
2025-04-12 19:10:19 WARN  o.s.s.c.a.a.c.InitializeUserDetailsBeanManagerConfigurer$InitializeUserDetailsManagerConfigurer - Global AuthenticationManager configured with an AuthenticationProvider bean. UserDetailsService beans will not be used by Spring Security for automatically configuring username/password login. Consider removing the AuthenticationProvider bean. Alternatively, consider using the UserDetailsService in a manually instantiated DaoAuthenticationProvider. If the current configuration is intentional, to turn off this warning, increase the logging level of 'org.springframework.security.config.annotation.authentication.configuration.InitializeUserDetailsBeanManagerConfigurer' to ERROR
2025-04-12 19:10:19 INFO  o.a.coyote.http11.Http11NioProtocol - Starting ProtocolHandler ["http-nio-8080"]
2025-04-12 19:10:19 INFO  o.s.b.w.e.tomcat.TomcatWebServer - Tomcat started on port 8080 (http) with context path '/'
2025-04-12 19:10:19 INFO  m.d.journalApp.JournalAppApplication - Started JournalAppApplication in 6.843 seconds (process running for 8.816)
2025-04-12 19:11:03 INFO  o.a.c.c.C.[Tomcat].[localhost].[/] - Initializing Spring DispatcherServlet 'dispatcherServlet'
2025-04-12 19:11:03 INFO  o.s.web.servlet.DispatcherServlet - Initializing Servlet 'dispatcherServlet'
2025-04-12 19:11:03 INFO  o.s.web.servlet.DispatcherServlet - Completed initialization in 1 ms
2025-04-12 19:13:44 INFO  o.s.b.w.e.tomcat.GracefulShutdown - Commencing graceful shutdown. Waiting for active requests to complete
2025-04-12 19:13:44 INFO  o.s.b.w.e.tomcat.GracefulShutdown - Graceful shutdown complete
2025-04-12 19:15:15 INFO  o.h.validator.internal.util.Version - HV000001: Hibernate Validator 8.0.2.Final
2025-04-12 19:15:15 INFO  m.d.journalApp.JournalAppApplication - Starting JournalAppApplication using Java 23.0.2 with PID 24383 (/home/malle/Project/journalApp/target/classes started by malle in /home/malle/Project/journalApp)
2025-04-12 19:15:15 INFO  m.d.journalApp.JournalAppApplication - The following 1 profile is active: "dev"
2025-04-12 19:15:16 INFO  o.s.d.r.c.RepositoryConfigurationDelegate - Bootstrapping Spring Data MongoDB repositories in DEFAULT mode.
2025-04-12 19:15:16 INFO  o.s.d.r.c.RepositoryConfigurationDelegate - Finished Spring Data repository scanning in 30 ms. Found 3 MongoDB repository interfaces.
2025-04-12 19:15:16 INFO  o.s.b.w.e.tomcat.TomcatWebServer - Tomcat initialized with port 8080 (http)
2025-04-12 19:15:16 INFO  o.a.coyote.http11.Http11NioProtocol - Initializing ProtocolHandler ["http-nio-8080"]
2025-04-12 19:15:16 INFO  o.a.catalina.core.StandardService - Starting service [Tomcat]
2025-04-12 19:15:16 INFO  o.a.catalina.core.StandardEngine - Starting Servlet engine: [Apache Tomcat/10.1.39]
2025-04-12 19:15:16 INFO  o.a.c.c.C.[Tomcat].[localhost].[/] - Initializing Spring embedded WebApplicationContext
2025-04-12 19:15:16 INFO  o.s.b.w.s.c.ServletWebServerApplicationContext - Root WebApplicationContext: initialization completed in 822 ms
2025-04-12 19:15:16 INFO  org.mongodb.driver.client - MongoClient with metadata {"driver": {"name": "mongo-java-driver|sync|spring-boot", "version": "5.2.1"}, "os": {"type": "Linux", "name": "Linux", "architecture": "amd64", "version": "6.11.0-21-generic"}, "platform": "Java/Oracle Corporation/23.0.2+7-58"} created with settings MongoClientSettings{readPreference=primary, writeConcern=WriteConcern{w=majority, wTimeout=null ms, journal=null}, retryWrites=true, retryReads=true, readConcern=ReadConcern{level=null}, credential=MongoCredential{mechanism=null, userName='dipeshmallapub', source='admin', password=<hidden>, mechanismProperties=<hidden>}, transportSettings=null, commandListeners=[], codecRegistry=ProvidersCodecRegistry{codecProviders=[ValueCodecProvider{}, BsonValueCodecProvider{}, DBRefCodecProvider{}, DBObjectCodecProvider{}, DocumentCodecProvider{}, CollectionCodecProvider{}, IterableCodecProvider{}, MapCodecProvider{}, GeoJsonCodecProvider{}, GridFSFileCodecProvider{}, Jsr310CodecProvider{}, JsonObjectCodecProvider{}, BsonCodecProvider{}, EnumCodecProvider{}, com.mongodb.client.model.mql.ExpressionCodecProvider@604d28c6, com.mongodb.Jep395RecordCodecProvider@7f3c0399, com.mongodb.KotlinCodecProvider@183fc2fa]}, loggerSettings=LoggerSettings{maxDocumentLength=1000}, clusterSettings={hosts=[127.0.0.1:27017], srvHost=cluster0.6b69sb9.mongodb.net, srvServiceName=mongodb, mode=MULTIPLE, requiredClusterType=REPLICA_SET, requiredReplicaSetName='atlas-kry611-shard-0', serverSelector='null', clusterListeners='[]', serverSelectionTimeout='30000 ms', localThreshold='15 ms'}, socketSettings=SocketSettings{connectTimeoutMS=10000, readTimeoutMS=0, receiveBufferSize=0, proxySettings=ProxySettings{host=null, port=null, username=null, password=null}}, heartbeatSocketSettings=SocketSettings{connectTimeoutMS=10000, readTimeoutMS=10000, receiveBufferSize=0, proxySettings=ProxySettings{host=null, port=null, username=null, password=null}}, connectionPoolSettings=ConnectionPoolSettings{maxSize=100, minSize=0, maxWaitTimeMS=120000, maxConnectionLifeTimeMS=0, maxConnectionIdleTimeMS=0, maintenanceInitialDelayMS=0, maintenanceFrequencyMS=60000, connectionPoolListeners=[], maxConnecting=2}, serverSettings=ServerSettings{heartbeatFrequencyMS=10000, minHeartbeatFrequencyMS=500, serverMonitoringMode=AUTO, serverListeners='[]', serverMonitorListeners='[]'}, sslSettings=SslSettings{enabled=true, invalidHostNameAllowed=false, context=null}, applicationName='null', compressorList=[], uuidRepresentation=JAVA_LEGACY, serverApi=null, autoEncryptionSettings=null, dnsClient=null, inetAddressResolver=null, contextProvider=null, timeoutMS=null}
2025-04-12 19:15:16 INFO  org.mongodb.driver.cluster - Adding discovered server ac-kex050i-shard-00-02.6b69sb9.mongodb.net:27017 to client view of cluster
2025-04-12 19:15:16 INFO  org.mongodb.driver.cluster - Adding discovered server ac-kex050i-shard-00-00.6b69sb9.mongodb.net:27017 to client view of cluster
2025-04-12 19:15:16 INFO  org.mongodb.driver.cluster - Adding discovered server ac-kex050i-shard-00-01.6b69sb9.mongodb.net:27017 to client view of cluster
2025-04-12 19:15:17 INFO  org.mongodb.driver.cluster - Waiting for server to become available for operation with ID 5. Remaining time: 29995 ms. Selector: WritableServerSelector, topology description: {type=REPLICA_SET, servers=[{address=ac-kex050i-shard-00-00.6b69sb9.mongodb.net:27017, type=UNKNOWN, state=CONNECTING}, {address=ac-kex050i-shard-00-02.6b69sb9.mongodb.net:27017, type=UNKNOWN, state=CONNECTING}, {address=ac-kex050i-shard-00-01.6b69sb9.mongodb.net:27017, type=UNKNOWN, state=CONNECTING}].
2025-04-12 19:15:17 INFO  org.mongodb.driver.cluster - Monitor thread successfully connected to server with description ServerDescription{address=ac-kex050i-shard-00-02.6b69sb9.mongodb.net:27017, type=REPLICA_SET_PRIMARY, cryptd=false, state=CONNECTED, ok=true, minWireVersion=0, maxWireVersion=25, maxDocumentSize=16777216, logicalSessionTimeoutMinutes=30, roundTripTimeNanos=342418212, minRoundTripTimeNanos=0, setName='atlas-kry611-shard-0', canonicalAddress=ac-kex050i-shard-00-02.6b69sb9.mongodb.net:27017, hosts=[ac-kex050i-shard-00-02.6b69sb9.mongodb.net:27017, ac-kex050i-shard-00-01.6b69sb9.mongodb.net:27017, ac-kex050i-shard-00-00.6b69sb9.mongodb.net:27017], passives=[], arbiters=[], primary='ac-kex050i-shard-00-02.6b69sb9.mongodb.net:27017', tagSet=TagSet{[Tag{name='availabilityZone', value='aps1-az2'}, Tag{name='diskState', value='READY'}, Tag{name='nodeType', value='ELECTABLE'}, Tag{name='provider', value='AWS'}, Tag{name='region', value='AP_SOUTH_1'}, Tag{name='workloadType', value='OPERATIONAL'}]}, electionId=7fffffff0000000000000009, setVersion=1, topologyVersion=TopologyVersion{processId=67f95943868877c2c3e82ebb, counter=6}, lastWriteDate=Sat Apr 12 19:15:11 GMT+05:45 2025, lastUpdateTimeNanos=10737679942122}
2025-04-12 19:15:17 INFO  org.mongodb.driver.cluster - Monitor thread successfully connected to server with description ServerDescription{address=ac-kex050i-shard-00-00.6b69sb9.mongodb.net:27017, type=REPLICA_SET_SECONDARY, cryptd=false, state=CONNECTED, ok=true, minWireVersion=0, maxWireVersion=25, maxDocumentSize=16777216, logicalSessionTimeoutMinutes=30, roundTripTimeNanos=342424727, minRoundTripTimeNanos=0, setName='atlas-kry611-shard-0', canonicalAddress=ac-kex050i-shard-00-00.6b69sb9.mongodb.net:27017, hosts=[ac-kex050i-shard-00-02.6b69sb9.mongodb.net:27017, ac-kex050i-shard-00-01.6b69sb9.mongodb.net:27017, ac-kex050i-shard-00-00.6b69sb9.mongodb.net:27017], passives=[], arbiters=[], primary='ac-kex050i-shard-00-02.6b69sb9.mongodb.net:27017', tagSet=TagSet{[Tag{name='availabilityZone', value='aps1-az1'}, Tag{name='diskState', value='READY'}, Tag{name='nodeType', value='ELECTABLE'}, Tag{name='provider', value='AWS'}, Tag{name='region', value='AP_SOUTH_1'}, Tag{name='workloadType', value='OPERATIONAL'}]}, electionId=null, setVersion=1, topologyVersion=TopologyVersion{processId=67f957c96e7bebcebef83be4, counter=4}, lastWriteDate=Sat Apr 12 19:15:11 GMT+05:45 2025, lastUpdateTimeNanos=10737679942077}
2025-04-12 19:15:17 INFO  org.mongodb.driver.cluster - Discovered replica set primary ac-kex050i-shard-00-02.6b69sb9.mongodb.net:27017 with max election id 7fffffff0000000000000009 and max set version 1
2025-04-12 19:15:17 INFO  org.mongodb.driver.cluster - Monitor thread successfully connected to server with description ServerDescription{address=ac-kex050i-shard-00-01.6b69sb9.mongodb.net:27017, type=REPLICA_SET_SECONDARY, cryptd=false, state=CONNECTED, ok=true, minWireVersion=0, maxWireVersion=25, maxDocumentSize=16777216, logicalSessionTimeoutMinutes=30, roundTripTimeNanos=609916134, minRoundTripTimeNanos=0, setName='atlas-kry611-shard-0', canonicalAddress=ac-kex050i-shard-00-01.6b69sb9.mongodb.net:27017, hosts=[ac-kex050i-shard-00-02.6b69sb9.mongodb.net:27017, ac-kex050i-shard-00-01.6b69sb9.mongodb.net:27017, ac-kex050i-shard-00-00.6b69sb9.mongodb.net:27017], passives=[], arbiters=[], primary='ac-kex050i-shard-00-02.6b69sb9.mongodb.net:27017', tagSet=TagSet{[Tag{name='availabilityZone', value='aps1-az3'}, Tag{name='diskState', value='READY'}, Tag{name='nodeType', value='ELECTABLE'}, Tag{name='provider', value='AWS'}, Tag{name='region', value='AP_SOUTH_1'}, Tag{name='workloadType', value='OPERATIONAL'}]}, electionId=null, setVersion=1, topologyVersion=TopologyVersion{processId=67f95a88e18c31e0b3801de8, counter=3}, lastWriteDate=Sat Apr 12 19:15:11 GMT+05:45 2025, lastUpdateTimeNanos=10737947439190}
2025-04-12 19:15:18 INFO  o.s.s.c.a.a.c.InitializeAuthenticationProviderBeanManagerConfigurer$InitializeAuthenticationProviderManagerConfigurer - Global AuthenticationManager configured with AuthenticationProvider bean with name authenticationProvider
2025-04-12 19:15:18 WARN  o.s.s.c.a.a.c.InitializeUserDetailsBeanManagerConfigurer$InitializeUserDetailsManagerConfigurer - Global AuthenticationManager configured with an AuthenticationProvider bean. UserDetailsService beans will not be used by Spring Security for automatically configuring username/password login. Consider removing the AuthenticationProvider bean. Alternatively, consider using the UserDetailsService in a manually instantiated DaoAuthenticationProvider. If the current configuration is intentional, to turn off this warning, increase the logging level of 'org.springframework.security.config.annotation.authentication.configuration.InitializeUserDetailsBeanManagerConfigurer' to ERROR
2025-04-12 19:15:19 INFO  o.a.coyote.http11.Http11NioProtocol - Starting ProtocolHandler ["http-nio-8080"]
2025-04-12 19:15:19 INFO  o.s.b.w.e.tomcat.TomcatWebServer - Tomcat started on port 8080 (http) with context path '/'
2025-04-12 19:15:19 INFO  m.d.journalApp.JournalAppApplication - Started JournalAppApplication in 3.74 seconds (process running for 4.53)
2025-04-12 19:15:23 INFO  o.a.c.c.C.[Tomcat].[localhost].[/] - Initializing Spring DispatcherServlet 'dispatcherServlet'
2025-04-12 19:15:23 INFO  o.s.web.servlet.DispatcherServlet - Initializing Servlet 'dispatcherServlet'
2025-04-12 19:15:23 INFO  o.s.web.servlet.DispatcherServlet - Completed initialization in 0 ms
2025-04-12 19:15:42 INFO  o.s.b.w.e.tomcat.GracefulShutdown - Commencing graceful shutdown. Waiting for active requests to complete
2025-04-12 19:15:42 INFO  o.s.b.w.e.tomcat.GracefulShutdown - Graceful shutdown complete
2025-04-12 19:15:44 INFO  o.h.validator.internal.util.Version - HV000001: Hibernate Validator 8.0.2.Final
2025-04-12 19:15:44 INFO  m.d.journalApp.JournalAppApplication - Starting JournalAppApplication using Java 23.0.2 with PID 24555 (/home/malle/Project/journalApp/target/classes started by malle in /home/malle/Project/journalApp)
2025-04-12 19:15:44 INFO  m.d.journalApp.JournalAppApplication - The following 1 profile is active: "dev"
2025-04-12 19:15:45 INFO  o.s.d.r.c.RepositoryConfigurationDelegate - Bootstrapping Spring Data MongoDB repositories in DEFAULT mode.
2025-04-12 19:15:45 INFO  o.s.d.r.c.RepositoryConfigurationDelegate - Finished Spring Data repository scanning in 28 ms. Found 3 MongoDB repository interfaces.
2025-04-12 19:15:45 INFO  o.s.b.w.e.tomcat.TomcatWebServer - Tomcat initialized with port 8080 (http)
2025-04-12 19:15:45 INFO  o.a.coyote.http11.Http11NioProtocol - Initializing ProtocolHandler ["http-nio-8080"]
2025-04-12 19:15:45 INFO  o.a.catalina.core.StandardService - Starting service [Tomcat]
2025-04-12 19:15:45 INFO  o.a.catalina.core.StandardEngine - Starting Servlet engine: [Apache Tomcat/10.1.39]
2025-04-12 19:15:45 INFO  o.a.c.c.C.[Tomcat].[localhost].[/] - Initializing Spring embedded WebApplicationContext
2025-04-12 19:15:45 INFO  o.s.b.w.s.c.ServletWebServerApplicationContext - Root WebApplicationContext: initialization completed in 842 ms
2025-04-12 19:15:45 INFO  org.mongodb.driver.cluster - Adding discovered server ac-kex050i-shard-00-02.6b69sb9.mongodb.net:27017 to client view of cluster
2025-04-12 19:15:45 INFO  org.mongodb.driver.client - MongoClient with metadata {"driver": {"name": "mongo-java-driver|sync|spring-boot", "version": "5.2.1"}, "os": {"type": "Linux", "name": "Linux", "architecture": "amd64", "version": "6.11.0-21-generic"}, "platform": "Java/Oracle Corporation/23.0.2+7-58"} created with settings MongoClientSettings{readPreference=primary, writeConcern=WriteConcern{w=majority, wTimeout=null ms, journal=null}, retryWrites=true, retryReads=true, readConcern=ReadConcern{level=null}, credential=MongoCredential{mechanism=null, userName='dipeshmallapub', source='admin', password=<hidden>, mechanismProperties=<hidden>}, transportSettings=null, commandListeners=[], codecRegistry=ProvidersCodecRegistry{codecProviders=[ValueCodecProvider{}, BsonValueCodecProvider{}, DBRefCodecProvider{}, DBObjectCodecProvider{}, DocumentCodecProvider{}, CollectionCodecProvider{}, IterableCodecProvider{}, MapCodecProvider{}, GeoJsonCodecProvider{}, GridFSFileCodecProvider{}, Jsr310CodecProvider{}, JsonObjectCodecProvider{}, BsonCodecProvider{}, EnumCodecProvider{}, com.mongodb.client.model.mql.ExpressionCodecProvider@25533bba, com.mongodb.Jep395RecordCodecProvider@26d0ece6, com.mongodb.KotlinCodecProvider@100bba26]}, loggerSettings=LoggerSettings{maxDocumentLength=1000}, clusterSettings={hosts=[127.0.0.1:27017], srvHost=cluster0.6b69sb9.mongodb.net, srvServiceName=mongodb, mode=MULTIPLE, requiredClusterType=REPLICA_SET, requiredReplicaSetName='atlas-kry611-shard-0', serverSelector='null', clusterListeners='[]', serverSelectionTimeout='30000 ms', localThreshold='15 ms'}, socketSettings=SocketSettings{connectTimeoutMS=10000, readTimeoutMS=0, receiveBufferSize=0, proxySettings=ProxySettings{host=null, port=null, username=null, password=null}}, heartbeatSocketSettings=SocketSettings{connectTimeoutMS=10000, readTimeoutMS=10000, receiveBufferSize=0, proxySettings=ProxySettings{host=null, port=null, username=null, password=null}}, connectionPoolSettings=ConnectionPoolSettings{maxSize=100, minSize=0, maxWaitTimeMS=120000, maxConnectionLifeTimeMS=0, maxConnectionIdleTimeMS=0, maintenanceInitialDelayMS=0, maintenanceFrequencyMS=60000, connectionPoolListeners=[], maxConnecting=2}, serverSettings=ServerSettings{heartbeatFrequencyMS=10000, minHeartbeatFrequencyMS=500, serverMonitoringMode=AUTO, serverListeners='[]', serverMonitorListeners='[]'}, sslSettings=SslSettings{enabled=true, invalidHostNameAllowed=false, context=null}, applicationName='null', compressorList=[], uuidRepresentation=JAVA_LEGACY, serverApi=null, autoEncryptionSettings=null, dnsClient=null, inetAddressResolver=null, contextProvider=null, timeoutMS=null}
2025-04-12 19:15:45 INFO  org.mongodb.driver.cluster - Adding discovered server ac-kex050i-shard-00-00.6b69sb9.mongodb.net:27017 to client view of cluster
2025-04-12 19:15:45 INFO  org.mongodb.driver.cluster - Adding discovered server ac-kex050i-shard-00-01.6b69sb9.mongodb.net:27017 to client view of cluster
2025-04-12 19:15:46 INFO  org.mongodb.driver.cluster - Waiting for server to become available for operation with ID 5. Remaining time: 29996 ms. Selector: WritableServerSelector, topology description: {type=REPLICA_SET, servers=[{address=ac-kex050i-shard-00-00.6b69sb9.mongodb.net:27017, type=UNKNOWN, state=CONNECTING}, {address=ac-kex050i-shard-00-02.6b69sb9.mongodb.net:27017, type=UNKNOWN, state=CONNECTING}, {address=ac-kex050i-shard-00-01.6b69sb9.mongodb.net:27017, type=UNKNOWN, state=CONNECTING}].
2025-04-12 19:15:47 INFO  org.mongodb.driver.cluster - Monitor thread successfully connected to server with description ServerDescription{address=ac-kex050i-shard-00-00.6b69sb9.mongodb.net:27017, type=REPLICA_SET_SECONDARY, cryptd=false, state=CONNECTED, ok=true, minWireVersion=0, maxWireVersion=25, maxDocumentSize=16777216, logicalSessionTimeoutMinutes=30, roundTripTimeNanos=1139432480, minRoundTripTimeNanos=0, setName='atlas-kry611-shard-0', canonicalAddress=ac-kex050i-shard-00-00.6b69sb9.mongodb.net:27017, hosts=[ac-kex050i-shard-00-02.6b69sb9.mongodb.net:27017, ac-kex050i-shard-00-01.6b69sb9.mongodb.net:27017, ac-kex050i-shard-00-00.6b69sb9.mongodb.net:27017], passives=[], arbiters=[], primary='ac-kex050i-shard-00-02.6b69sb9.mongodb.net:27017', tagSet=TagSet{[Tag{name='availabilityZone', value='aps1-az1'}, Tag{name='diskState', value='READY'}, Tag{name='nodeType', value='ELECTABLE'}, Tag{name='provider', value='AWS'}, Tag{name='region', value='AP_SOUTH_1'}, Tag{name='workloadType', value='OPERATIONAL'}]}, electionId=null, setVersion=1, topologyVersion=TopologyVersion{processId=67f957c96e7bebcebef83be4, counter=4}, lastWriteDate=Sat Apr 12 19:15:41 GMT+05:45 2025, lastUpdateTimeNanos=10767334813027}
2025-04-12 19:15:47 INFO  org.mongodb.driver.cluster - Monitor thread successfully connected to server with description ServerDescription{address=ac-kex050i-shard-00-01.6b69sb9.mongodb.net:27017, type=REPLICA_SET_SECONDARY, cryptd=false, state=CONNECTED, ok=true, minWireVersion=0, maxWireVersion=25, maxDocumentSize=16777216, logicalSessionTimeoutMinutes=30, roundTripTimeNanos=1618062073, minRoundTripTimeNanos=0, setName='atlas-kry611-shard-0', canonicalAddress=ac-kex050i-shard-00-01.6b69sb9.mongodb.net:27017, hosts=[ac-kex050i-shard-00-02.6b69sb9.mongodb.net:27017, ac-kex050i-shard-00-01.6b69sb9.mongodb.net:27017, ac-kex050i-shard-00-00.6b69sb9.mongodb.net:27017], passives=[], arbiters=[], primary='ac-kex050i-shard-00-02.6b69sb9.mongodb.net:27017', tagSet=TagSet{[Tag{name='availabilityZone', value='aps1-az3'}, Tag{name='diskState', value='READY'}, Tag{name='nodeType', value='ELECTABLE'}, Tag{name='provider', value='AWS'}, Tag{name='region', value='AP_SOUTH_1'}, Tag{name='workloadType', value='OPERATIONAL'}]}, electionId=null, setVersion=1, topologyVersion=TopologyVersion{processId=67f95a88e18c31e0b3801de8, counter=3}, lastWriteDate=Sat Apr 12 19:15:41 GMT+05:45 2025, lastUpdateTimeNanos=10767806310183}
2025-04-12 19:15:48 INFO  org.mongodb.driver.cluster - Monitor thread successfully connected to server with description ServerDescription{address=ac-kex050i-shard-00-02.6b69sb9.mongodb.net:27017, type=REPLICA_SET_PRIMARY, cryptd=false, state=CONNECTED, ok=true, minWireVersion=0, maxWireVersion=25, maxDocumentSize=16777216, logicalSessionTimeoutMinutes=30, roundTripTimeNanos=2318417154, minRoundTripTimeNanos=0, setName='atlas-kry611-shard-0', canonicalAddress=ac-kex050i-shard-00-02.6b69sb9.mongodb.net:27017, hosts=[ac-kex050i-shard-00-02.6b69sb9.mongodb.net:27017, ac-kex050i-shard-00-01.6b69sb9.mongodb.net:27017, ac-kex050i-shard-00-00.6b69sb9.mongodb.net:27017], passives=[], arbiters=[], primary='ac-kex050i-shard-00-02.6b69sb9.mongodb.net:27017', tagSet=TagSet{[Tag{name='availabilityZone', value='aps1-az2'}, Tag{name='diskState', value='READY'}, Tag{name='nodeType', value='ELECTABLE'}, Tag{name='provider', value='AWS'}, Tag{name='region', value='AP_SOUTH_1'}, Tag{name='workloadType', value='OPERATIONAL'}]}, electionId=7fffffff0000000000000009, setVersion=1, topologyVersion=TopologyVersion{processId=67f95943868877c2c3e82ebb, counter=6}, lastWriteDate=Sat Apr 12 19:15:41 GMT+05:45 2025, lastUpdateTimeNanos=10768507706647}
2025-04-12 19:15:48 INFO  org.mongodb.driver.cluster - Discovered replica set primary ac-kex050i-shard-00-02.6b69sb9.mongodb.net:27017 with max election id 7fffffff0000000000000009 and max set version 1
2025-04-12 19:15:49 INFO  o.s.s.c.a.a.c.InitializeAuthenticationProviderBeanManagerConfigurer$InitializeAuthenticationProviderManagerConfigurer - Global AuthenticationManager configured with AuthenticationProvider bean with name authenticationProvider
2025-04-12 19:15:49 WARN  o.s.s.c.a.a.c.InitializeUserDetailsBeanManagerConfigurer$InitializeUserDetailsManagerConfigurer - Global AuthenticationManager configured with an AuthenticationProvider bean. UserDetailsService beans will not be used by Spring Security for automatically configuring username/password login. Consider removing the AuthenticationProvider bean. Alternatively, consider using the UserDetailsService in a manually instantiated DaoAuthenticationProvider. If the current configuration is intentional, to turn off this warning, increase the logging level of 'org.springframework.security.config.annotation.authentication.configuration.InitializeUserDetailsBeanManagerConfigurer' to ERROR
2025-04-12 19:15:50 INFO  o.a.coyote.http11.Http11NioProtocol - Starting ProtocolHandler ["http-nio-8080"]
2025-04-12 19:15:50 INFO  o.s.b.w.e.tomcat.TomcatWebServer - Tomcat started on port 8080 (http) with context path '/'
2025-04-12 19:15:50 INFO  m.d.journalApp.JournalAppApplication - Started JournalAppApplication in 5.567 seconds (process running for 6.493)
2025-04-12 19:15:54 INFO  o.a.c.c.C.[Tomcat].[localhost].[/] - Initializing Spring DispatcherServlet 'dispatcherServlet'
2025-04-12 19:15:54 INFO  o.s.web.servlet.DispatcherServlet - Initializing Servlet 'dispatcherServlet'
2025-04-12 19:15:54 INFO  o.s.web.servlet.DispatcherServlet - Completed initialization in 1 ms
2025-04-12 19:22:04 INFO  o.s.b.w.e.tomcat.GracefulShutdown - Commencing graceful shutdown. Waiting for active requests to complete
2025-04-12 19:22:04 INFO  o.s.b.w.e.tomcat.GracefulShutdown - Graceful shutdown complete
2025-04-12 19:22:12 INFO  o.h.validator.internal.util.Version - HV000001: Hibernate Validator 8.0.2.Final
2025-04-12 19:22:12 INFO  m.d.journalApp.JournalAppApplication - Starting JournalAppApplication using Java 23.0.2 with PID 25548 (/home/malle/Project/journalApp/target/classes started by malle in /home/malle/Project/journalApp)
2025-04-12 19:22:12 INFO  m.d.journalApp.JournalAppApplication - The following 1 profile is active: "dev"
2025-04-12 19:22:13 INFO  o.s.d.r.c.RepositoryConfigurationDelegate - Bootstrapping Spring Data MongoDB repositories in DEFAULT mode.
2025-04-12 19:22:13 INFO  o.s.d.r.c.RepositoryConfigurationDelegate - Finished Spring Data repository scanning in 21 ms. Found 3 MongoDB repository interfaces.
2025-04-12 19:22:13 INFO  o.s.b.w.e.tomcat.TomcatWebServer - Tomcat initialized with port 8080 (http)
2025-04-12 19:22:13 INFO  o.a.coyote.http11.Http11NioProtocol - Initializing ProtocolHandler ["http-nio-8080"]
2025-04-12 19:22:13 INFO  o.a.catalina.core.StandardService - Starting service [Tomcat]
2025-04-12 19:22:13 INFO  o.a.catalina.core.StandardEngine - Starting Servlet engine: [Apache Tomcat/10.1.39]
2025-04-12 19:22:13 INFO  o.a.c.c.C.[Tomcat].[localhost].[/] - Initializing Spring embedded WebApplicationContext
2025-04-12 19:22:13 INFO  o.s.b.w.s.c.ServletWebServerApplicationContext - Root WebApplicationContext: initialization completed in 774 ms
2025-04-12 19:22:14 INFO  org.mongodb.driver.client - MongoClient with metadata {"driver": {"name": "mongo-java-driver|sync|spring-boot", "version": "5.2.1"}, "os": {"type": "Linux", "name": "Linux", "architecture": "amd64", "version": "6.11.0-21-generic"}, "platform": "Java/Oracle Corporation/23.0.2+7-58"} created with settings MongoClientSettings{readPreference=primary, writeConcern=WriteConcern{w=majority, wTimeout=null ms, journal=null}, retryWrites=true, retryReads=true, readConcern=ReadConcern{level=null}, credential=MongoCredential{mechanism=null, userName='dipeshmallapub', source='admin', password=<hidden>, mechanismProperties=<hidden>}, transportSettings=null, commandListeners=[], codecRegistry=ProvidersCodecRegistry{codecProviders=[ValueCodecProvider{}, BsonValueCodecProvider{}, DBRefCodecProvider{}, DBObjectCodecProvider{}, DocumentCodecProvider{}, CollectionCodecProvider{}, IterableCodecProvider{}, MapCodecProvider{}, GeoJsonCodecProvider{}, GridFSFileCodecProvider{}, Jsr310CodecProvider{}, JsonObjectCodecProvider{}, BsonCodecProvider{}, EnumCodecProvider{}, com.mongodb.client.model.mql.ExpressionCodecProvider@e62319f, com.mongodb.Jep395RecordCodecProvider@4d354a3e, com.mongodb.KotlinCodecProvider@24a0c58b]}, loggerSettings=LoggerSettings{maxDocumentLength=1000}, clusterSettings={hosts=[127.0.0.1:27017], srvHost=cluster0.6b69sb9.mongodb.net, srvServiceName=mongodb, mode=MULTIPLE, requiredClusterType=REPLICA_SET, requiredReplicaSetName='atlas-kry611-shard-0', serverSelector='null', clusterListeners='[]', serverSelectionTimeout='30000 ms', localThreshold='15 ms'}, socketSettings=SocketSettings{connectTimeoutMS=10000, readTimeoutMS=0, receiveBufferSize=0, proxySettings=ProxySettings{host=null, port=null, username=null, password=null}}, heartbeatSocketSettings=SocketSettings{connectTimeoutMS=10000, readTimeoutMS=10000, receiveBufferSize=0, proxySettings=ProxySettings{host=null, port=null, username=null, password=null}}, connectionPoolSettings=ConnectionPoolSettings{maxSize=100, minSize=0, maxWaitTimeMS=120000, maxConnectionLifeTimeMS=0, maxConnectionIdleTimeMS=0, maintenanceInitialDelayMS=0, maintenanceFrequencyMS=60000, connectionPoolListeners=[], maxConnecting=2}, serverSettings=ServerSettings{heartbeatFrequencyMS=10000, minHeartbeatFrequencyMS=500, serverMonitoringMode=AUTO, serverListeners='[]', serverMonitorListeners='[]'}, sslSettings=SslSettings{enabled=true, invalidHostNameAllowed=false, context=null}, applicationName='null', compressorList=[], uuidRepresentation=JAVA_LEGACY, serverApi=null, autoEncryptionSettings=null, dnsClient=null, inetAddressResolver=null, contextProvider=null, timeoutMS=null}
2025-04-12 19:22:14 INFO  org.mongodb.driver.cluster - Waiting for server to become available for operation with ID 2. Remaining time: 29993 ms. Selector: WritableServerSelector, topology description: {type=UNKNOWN, servers=[].
2025-04-12 19:22:14 INFO  org.mongodb.driver.cluster - Adding discovered server ac-kex050i-shard-00-02.6b69sb9.mongodb.net:27017 to client view of cluster
2025-04-12 19:22:14 INFO  org.mongodb.driver.cluster - Adding discovered server ac-kex050i-shard-00-00.6b69sb9.mongodb.net:27017 to client view of cluster
2025-04-12 19:22:14 INFO  org.mongodb.driver.cluster - Adding discovered server ac-kex050i-shard-00-01.6b69sb9.mongodb.net:27017 to client view of cluster
2025-04-12 19:22:15 INFO  org.mongodb.driver.cluster - Monitor thread successfully connected to server with description ServerDescription{address=ac-kex050i-shard-00-01.6b69sb9.mongodb.net:27017, type=REPLICA_SET_SECONDARY, cryptd=false, state=CONNECTED, ok=true, minWireVersion=0, maxWireVersion=25, maxDocumentSize=16777216, logicalSessionTimeoutMinutes=30, roundTripTimeNanos=676892521, minRoundTripTimeNanos=0, setName='atlas-kry611-shard-0', canonicalAddress=ac-kex050i-shard-00-01.6b69sb9.mongodb.net:27017, hosts=[ac-kex050i-shard-00-02.6b69sb9.mongodb.net:27017, ac-kex050i-shard-00-01.6b69sb9.mongodb.net:27017, ac-kex050i-shard-00-00.6b69sb9.mongodb.net:27017], passives=[], arbiters=[], primary='ac-kex050i-shard-00-02.6b69sb9.mongodb.net:27017', tagSet=TagSet{[Tag{name='availabilityZone', value='aps1-az3'}, Tag{name='diskState', value='READY'}, Tag{name='nodeType', value='ELECTABLE'}, Tag{name='provider', value='AWS'}, Tag{name='region', value='AP_SOUTH_1'}, Tag{name='workloadType', value='OPERATIONAL'}]}, electionId=null, setVersion=1, topologyVersion=TopologyVersion{processId=67f95a88e18c31e0b3801de8, counter=3}, lastWriteDate=Sat Apr 12 19:22:11 GMT+05:45 2025, lastUpdateTimeNanos=11155933081632}
2025-04-12 19:22:16 INFO  org.mongodb.driver.cluster - Monitor thread successfully connected to server with description ServerDescription{address=ac-kex050i-shard-00-02.6b69sb9.mongodb.net:27017, type=REPLICA_SET_PRIMARY, cryptd=false, state=CONNECTED, ok=true, minWireVersion=0, maxWireVersion=25, maxDocumentSize=16777216, logicalSessionTimeoutMinutes=30, roundTripTimeNanos=1041562439, minRoundTripTimeNanos=0, setName='atlas-kry611-shard-0', canonicalAddress=ac-kex050i-shard-00-02.6b69sb9.mongodb.net:27017, hosts=[ac-kex050i-shard-00-02.6b69sb9.mongodb.net:27017, ac-kex050i-shard-00-01.6b69sb9.mongodb.net:27017, ac-kex050i-shard-00-00.6b69sb9.mongodb.net:27017], passives=[], arbiters=[], primary='ac-kex050i-shard-00-02.6b69sb9.mongodb.net:27017', tagSet=TagSet{[Tag{name='availabilityZone', value='aps1-az2'}, Tag{name='diskState', value='READY'}, Tag{name='nodeType', value='ELECTABLE'}, Tag{name='provider', value='AWS'}, Tag{name='region', value='AP_SOUTH_1'}, Tag{name='workloadType', value='OPERATIONAL'}]}, electionId=7fffffff0000000000000009, setVersion=1, topologyVersion=TopologyVersion{processId=67f95943868877c2c3e82ebb, counter=6}, lastWriteDate=Sat Apr 12 19:22:11 GMT+05:45 2025, lastUpdateTimeNanos=11156494796714}
2025-04-12 19:22:16 INFO  org.mongodb.driver.cluster - Discovered replica set primary ac-kex050i-shard-00-02.6b69sb9.mongodb.net:27017 with max election id 7fffffff0000000000000009 and max set version 1
2025-04-12 19:22:17 INFO  o.s.s.c.a.a.c.InitializeAuthenticationProviderBeanManagerConfigurer$InitializeAuthenticationProviderManagerConfigurer - Global AuthenticationManager configured with AuthenticationProvider bean with name authenticationProvider
2025-04-12 19:22:17 WARN  o.s.s.c.a.a.c.InitializeUserDetailsBeanManagerConfigurer$InitializeUserDetailsManagerConfigurer - Global AuthenticationManager configured with an AuthenticationProvider bean. UserDetailsService beans will not be used by Spring Security for automatically configuring username/password login. Consider removing the AuthenticationProvider bean. Alternatively, consider using the UserDetailsService in a manually instantiated DaoAuthenticationProvider. If the current configuration is intentional, to turn off this warning, increase the logging level of 'org.springframework.security.config.annotation.authentication.configuration.InitializeUserDetailsBeanManagerConfigurer' to ERROR
2025-04-12 19:22:18 INFO  o.a.coyote.http11.Http11NioProtocol - Starting ProtocolHandler ["http-nio-8080"]
2025-04-12 19:22:18 INFO  o.s.b.w.e.tomcat.TomcatWebServer - Tomcat started on port 8080 (http) with context path '/'
2025-04-12 19:22:18 INFO  m.d.journalApp.JournalAppApplication - Started JournalAppApplication in 5.437 seconds (process running for 6.077)
2025-04-12 19:22:20 INFO  o.a.c.c.C.[Tomcat].[localhost].[/] - Initializing Spring DispatcherServlet 'dispatcherServlet'
2025-04-12 19:22:20 INFO  o.s.web.servlet.DispatcherServlet - Initializing Servlet 'dispatcherServlet'
2025-04-12 19:22:20 INFO  o.s.web.servlet.DispatcherServlet - Completed initialization in 0 ms
2025-04-12 19:22:20 INFO  org.mongodb.driver.cluster - Monitor thread successfully connected to server with description ServerDescription{address=ac-kex050i-shard-00-00.6b69sb9.mongodb.net:27017, type=REPLICA_SET_SECONDARY, cryptd=false, state=CONNECTED, ok=true, minWireVersion=0, maxWireVersion=25, maxDocumentSize=16777216, logicalSessionTimeoutMinutes=30, roundTripTimeNanos=336989122, minRoundTripTimeNanos=0, setName='atlas-kry611-shard-0', canonicalAddress=ac-kex050i-shard-00-00.6b69sb9.mongodb.net:27017, hosts=[ac-kex050i-shard-00-02.6b69sb9.mongodb.net:27017, ac-kex050i-shard-00-01.6b69sb9.mongodb.net:27017, ac-kex050i-shard-00-00.6b69sb9.mongodb.net:27017], passives=[], arbiters=[], primary='ac-kex050i-shard-00-02.6b69sb9.mongodb.net:27017', tagSet=TagSet{[Tag{name='availabilityZone', value='aps1-az1'}, Tag{name='diskState', value='READY'}, Tag{name='nodeType', value='ELECTABLE'}, Tag{name='provider', value='AWS'}, Tag{name='region', value='AP_SOUTH_1'}, Tag{name='workloadType', value='OPERATIONAL'}]}, electionId=null, setVersion=1, topologyVersion=TopologyVersion{processId=67f957c96e7bebcebef83be4, counter=4}, lastWriteDate=Sat Apr 12 19:22:11 GMT+05:45 2025, lastUpdateTimeNanos=11160464047163}
2025-04-12 19:22:30 INFO  o.s.b.w.e.tomcat.GracefulShutdown - Commencing graceful shutdown. Waiting for active requests to complete
2025-04-12 19:22:30 INFO  o.s.b.w.e.tomcat.GracefulShutdown - Graceful shutdown complete
2025-04-12 19:22:32 INFO  o.h.validator.internal.util.Version - HV000001: Hibernate Validator 8.0.2.Final
2025-04-12 19:22:32 INFO  m.d.journalApp.JournalAppApplication - Starting JournalAppApplication using Java 23.0.2 with PID 25708 (/home/malle/Project/journalApp/target/classes started by malle in /home/malle/Project/journalApp)
2025-04-12 19:22:32 INFO  m.d.journalApp.JournalAppApplication - The following 1 profile is active: "dev"
2025-04-12 19:22:32 INFO  o.s.d.r.c.RepositoryConfigurationDelegate - Bootstrapping Spring Data MongoDB repositories in DEFAULT mode.
2025-04-12 19:22:32 INFO  o.s.d.r.c.RepositoryConfigurationDelegate - Finished Spring Data repository scanning in 26 ms. Found 3 MongoDB repository interfaces.
2025-04-12 19:22:33 INFO  o.s.b.w.e.tomcat.TomcatWebServer - Tomcat initialized with port 8080 (http)
2025-04-12 19:22:33 INFO  o.a.coyote.http11.Http11NioProtocol - Initializing ProtocolHandler ["http-nio-8080"]
2025-04-12 19:22:33 INFO  o.a.catalina.core.StandardService - Starting service [Tomcat]
2025-04-12 19:22:33 INFO  o.a.catalina.core.StandardEngine - Starting Servlet engine: [Apache Tomcat/10.1.39]
2025-04-12 19:22:33 INFO  o.a.c.c.C.[Tomcat].[localhost].[/] - Initializing Spring embedded WebApplicationContext
2025-04-12 19:22:33 INFO  o.s.b.w.s.c.ServletWebServerApplicationContext - Root WebApplicationContext: initialization completed in 802 ms
2025-04-12 19:22:33 INFO  org.mongodb.driver.cluster - Adding discovered server ac-kex050i-shard-00-02.6b69sb9.mongodb.net:27017 to client view of cluster
2025-04-12 19:22:33 INFO  org.mongodb.driver.client - MongoClient with metadata {"driver": {"name": "mongo-java-driver|sync|spring-boot", "version": "5.2.1"}, "os": {"type": "Linux", "name": "Linux", "architecture": "amd64", "version": "6.11.0-21-generic"}, "platform": "Java/Oracle Corporation/23.0.2+7-58"} created with settings MongoClientSettings{readPreference=primary, writeConcern=WriteConcern{w=majority, wTimeout=null ms, journal=null}, retryWrites=true, retryReads=true, readConcern=ReadConcern{level=null}, credential=MongoCredential{mechanism=null, userName='dipeshmallapub', source='admin', password=<hidden>, mechanismProperties=<hidden>}, transportSettings=null, commandListeners=[], codecRegistry=ProvidersCodecRegistry{codecProviders=[ValueCodecProvider{}, BsonValueCodecProvider{}, DBRefCodecProvider{}, DBObjectCodecProvider{}, DocumentCodecProvider{}, CollectionCodecProvider{}, IterableCodecProvider{}, MapCodecProvider{}, GeoJsonCodecProvider{}, GridFSFileCodecProvider{}, Jsr310CodecProvider{}, JsonObjectCodecProvider{}, BsonCodecProvider{}, EnumCodecProvider{}, com.mongodb.client.model.mql.ExpressionCodecProvider@446b64b3, com.mongodb.Jep395RecordCodecProvider@35ac9ebd, com.mongodb.KotlinCodecProvider@56c0a61e]}, loggerSettings=LoggerSettings{maxDocumentLength=1000}, clusterSettings={hosts=[127.0.0.1:27017], srvHost=cluster0.6b69sb9.mongodb.net, srvServiceName=mongodb, mode=MULTIPLE, requiredClusterType=REPLICA_SET, requiredReplicaSetName='atlas-kry611-shard-0', serverSelector='null', clusterListeners='[]', serverSelectionTimeout='30000 ms', localThreshold='15 ms'}, socketSettings=SocketSettings{connectTimeoutMS=10000, readTimeoutMS=0, receiveBufferSize=0, proxySettings=ProxySettings{host=null, port=null, username=null, password=null}}, heartbeatSocketSettings=SocketSettings{connectTimeoutMS=10000, readTimeoutMS=10000, receiveBufferSize=0, proxySettings=ProxySettings{host=null, port=null, username=null, password=null}}, connectionPoolSettings=ConnectionPoolSettings{maxSize=100, minSize=0, maxWaitTimeMS=120000, maxConnectionLifeTimeMS=0, maxConnectionIdleTimeMS=0, maintenanceInitialDelayMS=0, maintenanceFrequencyMS=60000, connectionPoolListeners=[], maxConnecting=2}, serverSettings=ServerSettings{heartbeatFrequencyMS=10000, minHeartbeatFrequencyMS=500, serverMonitoringMode=AUTO, serverListeners='[]', serverMonitorListeners='[]'}, sslSettings=SslSettings{enabled=true, invalidHostNameAllowed=false, context=null}, applicationName='null', compressorList=[], uuidRepresentation=JAVA_LEGACY, serverApi=null, autoEncryptionSettings=null, dnsClient=null, inetAddressResolver=null, contextProvider=null, timeoutMS=null}
2025-04-12 19:22:33 INFO  org.mongodb.driver.cluster - Adding discovered server ac-kex050i-shard-00-00.6b69sb9.mongodb.net:27017 to client view of cluster
2025-04-12 19:22:33 INFO  org.mongodb.driver.cluster - Adding discovered server ac-kex050i-shard-00-01.6b69sb9.mongodb.net:27017 to client view of cluster
2025-04-12 19:22:33 INFO  org.mongodb.driver.cluster - Waiting for server to become available for operation with ID 5. Remaining time: 29996 ms. Selector: WritableServerSelector, topology description: {type=REPLICA_SET, servers=[{address=ac-kex050i-shard-00-00.6b69sb9.mongodb.net:27017, type=UNKNOWN, state=CONNECTING}, {address=ac-kex050i-shard-00-02.6b69sb9.mongodb.net:27017, type=UNKNOWN, state=CONNECTING}, {address=ac-kex050i-shard-00-01.6b69sb9.mongodb.net:27017, type=UNKNOWN, state=CONNECTING}].
2025-04-12 19:22:33 INFO  org.mongodb.driver.cluster - Monitor thread successfully connected to server with description ServerDescription{address=ac-kex050i-shard-00-01.6b69sb9.mongodb.net:27017, type=REPLICA_SET_SECONDARY, cryptd=false, state=CONNECTED, ok=true, minWireVersion=0, maxWireVersion=25, maxDocumentSize=16777216, logicalSessionTimeoutMinutes=30, roundTripTimeNanos=360515311, minRoundTripTimeNanos=0, setName='atlas-kry611-shard-0', canonicalAddress=ac-kex050i-shard-00-01.6b69sb9.mongodb.net:27017, hosts=[ac-kex050i-shard-00-02.6b69sb9.mongodb.net:27017, ac-kex050i-shard-00-01.6b69sb9.mongodb.net:27017, ac-kex050i-shard-00-00.6b69sb9.mongodb.net:27017], passives=[], arbiters=[], primary='ac-kex050i-shard-00-02.6b69sb9.mongodb.net:27017', tagSet=TagSet{[Tag{name='availabilityZone', value='aps1-az3'}, Tag{name='diskState', value='READY'}, Tag{name='nodeType', value='ELECTABLE'}, Tag{name='provider', value='AWS'}, Tag{name='region', value='AP_SOUTH_1'}, Tag{name='workloadType', value='OPERATIONAL'}]}, electionId=null, setVersion=1, topologyVersion=TopologyVersion{processId=67f95a88e18c31e0b3801de8, counter=3}, lastWriteDate=Sat Apr 12 19:22:30 GMT+05:45 2025, lastUpdateTimeNanos=11173908609724}
2025-04-12 19:22:33 INFO  org.mongodb.driver.cluster - Monitor thread successfully connected to server with description ServerDescription{address=ac-kex050i-shard-00-00.6b69sb9.mongodb.net:27017, type=REPLICA_SET_SECONDARY, cryptd=false, state=CONNECTED, ok=true, minWireVersion=0, maxWireVersion=25, maxDocumentSize=16777216, logicalSessionTimeoutMinutes=30, roundTripTimeNanos=366802538, minRoundTripTimeNanos=0, setName='atlas-kry611-shard-0', canonicalAddress=ac-kex050i-shard-00-00.6b69sb9.mongodb.net:27017, hosts=[ac-kex050i-shard-00-02.6b69sb9.mongodb.net:27017, ac-kex050i-shard-00-01.6b69sb9.mongodb.net:27017, ac-kex050i-shard-00-00.6b69sb9.mongodb.net:27017], passives=[], arbiters=[], primary='ac-kex050i-shard-00-02.6b69sb9.mongodb.net:27017', tagSet=TagSet{[Tag{name='availabilityZone', value='aps1-az1'}, Tag{name='diskState', value='READY'}, Tag{name='nodeType', value='ELECTABLE'}, Tag{name='provider', value='AWS'}, Tag{name='region', value='AP_SOUTH_1'}, Tag{name='workloadType', value='OPERATIONAL'}]}, electionId=null, setVersion=1, topologyVersion=TopologyVersion{processId=67f957c96e7bebcebef83be4, counter=4}, lastWriteDate=Sat Apr 12 19:22:30 GMT+05:45 2025, lastUpdateTimeNanos=11173908610331}
2025-04-12 19:22:33 INFO  org.mongodb.driver.cluster - Monitor thread successfully connected to server with description ServerDescription{address=ac-kex050i-shard-00-02.6b69sb9.mongodb.net:27017, type=REPLICA_SET_PRIMARY, cryptd=false, state=CONNECTED, ok=true, minWireVersion=0, maxWireVersion=25, maxDocumentSize=16777216, logicalSessionTimeoutMinutes=30, roundTripTimeNanos=371418120, minRoundTripTimeNanos=0, setName='atlas-kry611-shard-0', canonicalAddress=ac-kex050i-shard-00-02.6b69sb9.mongodb.net:27017, hosts=[ac-kex050i-shard-00-02.6b69sb9.mongodb.net:27017, ac-kex050i-shard-00-01.6b69sb9.mongodb.net:27017, ac-kex050i-shard-00-00.6b69sb9.mongodb.net:27017], passives=[], arbiters=[], primary='ac-kex050i-shard-00-02.6b69sb9.mongodb.net:27017', tagSet=TagSet{[Tag{name='availabilityZone', value='aps1-az2'}, Tag{name='diskState', value='READY'}, Tag{name='nodeType', value='ELECTABLE'}, Tag{name='provider', value='AWS'}, Tag{name='region', value='AP_SOUTH_1'}, Tag{name='workloadType', value='OPERATIONAL'}]}, electionId=7fffffff0000000000000009, setVersion=1, topologyVersion=TopologyVersion{processId=67f95943868877c2c3e82ebb, counter=6}, lastWriteDate=Sat Apr 12 19:22:30 GMT+05:45 2025, lastUpdateTimeNanos=11173908609758}
2025-04-12 19:22:33 INFO  org.mongodb.driver.cluster - Discovered replica set primary ac-kex050i-shard-00-02.6b69sb9.mongodb.net:27017 with max election id 7fffffff0000000000000009 and max set version 1
2025-04-12 19:22:34 INFO  o.s.s.c.a.a.c.InitializeAuthenticationProviderBeanManagerConfigurer$InitializeAuthenticationProviderManagerConfigurer - Global AuthenticationManager configured with AuthenticationProvider bean with name authenticationProvider
2025-04-12 19:22:34 WARN  o.s.s.c.a.a.c.InitializeUserDetailsBeanManagerConfigurer$InitializeUserDetailsManagerConfigurer - Global AuthenticationManager configured with an AuthenticationProvider bean. UserDetailsService beans will not be used by Spring Security for automatically configuring username/password login. Consider removing the AuthenticationProvider bean. Alternatively, consider using the UserDetailsService in a manually instantiated DaoAuthenticationProvider. If the current configuration is intentional, to turn off this warning, increase the logging level of 'org.springframework.security.config.annotation.authentication.configuration.InitializeUserDetailsBeanManagerConfigurer' to ERROR
2025-04-12 19:22:34 INFO  o.a.coyote.http11.Http11NioProtocol - Starting ProtocolHandler ["http-nio-8080"]
2025-04-12 19:22:34 INFO  o.s.b.w.e.tomcat.TomcatWebServer - Tomcat started on port 8080 (http) with context path '/'
2025-04-12 19:22:34 INFO  m.d.journalApp.JournalAppApplication - Started JournalAppApplication in 2.994 seconds (process running for 3.839)
2025-04-12 19:22:41 INFO  o.a.c.c.C.[Tomcat].[localhost].[/] - Initializing Spring DispatcherServlet 'dispatcherServlet'
2025-04-12 19:22:41 INFO  o.s.web.servlet.DispatcherServlet - Initializing Servlet 'dispatcherServlet'
2025-04-12 19:22:41 INFO  o.s.web.servlet.DispatcherServlet - Completed initialization in 0 ms
2025-04-12 19:24:11 INFO  o.s.b.w.e.tomcat.GracefulShutdown - Commencing graceful shutdown. Waiting for active requests to complete
2025-04-12 19:24:11 INFO  o.s.b.w.e.tomcat.GracefulShutdown - Graceful shutdown complete
2025-04-12 19:24:15 INFO  o.h.validator.internal.util.Version - HV000001: Hibernate Validator 8.0.2.Final
2025-04-12 19:24:15 INFO  m.d.journalApp.JournalAppApplication - Starting JournalAppApplication using Java 23.0.2 with PID 26047 (/home/malle/Project/journalApp/target/classes started by malle in /home/malle/Project/journalApp)
2025-04-12 19:24:15 INFO  m.d.journalApp.JournalAppApplication - The following 1 profile is active: "dev"
2025-04-12 19:24:16 INFO  o.s.d.r.c.RepositoryConfigurationDelegate - Bootstrapping Spring Data MongoDB repositories in DEFAULT mode.
2025-04-12 19:24:16 INFO  o.s.d.r.c.RepositoryConfigurationDelegate - Finished Spring Data repository scanning in 30 ms. Found 3 MongoDB repository interfaces.
2025-04-12 19:24:16 INFO  o.s.b.w.e.tomcat.TomcatWebServer - Tomcat initialized with port 8080 (http)
2025-04-12 19:24:16 INFO  o.a.coyote.http11.Http11NioProtocol - Initializing ProtocolHandler ["http-nio-8080"]
2025-04-12 19:24:16 INFO  o.a.catalina.core.StandardService - Starting service [Tomcat]
2025-04-12 19:24:16 INFO  o.a.catalina.core.StandardEngine - Starting Servlet engine: [Apache Tomcat/10.1.39]
2025-04-12 19:24:16 INFO  o.a.c.c.C.[Tomcat].[localhost].[/] - Initializing Spring embedded WebApplicationContext
2025-04-12 19:24:16 INFO  o.s.b.w.s.c.ServletWebServerApplicationContext - Root WebApplicationContext: initialization completed in 782 ms
2025-04-12 19:24:22 INFO  org.mongodb.driver.client - MongoClient with metadata {"driver": {"name": "mongo-java-driver|sync|spring-boot", "version": "5.2.1"}, "os": {"type": "Linux", "name": "Linux", "architecture": "amd64", "version": "6.11.0-21-generic"}, "platform": "Java/Oracle Corporation/23.0.2+7-58"} created with settings MongoClientSettings{readPreference=primary, writeConcern=WriteConcern{w=majority, wTimeout=null ms, journal=null}, retryWrites=true, retryReads=true, readConcern=ReadConcern{level=null}, credential=MongoCredential{mechanism=null, userName='dipeshmallapub', source='admin', password=<hidden>, mechanismProperties=<hidden>}, transportSettings=null, commandListeners=[], codecRegistry=ProvidersCodecRegistry{codecProviders=[ValueCodecProvider{}, BsonValueCodecProvider{}, DBRefCodecProvider{}, DBObjectCodecProvider{}, DocumentCodecProvider{}, CollectionCodecProvider{}, IterableCodecProvider{}, MapCodecProvider{}, GeoJsonCodecProvider{}, GridFSFileCodecProvider{}, Jsr310CodecProvider{}, JsonObjectCodecProvider{}, BsonCodecProvider{}, EnumCodecProvider{}, com.mongodb.client.model.mql.ExpressionCodecProvider@418f890f, com.mongodb.Jep395RecordCodecProvider@3d3c886f, com.mongodb.KotlinCodecProvider@7d66e544]}, loggerSettings=LoggerSettings{maxDocumentLength=1000}, clusterSettings={hosts=[127.0.0.1:27017], srvHost=cluster0.6b69sb9.mongodb.net, srvServiceName=mongodb, mode=MULTIPLE, requiredClusterType=REPLICA_SET, requiredReplicaSetName='atlas-kry611-shard-0', serverSelector='null', clusterListeners='[]', serverSelectionTimeout='30000 ms', localThreshold='15 ms'}, socketSettings=SocketSettings{connectTimeoutMS=10000, readTimeoutMS=0, receiveBufferSize=0, proxySettings=ProxySettings{host=null, port=null, username=null, password=null}}, heartbeatSocketSettings=SocketSettings{connectTimeoutMS=10000, readTimeoutMS=10000, receiveBufferSize=0, proxySettings=ProxySettings{host=null, port=null, username=null, password=null}}, connectionPoolSettings=ConnectionPoolSettings{maxSize=100, minSize=0, maxWaitTimeMS=120000, maxConnectionLifeTimeMS=0, maxConnectionIdleTimeMS=0, maintenanceInitialDelayMS=0, maintenanceFrequencyMS=60000, connectionPoolListeners=[], maxConnecting=2}, serverSettings=ServerSettings{heartbeatFrequencyMS=10000, minHeartbeatFrequencyMS=500, serverMonitoringMode=AUTO, serverListeners='[]', serverMonitorListeners='[]'}, sslSettings=SslSettings{enabled=true, invalidHostNameAllowed=false, context=null}, applicationName='null', compressorList=[], uuidRepresentation=JAVA_LEGACY, serverApi=null, autoEncryptionSettings=null, dnsClient=null, inetAddressResolver=null, contextProvider=null, timeoutMS=null}
2025-04-12 19:24:22 INFO  org.mongodb.driver.cluster - Waiting for server to become available for operation with ID 2. Remaining time: 29993 ms. Selector: WritableServerSelector, topology description: {type=UNKNOWN, servers=[].
2025-04-12 19:24:22 INFO  org.mongodb.driver.cluster - Adding discovered server ac-kex050i-shard-00-02.6b69sb9.mongodb.net:27017 to client view of cluster
2025-04-12 19:24:22 INFO  org.mongodb.driver.cluster - Adding discovered server ac-kex050i-shard-00-01.6b69sb9.mongodb.net:27017 to client view of cluster
2025-04-12 19:24:22 INFO  org.mongodb.driver.cluster - Adding discovered server ac-kex050i-shard-00-00.6b69sb9.mongodb.net:27017 to client view of cluster
2025-04-12 19:24:23 INFO  org.mongodb.driver.cluster - Monitor thread successfully connected to server with description ServerDescription{address=ac-kex050i-shard-00-02.6b69sb9.mongodb.net:27017, type=REPLICA_SET_PRIMARY, cryptd=false, state=CONNECTED, ok=true, minWireVersion=0, maxWireVersion=25, maxDocumentSize=16777216, logicalSessionTimeoutMinutes=30, roundTripTimeNanos=463211383, minRoundTripTimeNanos=0, setName='atlas-kry611-shard-0', canonicalAddress=ac-kex050i-shard-00-02.6b69sb9.mongodb.net:27017, hosts=[ac-kex050i-shard-00-02.6b69sb9.mongodb.net:27017, ac-kex050i-shard-00-01.6b69sb9.mongodb.net:27017, ac-kex050i-shard-00-00.6b69sb9.mongodb.net:27017], passives=[], arbiters=[], primary='ac-kex050i-shard-00-02.6b69sb9.mongodb.net:27017', tagSet=TagSet{[Tag{name='availabilityZone', value='aps1-az2'}, Tag{name='diskState', value='READY'}, Tag{name='nodeType', value='ELECTABLE'}, Tag{name='provider', value='AWS'}, Tag{name='region', value='AP_SOUTH_1'}, Tag{name='workloadType', value='OPERATIONAL'}]}, electionId=7fffffff0000000000000009, setVersion=1, topologyVersion=TopologyVersion{processId=67f95943868877c2c3e82ebb, counter=6}, lastWriteDate=Sat Apr 12 19:24:22 GMT+05:45 2025, lastUpdateTimeNanos=11283094905676}
2025-04-12 19:24:23 INFO  org.mongodb.driver.cluster - Discovered replica set primary ac-kex050i-shard-00-02.6b69sb9.mongodb.net:27017 with max election id 7fffffff0000000000000009 and max set version 1
2025-04-12 19:24:23 INFO  org.mongodb.driver.cluster - Monitor thread successfully connected to server with description ServerDescription{address=ac-kex050i-shard-00-00.6b69sb9.mongodb.net:27017, type=REPLICA_SET_SECONDARY, cryptd=false, state=CONNECTED, ok=true, minWireVersion=0, maxWireVersion=25, maxDocumentSize=16777216, logicalSessionTimeoutMinutes=30, roundTripTimeNanos=581354739, minRoundTripTimeNanos=0, setName='atlas-kry611-shard-0', canonicalAddress=ac-kex050i-shard-00-00.6b69sb9.mongodb.net:27017, hosts=[ac-kex050i-shard-00-02.6b69sb9.mongodb.net:27017, ac-kex050i-shard-00-01.6b69sb9.mongodb.net:27017, ac-kex050i-shard-00-00.6b69sb9.mongodb.net:27017], passives=[], arbiters=[], primary='ac-kex050i-shard-00-02.6b69sb9.mongodb.net:27017', tagSet=TagSet{[Tag{name='availabilityZone', value='aps1-az1'}, Tag{name='diskState', value='READY'}, Tag{name='nodeType', value='ELECTABLE'}, Tag{name='provider', value='AWS'}, Tag{name='region', value='AP_SOUTH_1'}, Tag{name='workloadType', value='OPERATIONAL'}]}, electionId=null, setVersion=1, topologyVersion=TopologyVersion{processId=67f957c96e7bebcebef83be4, counter=4}, lastWriteDate=Sat Apr 12 19:24:22 GMT+05:45 2025, lastUpdateTimeNanos=11283213059746}
2025-04-12 19:24:23 INFO  org.mongodb.driver.cluster - Monitor thread successfully connected to server with description ServerDescription{address=ac-kex050i-shard-00-01.6b69sb9.mongodb.net:27017, type=REPLICA_SET_SECONDARY, cryptd=false, state=CONNECTED, ok=true, minWireVersion=0, maxWireVersion=25, maxDocumentSize=16777216, logicalSessionTimeoutMinutes=30, roundTripTimeNanos=664121242, minRoundTripTimeNanos=0, setName='atlas-kry611-shard-0', canonicalAddress=ac-kex050i-shard-00-01.6b69sb9.mongodb.net:27017, hosts=[ac-kex050i-shard-00-02.6b69sb9.mongodb.net:27017, ac-kex050i-shard-00-01.6b69sb9.mongodb.net:27017, ac-kex050i-shard-00-00.6b69sb9.mongodb.net:27017], passives=[], arbiters=[], primary='ac-kex050i-shard-00-02.6b69sb9.mongodb.net:27017', tagSet=TagSet{[Tag{name='availabilityZone', value='aps1-az3'}, Tag{name='diskState', value='READY'}, Tag{name='nodeType', value='ELECTABLE'}, Tag{name='provider', value='AWS'}, Tag{name='region', value='AP_SOUTH_1'}, Tag{name='workloadType', value='OPERATIONAL'}]}, electionId=null, setVersion=1, topologyVersion=TopologyVersion{processId=67f95a88e18c31e0b3801de8, counter=3}, lastWriteDate=Sat Apr 12 19:24:22 GMT+05:45 2025, lastUpdateTimeNanos=11283295821009}
2025-04-12 19:24:23 INFO  o.s.s.c.a.a.c.InitializeAuthenticationProviderBeanManagerConfigurer$InitializeAuthenticationProviderManagerConfigurer - Global AuthenticationManager configured with AuthenticationProvider bean with name authenticationProvider
2025-04-12 19:24:23 WARN  o.s.s.c.a.a.c.InitializeUserDetailsBeanManagerConfigurer$InitializeUserDetailsManagerConfigurer - Global AuthenticationManager configured with an AuthenticationProvider bean. UserDetailsService beans will not be used by Spring Security for automatically configuring username/password login. Consider removing the AuthenticationProvider bean. Alternatively, consider using the UserDetailsService in a manually instantiated DaoAuthenticationProvider. If the current configuration is intentional, to turn off this warning, increase the logging level of 'org.springframework.security.config.annotation.authentication.configuration.InitializeUserDetailsBeanManagerConfigurer' to ERROR
2025-04-12 19:24:24 INFO  o.a.coyote.http11.Http11NioProtocol - Starting ProtocolHandler ["http-nio-8080"]
2025-04-12 19:24:24 INFO  o.s.b.w.e.tomcat.TomcatWebServer - Tomcat started on port 8080 (http) with context path '/'
2025-04-12 19:24:24 INFO  m.d.journalApp.JournalAppApplication - Started JournalAppApplication in 8.549 seconds (process running for 9.179)
2025-04-12 19:24:26 INFO  o.a.c.c.C.[Tomcat].[localhost].[/] - Initializing Spring DispatcherServlet 'dispatcherServlet'
2025-04-12 19:24:26 INFO  o.s.web.servlet.DispatcherServlet - Initializing Servlet 'dispatcherServlet'
2025-04-12 19:24:26 INFO  o.s.web.servlet.DispatcherServlet - Completed initialization in 1 ms
2025-04-12 19:24:49 INFO  o.s.b.w.e.tomcat.GracefulShutdown - Commencing graceful shutdown. Waiting for active requests to complete
2025-04-12 19:24:49 INFO  o.s.b.w.e.tomcat.GracefulShutdown - Graceful shutdown complete
2025-04-12 19:24:53 INFO  o.h.validator.internal.util.Version - HV000001: Hibernate Validator 8.0.2.Final
2025-04-12 19:24:53 INFO  m.d.journalApp.JournalAppApplication - Starting JournalAppApplication using Java 23.0.2 with PID 26282 (/home/malle/Project/journalApp/target/classes started by malle in /home/malle/Project/journalApp)
2025-04-12 19:24:53 INFO  m.d.journalApp.JournalAppApplication - The following 1 profile is active: "dev"
2025-04-12 19:24:53 INFO  o.s.d.r.c.RepositoryConfigurationDelegate - Bootstrapping Spring Data MongoDB repositories in DEFAULT mode.
2025-04-12 19:24:53 INFO  o.s.d.r.c.RepositoryConfigurationDelegate - Finished Spring Data repository scanning in 24 ms. Found 3 MongoDB repository interfaces.
2025-04-12 19:24:54 INFO  o.s.b.w.e.tomcat.TomcatWebServer - Tomcat initialized with port 8080 (http)
2025-04-12 19:24:54 INFO  o.a.coyote.http11.Http11NioProtocol - Initializing ProtocolHandler ["http-nio-8080"]
2025-04-12 19:24:54 INFO  o.a.catalina.core.StandardService - Starting service [Tomcat]
2025-04-12 19:24:54 INFO  o.a.catalina.core.StandardEngine - Starting Servlet engine: [Apache Tomcat/10.1.39]
2025-04-12 19:24:54 INFO  o.a.c.c.C.[Tomcat].[localhost].[/] - Initializing Spring embedded WebApplicationContext
2025-04-12 19:24:54 INFO  o.s.b.w.s.c.ServletWebServerApplicationContext - Root WebApplicationContext: initialization completed in 799 ms
2025-04-12 19:24:54 INFO  org.mongodb.driver.cluster - Adding discovered server ac-kex050i-shard-00-02.6b69sb9.mongodb.net:27017 to client view of cluster
2025-04-12 19:24:54 INFO  org.mongodb.driver.client - MongoClient with metadata {"driver": {"name": "mongo-java-driver|sync|spring-boot", "version": "5.2.1"}, "os": {"type": "Linux", "name": "Linux", "architecture": "amd64", "version": "6.11.0-21-generic"}, "platform": "Java/Oracle Corporation/23.0.2+7-58"} created with settings MongoClientSettings{readPreference=primary, writeConcern=WriteConcern{w=majority, wTimeout=null ms, journal=null}, retryWrites=true, retryReads=true, readConcern=ReadConcern{level=null}, credential=MongoCredential{mechanism=null, userName='dipeshmallapub', source='admin', password=<hidden>, mechanismProperties=<hidden>}, transportSettings=null, commandListeners=[], codecRegistry=ProvidersCodecRegistry{codecProviders=[ValueCodecProvider{}, BsonValueCodecProvider{}, DBRefCodecProvider{}, DBObjectCodecProvider{}, DocumentCodecProvider{}, CollectionCodecProvider{}, IterableCodecProvider{}, MapCodecProvider{}, GeoJsonCodecProvider{}, GridFSFileCodecProvider{}, Jsr310CodecProvider{}, JsonObjectCodecProvider{}, BsonCodecProvider{}, EnumCodecProvider{}, com.mongodb.client.model.mql.ExpressionCodecProvider@73f6e07, com.mongodb.Jep395RecordCodecProvider@2c9d90fc, com.mongodb.KotlinCodecProvider@1511d157]}, loggerSettings=LoggerSettings{maxDocumentLength=1000}, clusterSettings={hosts=[127.0.0.1:27017], srvHost=cluster0.6b69sb9.mongodb.net, srvServiceName=mongodb, mode=MULTIPLE, requiredClusterType=REPLICA_SET, requiredReplicaSetName='atlas-kry611-shard-0', serverSelector='null', clusterListeners='[]', serverSelectionTimeout='30000 ms', localThreshold='15 ms'}, socketSettings=SocketSettings{connectTimeoutMS=10000, readTimeoutMS=0, receiveBufferSize=0, proxySettings=ProxySettings{host=null, port=null, username=null, password=null}}, heartbeatSocketSettings=SocketSettings{connectTimeoutMS=10000, readTimeoutMS=10000, receiveBufferSize=0, proxySettings=ProxySettings{host=null, port=null, username=null, password=null}}, connectionPoolSettings=ConnectionPoolSettings{maxSize=100, minSize=0, maxWaitTimeMS=120000, maxConnectionLifeTimeMS=0, maxConnectionIdleTimeMS=0, maintenanceInitialDelayMS=0, maintenanceFrequencyMS=60000, connectionPoolListeners=[], maxConnecting=2}, serverSettings=ServerSettings{heartbeatFrequencyMS=10000, minHeartbeatFrequencyMS=500, serverMonitoringMode=AUTO, serverListeners='[]', serverMonitorListeners='[]'}, sslSettings=SslSettings{enabled=true, invalidHostNameAllowed=false, context=null}, applicationName='null', compressorList=[], uuidRepresentation=JAVA_LEGACY, serverApi=null, autoEncryptionSettings=null, dnsClient=null, inetAddressResolver=null, contextProvider=null, timeoutMS=null}
2025-04-12 19:24:54 INFO  org.mongodb.driver.cluster - Adding discovered server ac-kex050i-shard-00-01.6b69sb9.mongodb.net:27017 to client view of cluster
2025-04-12 19:24:54 INFO  org.mongodb.driver.cluster - Adding discovered server ac-kex050i-shard-00-00.6b69sb9.mongodb.net:27017 to client view of cluster
2025-04-12 19:24:54 INFO  org.mongodb.driver.cluster - Waiting for server to become available for operation with ID 5. Remaining time: 29996 ms. Selector: WritableServerSelector, topology description: {type=REPLICA_SET, servers=[{address=ac-kex050i-shard-00-00.6b69sb9.mongodb.net:27017, type=UNKNOWN, state=CONNECTING}, {address=ac-kex050i-shard-00-02.6b69sb9.mongodb.net:27017, type=UNKNOWN, state=CONNECTING}, {address=ac-kex050i-shard-00-01.6b69sb9.mongodb.net:27017, type=UNKNOWN, state=CONNECTING}].
2025-04-12 19:24:55 INFO  org.mongodb.driver.cluster - Monitor thread successfully connected to server with description ServerDescription{address=ac-kex050i-shard-00-00.6b69sb9.mongodb.net:27017, type=REPLICA_SET_SECONDARY, cryptd=false, state=CONNECTED, ok=true, minWireVersion=0, maxWireVersion=25, maxDocumentSize=16777216, logicalSessionTimeoutMinutes=30, roundTripTimeNanos=291303499, minRoundTripTimeNanos=0, setName='atlas-kry611-shard-0', canonicalAddress=ac-kex050i-shard-00-00.6b69sb9.mongodb.net:27017, hosts=[ac-kex050i-shard-00-02.6b69sb9.mongodb.net:27017, ac-kex050i-shard-00-01.6b69sb9.mongodb.net:27017, ac-kex050i-shard-00-00.6b69sb9.mongodb.net:27017], passives=[], arbiters=[], primary='ac-kex050i-shard-00-02.6b69sb9.mongodb.net:27017', tagSet=TagSet{[Tag{name='availabilityZone', value='aps1-az1'}, Tag{name='diskState', value='READY'}, Tag{name='nodeType', value='ELECTABLE'}, Tag{name='provider', value='AWS'}, Tag{name='region', value='AP_SOUTH_1'}, Tag{name='workloadType', value='OPERATIONAL'}]}, electionId=null, setVersion=1, topologyVersion=TopologyVersion{processId=67f957c96e7bebcebef83be4, counter=4}, lastWriteDate=Sat Apr 12 19:24:51 GMT+05:45 2025, lastUpdateTimeNanos=11315034994572}
2025-04-12 19:24:55 INFO  org.mongodb.driver.cluster - Monitor thread successfully connected to server with description ServerDescription{address=ac-kex050i-shard-00-02.6b69sb9.mongodb.net:27017, type=REPLICA_SET_PRIMARY, cryptd=false, state=CONNECTED, ok=true, minWireVersion=0, maxWireVersion=25, maxDocumentSize=16777216, logicalSessionTimeoutMinutes=30, roundTripTimeNanos=287170063, minRoundTripTimeNanos=0, setName='atlas-kry611-shard-0', canonicalAddress=ac-kex050i-shard-00-02.6b69sb9.mongodb.net:27017, hosts=[ac-kex050i-shard-00-02.6b69sb9.mongodb.net:27017, ac-kex050i-shard-00-01.6b69sb9.mongodb.net:27017, ac-kex050i-shard-00-00.6b69sb9.mongodb.net:27017], passives=[], arbiters=[], primary='ac-kex050i-shard-00-02.6b69sb9.mongodb.net:27017', tagSet=TagSet{[Tag{name='availabilityZone', value='aps1-az2'}, Tag{name='diskState', value='READY'}, Tag{name='nodeType', value='ELECTABLE'}, Tag{name='provider', value='AWS'}, Tag{name='region', value='AP_SOUTH_1'}, Tag{name='workloadType', value='OPERATIONAL'}]}, electionId=7fffffff0000000000000009, setVersion=1, topologyVersion=TopologyVersion{processId=67f95943868877c2c3e82ebb, counter=6}, lastWriteDate=Sat Apr 12 19:24:51 GMT+05:45 2025, lastUpdateTimeNanos=11315034994448}
2025-04-12 19:24:55 INFO  org.mongodb.driver.cluster - Monitor thread successfully connected to server with description ServerDescription{address=ac-kex050i-shard-00-01.6b69sb9.mongodb.net:27017, type=REPLICA_SET_SECONDARY, cryptd=false, state=CONNECTED, ok=true, minWireVersion=0, maxWireVersion=25, maxDocumentSize=16777216, logicalSessionTimeoutMinutes=30, roundTripTimeNanos=287554769, minRoundTripTimeNanos=0, setName='atlas-kry611-shard-0', canonicalAddress=ac-kex050i-shard-00-01.6b69sb9.mongodb.net:27017, hosts=[ac-kex050i-shard-00-02.6b69sb9.mongodb.net:27017, ac-kex050i-shard-00-01.6b69sb9.mongodb.net:27017, ac-kex050i-shard-00-00.6b69sb9.mongodb.net:27017], passives=[], arbiters=[], primary='ac-kex050i-shard-00-02.6b69sb9.mongodb.net:27017', tagSet=TagSet{[Tag{name='availabilityZone', value='aps1-az3'}, Tag{name='diskState', value='READY'}, Tag{name='nodeType', value='ELECTABLE'}, Tag{name='provider', value='AWS'}, Tag{name='region', value='AP_SOUTH_1'}, Tag{name='workloadType', value='OPERATIONAL'}]}, electionId=null, setVersion=1, topologyVersion=TopologyVersion{processId=67f95a88e18c31e0b3801de8, counter=3}, lastWriteDate=Sat Apr 12 19:24:51 GMT+05:45 2025, lastUpdateTimeNanos=11315034994807}
2025-04-12 19:24:55 INFO  org.mongodb.driver.cluster - Discovered replica set primary ac-kex050i-shard-00-02.6b69sb9.mongodb.net:27017 with max election id 7fffffff0000000000000009 and max set version 1
2025-04-12 19:24:56 INFO  o.s.s.c.a.a.c.InitializeAuthenticationProviderBeanManagerConfigurer$InitializeAuthenticationProviderManagerConfigurer - Global AuthenticationManager configured with AuthenticationProvider bean with name authenticationProvider
2025-04-12 19:24:56 WARN  o.s.s.c.a.a.c.InitializeUserDetailsBeanManagerConfigurer$InitializeUserDetailsManagerConfigurer - Global AuthenticationManager configured with an AuthenticationProvider bean. UserDetailsService beans will not be used by Spring Security for automatically configuring username/password login. Consider removing the AuthenticationProvider bean. Alternatively, consider using the UserDetailsService in a manually instantiated DaoAuthenticationProvider. If the current configuration is intentional, to turn off this warning, increase the logging level of 'org.springframework.security.config.annotation.authentication.configuration.InitializeUserDetailsBeanManagerConfigurer' to ERROR
2025-04-12 19:24:56 INFO  o.a.coyote.http11.Http11NioProtocol - Starting ProtocolHandler ["http-nio-8080"]
2025-04-12 19:24:56 INFO  o.s.b.w.e.tomcat.TomcatWebServer - Tomcat started on port 8080 (http) with context path '/'
2025-04-12 19:24:56 INFO  m.d.journalApp.JournalAppApplication - Started JournalAppApplication in 3.388 seconds (process running for 4.028)
2025-04-12 19:24:58 INFO  o.a.c.c.C.[Tomcat].[localhost].[/] - Initializing Spring DispatcherServlet 'dispatcherServlet'
2025-04-12 19:24:58 INFO  o.s.web.servlet.DispatcherServlet - Initializing Servlet 'dispatcherServlet'
2025-04-12 19:24:58 INFO  o.s.web.servlet.DispatcherServlet - Completed initialization in 1 ms
2025-04-12 19:25:00 ERROR o.a.c.c.C.[.[.[.[dispatcherServlet] - Servlet.service() for servlet [dispatcherServlet] in context with path [] threw exception [Request processing failed: java.lang.NullPointerException: Cannot invoke "malla.dipesh.journalApp.api.response.WeatherResponse$Current.getFeelslike()" because the return value of "malla.dipesh.journalApp.api.response.WeatherResponse.getCurrent()" is null] with root cause
java.lang.NullPointerException: Cannot invoke "malla.dipesh.journalApp.api.response.WeatherResponse$Current.getFeelslike()" because the return value of "malla.dipesh.journalApp.api.response.WeatherResponse.getCurrent()" is null
	at malla.dipesh.journalApp.controller.UserController.greeting(UserController.java:86)
	at java.base/jdk.internal.reflect.DirectMethodHandleAccessor.invoke(DirectMethodHandleAccessor.java:103)
	at java.base/java.lang.reflect.Method.invoke(Method.java:580)
	at org.springframework.web.method.support.InvocableHandlerMethod.doInvoke(InvocableHandlerMethod.java:258)
	at org.springframework.web.method.support.InvocableHandlerMethod.invokeForRequest(InvocableHandlerMethod.java:191)
	at org.springframework.web.servlet.mvc.method.annotation.ServletInvocableHandlerMethod.invokeAndHandle(ServletInvocableHandlerMethod.java:118)
	at org.springframework.web.servlet.mvc.method.annotation.RequestMappingHandlerAdapter.invokeHandlerMethod(RequestMappingHandlerAdapter.java:986)
	at org.springframework.web.servlet.mvc.method.annotation.RequestMappingHandlerAdapter.handleInternal(RequestMappingHandlerAdapter.java:891)
	at org.springframework.web.servlet.mvc.method.AbstractHandlerMethodAdapter.handle(AbstractHandlerMethodAdapter.java:87)
	at org.springframework.web.servlet.DispatcherServlet.doDispatch(DispatcherServlet.java:1089)
	at org.springframework.web.servlet.DispatcherServlet.doService(DispatcherServlet.java:979)
	at org.springframework.web.servlet.FrameworkServlet.processRequest(FrameworkServlet.java:1014)
	at org.springframework.web.servlet.FrameworkServlet.doGet(FrameworkServlet.java:903)
	at jakarta.servlet.http.HttpServlet.service(HttpServlet.java:564)
	at org.springframework.web.servlet.FrameworkServlet.service(FrameworkServlet.java:885)
	at jakarta.servlet.http.HttpServlet.service(HttpServlet.java:658)
	at org.apache.catalina.core.ApplicationFilterChain.internalDoFilter(ApplicationFilterChain.java:195)
	at org.apache.catalina.core.ApplicationFilterChain.doFilter(ApplicationFilterChain.java:140)
	at org.apache.tomcat.websocket.server.WsFilter.doFilter(WsFilter.java:51)
	at org.apache.catalina.core.ApplicationFilterChain.internalDoFilter(ApplicationFilterChain.java:164)
	at org.apache.catalina.core.ApplicationFilterChain.doFilter(ApplicationFilterChain.java:140)
	at org.springframework.web.filter.CompositeFilter$VirtualFilterChain.doFilter(CompositeFilter.java:108)
	at org.springframework.security.web.FilterChainProxy.lambda$doFilterInternal$3(FilterChainProxy.java:231)
	at org.springframework.security.web.FilterChainProxy$VirtualFilterChain.doFilter(FilterChainProxy.java:365)
	at org.springframework.security.web.access.intercept.AuthorizationFilter.doFilter(AuthorizationFilter.java:101)
	at org.springframework.security.web.FilterChainProxy$VirtualFilterChain.doFilter(FilterChainProxy.java:374)
	at org.springframework.security.web.access.ExceptionTranslationFilter.doFilter(ExceptionTranslationFilter.java:126)
	at org.springframework.security.web.access.ExceptionTranslationFilter.doFilter(ExceptionTranslationFilter.java:120)
	at org.springframework.security.web.FilterChainProxy$VirtualFilterChain.doFilter(FilterChainProxy.java:374)
	at org.springframework.security.web.session.SessionManagementFilter.doFilter(SessionManagementFilter.java:131)
	at org.springframework.security.web.session.SessionManagementFilter.doFilter(SessionManagementFilter.java:85)
	at org.springframework.security.web.FilterChainProxy$VirtualFilterChain.doFilter(FilterChainProxy.java:374)
	at org.springframework.security.web.authentication.AnonymousAuthenticationFilter.doFilter(AnonymousAuthenticationFilter.java:100)
	at org.springframework.security.web.FilterChainProxy$VirtualFilterChain.doFilter(FilterChainProxy.java:374)
	at org.springframework.security.web.servletapi.SecurityContextHolderAwareRequestFilter.doFilter(SecurityContextHolderAwareRequestFilter.java:179)
	at org.springframework.security.web.FilterChainProxy$VirtualFilterChain.doFilter(FilterChainProxy.java:374)
	at org.springframework.security.web.savedrequest.RequestCacheAwareFilter.doFilter(RequestCacheAwareFilter.java:63)
	at org.springframework.security.web.FilterChainProxy$VirtualFilterChain.doFilter(FilterChainProxy.java:374)
	at org.springframework.security.web.authentication.www.BasicAuthenticationFilter.doFilterInternal(BasicAuthenticationFilter.java:213)
	at org.springframework.web.filter.OncePerRequestFilter.doFilter(OncePerRequestFilter.java:116)
	at org.springframework.security.web.FilterChainProxy$VirtualFilterChain.doFilter(FilterChainProxy.java:374)
	at org.springframework.security.web.authentication.logout.LogoutFilter.doFilter(LogoutFilter.java:107)
	at org.springframework.security.web.authentication.logout.LogoutFilter.doFilter(LogoutFilter.java:93)
	at org.springframework.security.web.FilterChainProxy$VirtualFilterChain.doFilter(FilterChainProxy.java:374)
	at org.springframework.security.web.header.HeaderWriterFilter.doHeadersAfter(HeaderWriterFilter.java:90)
	at org.springframework.security.web.header.HeaderWriterFilter.doFilterInternal(HeaderWriterFilter.java:75)
	at org.springframework.web.filter.OncePerRequestFilter.doFilter(OncePerRequestFilter.java:116)
	at org.springframework.security.web.FilterChainProxy$VirtualFilterChain.doFilter(FilterChainProxy.java:374)
	at org.springframework.security.web.context.SecurityContextHolderFilter.doFilter(SecurityContextHolderFilter.java:82)
	at org.springframework.security.web.context.SecurityContextHolderFilter.doFilter(SecurityContextHolderFilter.java:69)
	at org.springframework.security.web.FilterChainProxy$VirtualFilterChain.doFilter(FilterChainProxy.java:374)
	at org.springframework.security.web.context.request.async.WebAsyncManagerIntegrationFilter.doFilterInternal(WebAsyncManagerIntegrationFilter.java:62)
	at org.springframework.web.filter.OncePerRequestFilter.doFilter(OncePerRequestFilter.java:116)
	at org.springframework.security.web.FilterChainProxy$VirtualFilterChain.doFilter(FilterChainProxy.java:374)
	at org.springframework.security.web.session.DisableEncodeUrlFilter.doFilterInternal(DisableEncodeUrlFilter.java:42)
	at org.springframework.web.filter.OncePerRequestFilter.doFilter(OncePerRequestFilter.java:116)
	at org.springframework.security.web.FilterChainProxy$VirtualFilterChain.doFilter(FilterChainProxy.java:374)
	at org.springframework.security.web.FilterChainProxy.doFilterInternal(FilterChainProxy.java:233)
	at org.springframework.security.web.FilterChainProxy.doFilter(FilterChainProxy.java:191)
	at org.springframework.web.filter.CompositeFilter$VirtualFilterChain.doFilter(CompositeFilter.java:113)
	at org.springframework.web.servlet.handler.HandlerMappingIntrospector.lambda$createCacheFilter$3(HandlerMappingIntrospector.java:243)
	at org.springframework.web.filter.CompositeFilter$VirtualFilterChain.doFilter(CompositeFilter.java:113)
	at org.springframework.web.filter.CompositeFilter.doFilter(CompositeFilter.java:74)
	at org.springframework.security.config.annotation.web.configuration.WebMvcSecurityConfiguration$CompositeFilterChainProxy.doFilter(WebMvcSecurityConfiguration.java:238)
	at org.springframework.web.filter.DelegatingFilterProxy.invokeDelegate(DelegatingFilterProxy.java:362)
	at org.springframework.web.filter.DelegatingFilterProxy.doFilter(DelegatingFilterProxy.java:278)
	at org.apache.catalina.core.ApplicationFilterChain.internalDoFilter(ApplicationFilterChain.java:164)
	at org.apache.catalina.core.ApplicationFilterChain.doFilter(ApplicationFilterChain.java:140)
	at org.springframework.web.filter.RequestContextFilter.doFilterInternal(RequestContextFilter.java:100)
	at org.springframework.web.filter.OncePerRequestFilter.doFilter(OncePerRequestFilter.java:116)
	at org.apache.catalina.core.ApplicationFilterChain.internalDoFilter(ApplicationFilterChain.java:164)
	at org.apache.catalina.core.ApplicationFilterChain.doFilter(ApplicationFilterChain.java:140)
	at org.springframework.web.filter.FormContentFilter.doFilterInternal(FormContentFilter.java:93)
	at org.springframework.web.filter.OncePerRequestFilter.doFilter(OncePerRequestFilter.java:116)
	at org.apache.catalina.core.ApplicationFilterChain.internalDoFilter(ApplicationFilterChain.java:164)
	at org.apache.catalina.core.ApplicationFilterChain.doFilter(ApplicationFilterChain.java:140)
	at org.springframework.web.filter.CharacterEncodingFilter.doFilterInternal(CharacterEncodingFilter.java:201)
	at org.springframework.web.filter.OncePerRequestFilter.doFilter(OncePerRequestFilter.java:116)
	at org.apache.catalina.core.ApplicationFilterChain.internalDoFilter(ApplicationFilterChain.java:164)
	at org.apache.catalina.core.ApplicationFilterChain.doFilter(ApplicationFilterChain.java:140)
	at org.apache.catalina.core.StandardWrapperValve.invoke(StandardWrapperValve.java:167)
	at org.apache.catalina.core.StandardContextValve.invoke(StandardContextValve.java:90)
	at org.apache.catalina.authenticator.AuthenticatorBase.invoke(AuthenticatorBase.java:483)
	at org.apache.catalina.core.StandardHostValve.invoke(StandardHostValve.java:115)
	at org.apache.catalina.valves.ErrorReportValve.invoke(ErrorReportValve.java:93)
	at org.apache.catalina.core.StandardEngineValve.invoke(StandardEngineValve.java:74)
	at org.apache.catalina.connector.CoyoteAdapter.service(CoyoteAdapter.java:344)
	at org.apache.coyote.http11.Http11Processor.service(Http11Processor.java:397)
	at org.apache.coyote.AbstractProcessorLight.process(AbstractProcessorLight.java:63)
	at org.apache.coyote.AbstractProtocol$ConnectionHandler.process(AbstractProtocol.java:905)
	at org.apache.tomcat.util.net.NioEndpoint$SocketProcessor.doRun(NioEndpoint.java:1743)
	at org.apache.tomcat.util.net.SocketProcessorBase.run(SocketProcessorBase.java:52)
	at org.apache.tomcat.util.threads.ThreadPoolExecutor.runWorker(ThreadPoolExecutor.java:1190)
	at org.apache.tomcat.util.threads.ThreadPoolExecutor$Worker.run(ThreadPoolExecutor.java:659)
	at org.apache.tomcat.util.threads.TaskThread$WrappingRunnable.run(TaskThread.java:63)
	at java.base/java.lang.Thread.run(Thread.java:1575)
2025-04-12 19:25:04 ERROR o.a.c.c.C.[.[.[.[dispatcherServlet] - Servlet.service() for servlet [dispatcherServlet] in context with path [] threw exception [Request processing failed: java.lang.NullPointerException: Cannot invoke "malla.dipesh.journalApp.api.response.WeatherResponse$Current.getFeelslike()" because the return value of "malla.dipesh.journalApp.api.response.WeatherResponse.getCurrent()" is null] with root cause
java.lang.NullPointerException: Cannot invoke "malla.dipesh.journalApp.api.response.WeatherResponse$Current.getFeelslike()" because the return value of "malla.dipesh.journalApp.api.response.WeatherResponse.getCurrent()" is null
	at malla.dipesh.journalApp.controller.UserController.greeting(UserController.java:86)
	at java.base/jdk.internal.reflect.DirectMethodHandleAccessor.invoke(DirectMethodHandleAccessor.java:103)
	at java.base/java.lang.reflect.Method.invoke(Method.java:580)
	at org.springframework.web.method.support.InvocableHandlerMethod.doInvoke(InvocableHandlerMethod.java:258)
	at org.springframework.web.method.support.InvocableHandlerMethod.invokeForRequest(InvocableHandlerMethod.java:191)
	at org.springframework.web.servlet.mvc.method.annotation.ServletInvocableHandlerMethod.invokeAndHandle(ServletInvocableHandlerMethod.java:118)
	at org.springframework.web.servlet.mvc.method.annotation.RequestMappingHandlerAdapter.invokeHandlerMethod(RequestMappingHandlerAdapter.java:986)
	at org.springframework.web.servlet.mvc.method.annotation.RequestMappingHandlerAdapter.handleInternal(RequestMappingHandlerAdapter.java:891)
	at org.springframework.web.servlet.mvc.method.AbstractHandlerMethodAdapter.handle(AbstractHandlerMethodAdapter.java:87)
	at org.springframework.web.servlet.DispatcherServlet.doDispatch(DispatcherServlet.java:1089)
	at org.springframework.web.servlet.DispatcherServlet.doService(DispatcherServlet.java:979)
	at org.springframework.web.servlet.FrameworkServlet.processRequest(FrameworkServlet.java:1014)
	at org.springframework.web.servlet.FrameworkServlet.doGet(FrameworkServlet.java:903)
	at jakarta.servlet.http.HttpServlet.service(HttpServlet.java:564)
	at org.springframework.web.servlet.FrameworkServlet.service(FrameworkServlet.java:885)
	at jakarta.servlet.http.HttpServlet.service(HttpServlet.java:658)
	at org.apache.catalina.core.ApplicationFilterChain.internalDoFilter(ApplicationFilterChain.java:195)
	at org.apache.catalina.core.ApplicationFilterChain.doFilter(ApplicationFilterChain.java:140)
	at org.apache.tomcat.websocket.server.WsFilter.doFilter(WsFilter.java:51)
	at org.apache.catalina.core.ApplicationFilterChain.internalDoFilter(ApplicationFilterChain.java:164)
	at org.apache.catalina.core.ApplicationFilterChain.doFilter(ApplicationFilterChain.java:140)
	at org.springframework.web.filter.CompositeFilter$VirtualFilterChain.doFilter(CompositeFilter.java:108)
	at org.springframework.security.web.FilterChainProxy.lambda$doFilterInternal$3(FilterChainProxy.java:231)
	at org.springframework.security.web.FilterChainProxy$VirtualFilterChain.doFilter(FilterChainProxy.java:365)
	at org.springframework.security.web.access.intercept.AuthorizationFilter.doFilter(AuthorizationFilter.java:101)
	at org.springframework.security.web.FilterChainProxy$VirtualFilterChain.doFilter(FilterChainProxy.java:374)
	at org.springframework.security.web.access.ExceptionTranslationFilter.doFilter(ExceptionTranslationFilter.java:126)
	at org.springframework.security.web.access.ExceptionTranslationFilter.doFilter(ExceptionTranslationFilter.java:120)
	at org.springframework.security.web.FilterChainProxy$VirtualFilterChain.doFilter(FilterChainProxy.java:374)
	at org.springframework.security.web.session.SessionManagementFilter.doFilter(SessionManagementFilter.java:131)
	at org.springframework.security.web.session.SessionManagementFilter.doFilter(SessionManagementFilter.java:85)
	at org.springframework.security.web.FilterChainProxy$VirtualFilterChain.doFilter(FilterChainProxy.java:374)
	at org.springframework.security.web.authentication.AnonymousAuthenticationFilter.doFilter(AnonymousAuthenticationFilter.java:100)
	at org.springframework.security.web.FilterChainProxy$VirtualFilterChain.doFilter(FilterChainProxy.java:374)
	at org.springframework.security.web.servletapi.SecurityContextHolderAwareRequestFilter.doFilter(SecurityContextHolderAwareRequestFilter.java:179)
	at org.springframework.security.web.FilterChainProxy$VirtualFilterChain.doFilter(FilterChainProxy.java:374)
	at org.springframework.security.web.savedrequest.RequestCacheAwareFilter.doFilter(RequestCacheAwareFilter.java:63)
	at org.springframework.security.web.FilterChainProxy$VirtualFilterChain.doFilter(FilterChainProxy.java:374)
	at org.springframework.security.web.authentication.www.BasicAuthenticationFilter.doFilterInternal(BasicAuthenticationFilter.java:213)
	at org.springframework.web.filter.OncePerRequestFilter.doFilter(OncePerRequestFilter.java:116)
	at org.springframework.security.web.FilterChainProxy$VirtualFilterChain.doFilter(FilterChainProxy.java:374)
	at org.springframework.security.web.authentication.logout.LogoutFilter.doFilter(LogoutFilter.java:107)
	at org.springframework.security.web.authentication.logout.LogoutFilter.doFilter(LogoutFilter.java:93)
	at org.springframework.security.web.FilterChainProxy$VirtualFilterChain.doFilter(FilterChainProxy.java:374)
	at org.springframework.security.web.header.HeaderWriterFilter.doHeadersAfter(HeaderWriterFilter.java:90)
	at org.springframework.security.web.header.HeaderWriterFilter.doFilterInternal(HeaderWriterFilter.java:75)
	at org.springframework.web.filter.OncePerRequestFilter.doFilter(OncePerRequestFilter.java:116)
	at org.springframework.security.web.FilterChainProxy$VirtualFilterChain.doFilter(FilterChainProxy.java:374)
	at org.springframework.security.web.context.SecurityContextHolderFilter.doFilter(SecurityContextHolderFilter.java:82)
	at org.springframework.security.web.context.SecurityContextHolderFilter.doFilter(SecurityContextHolderFilter.java:69)
	at org.springframework.security.web.FilterChainProxy$VirtualFilterChain.doFilter(FilterChainProxy.java:374)
	at org.springframework.security.web.context.request.async.WebAsyncManagerIntegrationFilter.doFilterInternal(WebAsyncManagerIntegrationFilter.java:62)
	at org.springframework.web.filter.OncePerRequestFilter.doFilter(OncePerRequestFilter.java:116)
	at org.springframework.security.web.FilterChainProxy$VirtualFilterChain.doFilter(FilterChainProxy.java:374)
	at org.springframework.security.web.session.DisableEncodeUrlFilter.doFilterInternal(DisableEncodeUrlFilter.java:42)
	at org.springframework.web.filter.OncePerRequestFilter.doFilter(OncePerRequestFilter.java:116)
	at org.springframework.security.web.FilterChainProxy$VirtualFilterChain.doFilter(FilterChainProxy.java:374)
	at org.springframework.security.web.FilterChainProxy.doFilterInternal(FilterChainProxy.java:233)
	at org.springframework.security.web.FilterChainProxy.doFilter(FilterChainProxy.java:191)
	at org.springframework.web.filter.CompositeFilter$VirtualFilterChain.doFilter(CompositeFilter.java:113)
	at org.springframework.web.servlet.handler.HandlerMappingIntrospector.lambda$createCacheFilter$3(HandlerMappingIntrospector.java:243)
	at org.springframework.web.filter.CompositeFilter$VirtualFilterChain.doFilter(CompositeFilter.java:113)
	at org.springframework.web.filter.CompositeFilter.doFilter(CompositeFilter.java:74)
	at org.springframework.security.config.annotation.web.configuration.WebMvcSecurityConfiguration$CompositeFilterChainProxy.doFilter(WebMvcSecurityConfiguration.java:238)
	at org.springframework.web.filter.DelegatingFilterProxy.invokeDelegate(DelegatingFilterProxy.java:362)
	at org.springframework.web.filter.DelegatingFilterProxy.doFilter(DelegatingFilterProxy.java:278)
	at org.apache.catalina.core.ApplicationFilterChain.internalDoFilter(ApplicationFilterChain.java:164)
	at org.apache.catalina.core.ApplicationFilterChain.doFilter(ApplicationFilterChain.java:140)
	at org.springframework.web.filter.RequestContextFilter.doFilterInternal(RequestContextFilter.java:100)
	at org.springframework.web.filter.OncePerRequestFilter.doFilter(OncePerRequestFilter.java:116)
	at org.apache.catalina.core.ApplicationFilterChain.internalDoFilter(ApplicationFilterChain.java:164)
	at org.apache.catalina.core.ApplicationFilterChain.doFilter(ApplicationFilterChain.java:140)
	at org.springframework.web.filter.FormContentFilter.doFilterInternal(FormContentFilter.java:93)
	at org.springframework.web.filter.OncePerRequestFilter.doFilter(OncePerRequestFilter.java:116)
	at org.apache.catalina.core.ApplicationFilterChain.internalDoFilter(ApplicationFilterChain.java:164)
	at org.apache.catalina.core.ApplicationFilterChain.doFilter(ApplicationFilterChain.java:140)
	at org.springframework.web.filter.CharacterEncodingFilter.doFilterInternal(CharacterEncodingFilter.java:201)
	at org.springframework.web.filter.OncePerRequestFilter.doFilter(OncePerRequestFilter.java:116)
	at org.apache.catalina.core.ApplicationFilterChain.internalDoFilter(ApplicationFilterChain.java:164)
	at org.apache.catalina.core.ApplicationFilterChain.doFilter(ApplicationFilterChain.java:140)
	at org.apache.catalina.core.StandardWrapperValve.invoke(StandardWrapperValve.java:167)
	at org.apache.catalina.core.StandardContextValve.invoke(StandardContextValve.java:90)
	at org.apache.catalina.authenticator.AuthenticatorBase.invoke(AuthenticatorBase.java:483)
	at org.apache.catalina.core.StandardHostValve.invoke(StandardHostValve.java:115)
	at org.apache.catalina.valves.ErrorReportValve.invoke(ErrorReportValve.java:93)
	at org.apache.catalina.core.StandardEngineValve.invoke(StandardEngineValve.java:74)
	at org.apache.catalina.connector.CoyoteAdapter.service(CoyoteAdapter.java:344)
	at org.apache.coyote.http11.Http11Processor.service(Http11Processor.java:397)
	at org.apache.coyote.AbstractProcessorLight.process(AbstractProcessorLight.java:63)
	at org.apache.coyote.AbstractProtocol$ConnectionHandler.process(AbstractProtocol.java:905)
	at org.apache.tomcat.util.net.NioEndpoint$SocketProcessor.doRun(NioEndpoint.java:1743)
	at org.apache.tomcat.util.net.SocketProcessorBase.run(SocketProcessorBase.java:52)
	at org.apache.tomcat.util.threads.ThreadPoolExecutor.runWorker(ThreadPoolExecutor.java:1190)
	at org.apache.tomcat.util.threads.ThreadPoolExecutor$Worker.run(ThreadPoolExecutor.java:659)
	at org.apache.tomcat.util.threads.TaskThread$WrappingRunnable.run(TaskThread.java:63)
	at java.base/java.lang.Thread.run(Thread.java:1575)
2025-04-12 19:27:22 INFO  o.s.b.w.e.tomcat.GracefulShutdown - Commencing graceful shutdown. Waiting for active requests to complete
2025-04-12 19:27:22 INFO  o.s.b.w.e.tomcat.GracefulShutdown - Graceful shutdown complete
2025-04-12 19:27:25 INFO  o.h.validator.internal.util.Version - HV000001: Hibernate Validator 8.0.2.Final
2025-04-12 19:27:25 INFO  m.d.journalApp.JournalAppApplication - Starting JournalAppApplication using Java 23.0.2 with PID 26522 (/home/malle/Project/journalApp/target/classes started by malle in /home/malle/Project/journalApp)
2025-04-12 19:27:25 INFO  m.d.journalApp.JournalAppApplication - The following 1 profile is active: "dev"
2025-04-12 19:27:25 INFO  o.s.d.r.c.RepositoryConfigurationDelegate - Bootstrapping Spring Data MongoDB repositories in DEFAULT mode.
2025-04-12 19:27:25 INFO  o.s.d.r.c.RepositoryConfigurationDelegate - Finished Spring Data repository scanning in 27 ms. Found 3 MongoDB repository interfaces.
2025-04-12 19:27:26 INFO  o.s.b.w.e.tomcat.TomcatWebServer - Tomcat initialized with port 8080 (http)
2025-04-12 19:27:26 INFO  o.a.coyote.http11.Http11NioProtocol - Initializing ProtocolHandler ["http-nio-8080"]
2025-04-12 19:27:26 INFO  o.a.catalina.core.StandardService - Starting service [Tomcat]
2025-04-12 19:27:26 INFO  o.a.catalina.core.StandardEngine - Starting Servlet engine: [Apache Tomcat/10.1.39]
2025-04-12 19:27:26 INFO  o.a.c.c.C.[Tomcat].[localhost].[/] - Initializing Spring embedded WebApplicationContext
2025-04-12 19:27:26 INFO  o.s.b.w.s.c.ServletWebServerApplicationContext - Root WebApplicationContext: initialization completed in 814 ms
2025-04-12 19:27:26 INFO  org.mongodb.driver.client - MongoClient with metadata {"driver": {"name": "mongo-java-driver|sync|spring-boot", "version": "5.2.1"}, "os": {"type": "Linux", "name": "Linux", "architecture": "amd64", "version": "6.11.0-21-generic"}, "platform": "Java/Oracle Corporation/23.0.2+7-58"} created with settings MongoClientSettings{readPreference=primary, writeConcern=WriteConcern{w=majority, wTimeout=null ms, journal=null}, retryWrites=true, retryReads=true, readConcern=ReadConcern{level=null}, credential=MongoCredential{mechanism=null, userName='dipeshmallapub', source='admin', password=<hidden>, mechanismProperties=<hidden>}, transportSettings=null, commandListeners=[], codecRegistry=ProvidersCodecRegistry{codecProviders=[ValueCodecProvider{}, BsonValueCodecProvider{}, DBRefCodecProvider{}, DBObjectCodecProvider{}, DocumentCodecProvider{}, CollectionCodecProvider{}, IterableCodecProvider{}, MapCodecProvider{}, GeoJsonCodecProvider{}, GridFSFileCodecProvider{}, Jsr310CodecProvider{}, JsonObjectCodecProvider{}, BsonCodecProvider{}, EnumCodecProvider{}, com.mongodb.client.model.mql.ExpressionCodecProvider@35ac9ebd, com.mongodb.Jep395RecordCodecProvider@56c0a61e, com.mongodb.KotlinCodecProvider@421ead7e]}, loggerSettings=LoggerSettings{maxDocumentLength=1000}, clusterSettings={hosts=[127.0.0.1:27017], srvHost=cluster0.6b69sb9.mongodb.net, srvServiceName=mongodb, mode=MULTIPLE, requiredClusterType=REPLICA_SET, requiredReplicaSetName='atlas-kry611-shard-0', serverSelector='null', clusterListeners='[]', serverSelectionTimeout='30000 ms', localThreshold='15 ms'}, socketSettings=SocketSettings{connectTimeoutMS=10000, readTimeoutMS=0, receiveBufferSize=0, proxySettings=ProxySettings{host=null, port=null, username=null, password=null}}, heartbeatSocketSettings=SocketSettings{connectTimeoutMS=10000, readTimeoutMS=10000, receiveBufferSize=0, proxySettings=ProxySettings{host=null, port=null, username=null, password=null}}, connectionPoolSettings=ConnectionPoolSettings{maxSize=100, minSize=0, maxWaitTimeMS=120000, maxConnectionLifeTimeMS=0, maxConnectionIdleTimeMS=0, maintenanceInitialDelayMS=0, maintenanceFrequencyMS=60000, connectionPoolListeners=[], maxConnecting=2}, serverSettings=ServerSettings{heartbeatFrequencyMS=10000, minHeartbeatFrequencyMS=500, serverMonitoringMode=AUTO, serverListeners='[]', serverMonitorListeners='[]'}, sslSettings=SslSettings{enabled=true, invalidHostNameAllowed=false, context=null}, applicationName='null', compressorList=[], uuidRepresentation=JAVA_LEGACY, serverApi=null, autoEncryptionSettings=null, dnsClient=null, inetAddressResolver=null, contextProvider=null, timeoutMS=null}
2025-04-12 19:27:26 INFO  org.mongodb.driver.cluster - Waiting for server to become available for operation with ID 2. Remaining time: 29994 ms. Selector: WritableServerSelector, topology description: {type=UNKNOWN, servers=[].
2025-04-12 19:27:26 INFO  org.mongodb.driver.cluster - Adding discovered server ac-kex050i-shard-00-02.6b69sb9.mongodb.net:27017 to client view of cluster
2025-04-12 19:27:26 INFO  org.mongodb.driver.cluster - Adding discovered server ac-kex050i-shard-00-01.6b69sb9.mongodb.net:27017 to client view of cluster
2025-04-12 19:27:26 INFO  org.mongodb.driver.cluster - Adding discovered server ac-kex050i-shard-00-00.6b69sb9.mongodb.net:27017 to client view of cluster
2025-04-12 19:27:28 INFO  org.mongodb.driver.cluster - Monitor thread successfully connected to server with description ServerDescription{address=ac-kex050i-shard-00-00.6b69sb9.mongodb.net:27017, type=REPLICA_SET_SECONDARY, cryptd=false, state=CONNECTED, ok=true, minWireVersion=0, maxWireVersion=25, maxDocumentSize=16777216, logicalSessionTimeoutMinutes=30, roundTripTimeNanos=489356154, minRoundTripTimeNanos=0, setName='atlas-kry611-shard-0', canonicalAddress=ac-kex050i-shard-00-00.6b69sb9.mongodb.net:27017, hosts=[ac-kex050i-shard-00-02.6b69sb9.mongodb.net:27017, ac-kex050i-shard-00-01.6b69sb9.mongodb.net:27017, ac-kex050i-shard-00-00.6b69sb9.mongodb.net:27017], passives=[], arbiters=[], primary='ac-kex050i-shard-00-02.6b69sb9.mongodb.net:27017', tagSet=TagSet{[Tag{name='availabilityZone', value='aps1-az1'}, Tag{name='diskState', value='READY'}, Tag{name='nodeType', value='ELECTABLE'}, Tag{name='provider', value='AWS'}, Tag{name='region', value='AP_SOUTH_1'}, Tag{name='workloadType', value='OPERATIONAL'}]}, electionId=null, setVersion=1, topologyVersion=TopologyVersion{processId=67f957c96e7bebcebef83be4, counter=4}, lastWriteDate=Sat Apr 12 19:27:26 GMT+05:45 2025, lastUpdateTimeNanos=11467995409242}
2025-04-12 19:27:28 INFO  org.mongodb.driver.cluster - Monitor thread successfully connected to server with description ServerDescription{address=ac-kex050i-shard-00-02.6b69sb9.mongodb.net:27017, type=REPLICA_SET_PRIMARY, cryptd=false, state=CONNECTED, ok=true, minWireVersion=0, maxWireVersion=25, maxDocumentSize=16777216, logicalSessionTimeoutMinutes=30, roundTripTimeNanos=327931048, minRoundTripTimeNanos=0, setName='atlas-kry611-shard-0', canonicalAddress=ac-kex050i-shard-00-02.6b69sb9.mongodb.net:27017, hosts=[ac-kex050i-shard-00-02.6b69sb9.mongodb.net:27017, ac-kex050i-shard-00-01.6b69sb9.mongodb.net:27017, ac-kex050i-shard-00-00.6b69sb9.mongodb.net:27017], passives=[], arbiters=[], primary='ac-kex050i-shard-00-02.6b69sb9.mongodb.net:27017', tagSet=TagSet{[Tag{name='availabilityZone', value='aps1-az2'}, Tag{name='diskState', value='READY'}, Tag{name='nodeType', value='ELECTABLE'}, Tag{name='provider', value='AWS'}, Tag{name='region', value='AP_SOUTH_1'}, Tag{name='workloadType', value='OPERATIONAL'}]}, electionId=7fffffff0000000000000009, setVersion=1, topologyVersion=TopologyVersion{processId=67f95943868877c2c3e82ebb, counter=6}, lastWriteDate=Sat Apr 12 19:27:26 GMT+05:45 2025, lastUpdateTimeNanos=11467995759390}
2025-04-12 19:27:28 INFO  org.mongodb.driver.cluster - Discovered replica set primary ac-kex050i-shard-00-02.6b69sb9.mongodb.net:27017 with max election id 7fffffff0000000000000009 and max set version 1
2025-04-12 19:27:28 INFO  org.mongodb.driver.cluster - Monitor thread successfully connected to server with description ServerDescription{address=ac-kex050i-shard-00-01.6b69sb9.mongodb.net:27017, type=REPLICA_SET_SECONDARY, cryptd=false, state=CONNECTED, ok=true, minWireVersion=0, maxWireVersion=25, maxDocumentSize=16777216, logicalSessionTimeoutMinutes=30, roundTripTimeNanos=333886172, minRoundTripTimeNanos=0, setName='atlas-kry611-shard-0', canonicalAddress=ac-kex050i-shard-00-01.6b69sb9.mongodb.net:27017, hosts=[ac-kex050i-shard-00-02.6b69sb9.mongodb.net:27017, ac-kex050i-shard-00-01.6b69sb9.mongodb.net:27017, ac-kex050i-shard-00-00.6b69sb9.mongodb.net:27017], passives=[], arbiters=[], primary='ac-kex050i-shard-00-02.6b69sb9.mongodb.net:27017', tagSet=TagSet{[Tag{name='availabilityZone', value='aps1-az3'}, Tag{name='diskState', value='READY'}, Tag{name='nodeType', value='ELECTABLE'}, Tag{name='provider', value='AWS'}, Tag{name='region', value='AP_SOUTH_1'}, Tag{name='workloadType', value='OPERATIONAL'}]}, electionId=null, setVersion=1, topologyVersion=TopologyVersion{processId=67f95a88e18c31e0b3801de8, counter=3}, lastWriteDate=Sat Apr 12 19:27:26 GMT+05:45 2025, lastUpdateTimeNanos=11468001635258}
2025-04-12 19:27:29 INFO  o.s.s.c.a.a.c.InitializeAuthenticationProviderBeanManagerConfigurer$InitializeAuthenticationProviderManagerConfigurer - Global AuthenticationManager configured with AuthenticationProvider bean with name authenticationProvider
2025-04-12 19:27:29 WARN  o.s.s.c.a.a.c.InitializeUserDetailsBeanManagerConfigurer$InitializeUserDetailsManagerConfigurer - Global AuthenticationManager configured with an AuthenticationProvider bean. UserDetailsService beans will not be used by Spring Security for automatically configuring username/password login. Consider removing the AuthenticationProvider bean. Alternatively, consider using the UserDetailsService in a manually instantiated DaoAuthenticationProvider. If the current configuration is intentional, to turn off this warning, increase the logging level of 'org.springframework.security.config.annotation.authentication.configuration.InitializeUserDetailsBeanManagerConfigurer' to ERROR
2025-04-12 19:27:30 INFO  o.a.coyote.http11.Http11NioProtocol - Starting ProtocolHandler ["http-nio-8080"]
2025-04-12 19:27:30 INFO  o.s.b.w.e.tomcat.TomcatWebServer - Tomcat started on port 8080 (http) with context path '/'
2025-04-12 19:27:30 INFO  m.d.journalApp.JournalAppApplication - Started JournalAppApplication in 5.321 seconds (process running for 6.107)
2025-04-12 19:27:32 INFO  o.a.c.c.C.[Tomcat].[localhost].[/] - Initializing Spring DispatcherServlet 'dispatcherServlet'
2025-04-12 19:27:32 INFO  o.s.web.servlet.DispatcherServlet - Initializing Servlet 'dispatcherServlet'
2025-04-12 19:27:32 INFO  o.s.web.servlet.DispatcherServlet - Completed initialization in 1 ms
2025-04-12 19:29:47 INFO  o.s.b.w.e.tomcat.GracefulShutdown - Commencing graceful shutdown. Waiting for active requests to complete
2025-04-12 19:29:48 INFO  o.s.b.w.e.tomcat.GracefulShutdown - Graceful shutdown complete
2025-04-12 19:30:55 INFO  o.h.validator.internal.util.Version - HV000001: Hibernate Validator 8.0.2.Final
2025-04-12 19:30:55 INFO  m.d.journalApp.JournalAppApplication - Starting JournalAppApplication using Java 23.0.2 with PID 26947 (/home/malle/Project/journalApp/target/classes started by malle in /home/malle/Project/journalApp)
2025-04-12 19:30:55 INFO  m.d.journalApp.JournalAppApplication - The following 1 profile is active: "dev"
2025-04-12 19:30:56 INFO  o.s.d.r.c.RepositoryConfigurationDelegate - Bootstrapping Spring Data MongoDB repositories in DEFAULT mode.
2025-04-12 19:30:56 INFO  o.s.d.r.c.RepositoryConfigurationDelegate - Finished Spring Data repository scanning in 27 ms. Found 3 MongoDB repository interfaces.
2025-04-12 19:30:56 INFO  o.s.b.w.e.tomcat.TomcatWebServer - Tomcat initialized with port 8080 (http)
2025-04-12 19:30:56 INFO  o.a.coyote.http11.Http11NioProtocol - Initializing ProtocolHandler ["http-nio-8080"]
2025-04-12 19:30:56 INFO  o.a.catalina.core.StandardService - Starting service [Tomcat]
2025-04-12 19:30:56 INFO  o.a.catalina.core.StandardEngine - Starting Servlet engine: [Apache Tomcat/10.1.39]
2025-04-12 19:30:56 INFO  o.a.c.c.C.[Tomcat].[localhost].[/] - Initializing Spring embedded WebApplicationContext
2025-04-12 19:30:56 INFO  o.s.b.w.s.c.ServletWebServerApplicationContext - Root WebApplicationContext: initialization completed in 810 ms
2025-04-12 19:30:57 INFO  org.mongodb.driver.client - MongoClient with metadata {"driver": {"name": "mongo-java-driver|sync|spring-boot", "version": "5.2.1"}, "os": {"type": "Linux", "name": "Linux", "architecture": "amd64", "version": "6.11.0-21-generic"}, "platform": "Java/Oracle Corporation/23.0.2+7-58"} created with settings MongoClientSettings{readPreference=primary, writeConcern=WriteConcern{w=majority, wTimeout=null ms, journal=null}, retryWrites=true, retryReads=true, readConcern=ReadConcern{level=null}, credential=MongoCredential{mechanism=null, userName='dipeshmallapub', source='admin', password=<hidden>, mechanismProperties=<hidden>}, transportSettings=null, commandListeners=[], codecRegistry=ProvidersCodecRegistry{codecProviders=[ValueCodecProvider{}, BsonValueCodecProvider{}, DBRefCodecProvider{}, DBObjectCodecProvider{}, DocumentCodecProvider{}, CollectionCodecProvider{}, IterableCodecProvider{}, MapCodecProvider{}, GeoJsonCodecProvider{}, GridFSFileCodecProvider{}, Jsr310CodecProvider{}, JsonObjectCodecProvider{}, BsonCodecProvider{}, EnumCodecProvider{}, com.mongodb.client.model.mql.ExpressionCodecProvider@8e99809, com.mongodb.Jep395RecordCodecProvider@e62319f, com.mongodb.KotlinCodecProvider@4d354a3e]}, loggerSettings=LoggerSettings{maxDocumentLength=1000}, clusterSettings={hosts=[127.0.0.1:27017], srvHost=cluster0.6b69sb9.mongodb.net, srvServiceName=mongodb, mode=MULTIPLE, requiredClusterType=REPLICA_SET, requiredReplicaSetName='atlas-kry611-shard-0', serverSelector='null', clusterListeners='[]', serverSelectionTimeout='30000 ms', localThreshold='15 ms'}, socketSettings=SocketSettings{connectTimeoutMS=10000, readTimeoutMS=0, receiveBufferSize=0, proxySettings=ProxySettings{host=null, port=null, username=null, password=null}}, heartbeatSocketSettings=SocketSettings{connectTimeoutMS=10000, readTimeoutMS=10000, receiveBufferSize=0, proxySettings=ProxySettings{host=null, port=null, username=null, password=null}}, connectionPoolSettings=ConnectionPoolSettings{maxSize=100, minSize=0, maxWaitTimeMS=120000, maxConnectionLifeTimeMS=0, maxConnectionIdleTimeMS=0, maintenanceInitialDelayMS=0, maintenanceFrequencyMS=60000, connectionPoolListeners=[], maxConnecting=2}, serverSettings=ServerSettings{heartbeatFrequencyMS=10000, minHeartbeatFrequencyMS=500, serverMonitoringMode=AUTO, serverListeners='[]', serverMonitorListeners='[]'}, sslSettings=SslSettings{enabled=true, invalidHostNameAllowed=false, context=null}, applicationName='null', compressorList=[], uuidRepresentation=JAVA_LEGACY, serverApi=null, autoEncryptionSettings=null, dnsClient=null, inetAddressResolver=null, contextProvider=null, timeoutMS=null}
2025-04-12 19:30:57 INFO  org.mongodb.driver.cluster - Waiting for server to become available for operation with ID 2. Remaining time: 29996 ms. Selector: WritableServerSelector, topology description: {type=UNKNOWN, servers=[].
2025-04-12 19:30:57 INFO  org.mongodb.driver.cluster - Adding discovered server ac-kex050i-shard-00-02.6b69sb9.mongodb.net:27017 to client view of cluster
2025-04-12 19:30:57 INFO  org.mongodb.driver.cluster - Adding discovered server ac-kex050i-shard-00-01.6b69sb9.mongodb.net:27017 to client view of cluster
2025-04-12 19:30:57 INFO  org.mongodb.driver.cluster - Adding discovered server ac-kex050i-shard-00-00.6b69sb9.mongodb.net:27017 to client view of cluster
2025-04-12 19:30:59 INFO  org.mongodb.driver.cluster - Monitor thread successfully connected to server with description ServerDescription{address=ac-kex050i-shard-00-01.6b69sb9.mongodb.net:27017, type=REPLICA_SET_SECONDARY, cryptd=false, state=CONNECTED, ok=true, minWireVersion=0, maxWireVersion=25, maxDocumentSize=16777216, logicalSessionTimeoutMinutes=30, roundTripTimeNanos=747723560, minRoundTripTimeNanos=0, setName='atlas-kry611-shard-0', canonicalAddress=ac-kex050i-shard-00-01.6b69sb9.mongodb.net:27017, hosts=[ac-kex050i-shard-00-02.6b69sb9.mongodb.net:27017, ac-kex050i-shard-00-01.6b69sb9.mongodb.net:27017, ac-kex050i-shard-00-00.6b69sb9.mongodb.net:27017], passives=[], arbiters=[], primary='ac-kex050i-shard-00-02.6b69sb9.mongodb.net:27017', tagSet=TagSet{[Tag{name='availabilityZone', value='aps1-az3'}, Tag{name='diskState', value='READY'}, Tag{name='nodeType', value='ELECTABLE'}, Tag{name='provider', value='AWS'}, Tag{name='region', value='AP_SOUTH_1'}, Tag{name='workloadType', value='OPERATIONAL'}]}, electionId=null, setVersion=1, topologyVersion=TopologyVersion{processId=67f95a88e18c31e0b3801de8, counter=3}, lastWriteDate=Sat Apr 12 19:30:51 GMT+05:45 2025, lastUpdateTimeNanos=11679121371504}
2025-04-12 19:30:59 INFO  org.mongodb.driver.cluster - Monitor thread successfully connected to server with description ServerDescription{address=ac-kex050i-shard-00-02.6b69sb9.mongodb.net:27017, type=REPLICA_SET_PRIMARY, cryptd=false, state=CONNECTED, ok=true, minWireVersion=0, maxWireVersion=25, maxDocumentSize=16777216, logicalSessionTimeoutMinutes=30, roundTripTimeNanos=747723828, minRoundTripTimeNanos=0, setName='atlas-kry611-shard-0', canonicalAddress=ac-kex050i-shard-00-02.6b69sb9.mongodb.net:27017, hosts=[ac-kex050i-shard-00-02.6b69sb9.mongodb.net:27017, ac-kex050i-shard-00-01.6b69sb9.mongodb.net:27017, ac-kex050i-shard-00-00.6b69sb9.mongodb.net:27017], passives=[], arbiters=[], primary='ac-kex050i-shard-00-02.6b69sb9.mongodb.net:27017', tagSet=TagSet{[Tag{name='availabilityZone', value='aps1-az2'}, Tag{name='diskState', value='READY'}, Tag{name='nodeType', value='ELECTABLE'}, Tag{name='provider', value='AWS'}, Tag{name='region', value='AP_SOUTH_1'}, Tag{name='workloadType', value='OPERATIONAL'}]}, electionId=7fffffff0000000000000009, setVersion=1, topologyVersion=TopologyVersion{processId=67f95943868877c2c3e82ebb, counter=6}, lastWriteDate=Sat Apr 12 19:30:51 GMT+05:45 2025, lastUpdateTimeNanos=11679121371388}
2025-04-12 19:30:59 INFO  org.mongodb.driver.cluster - Monitor thread successfully connected to server with description ServerDescription{address=ac-kex050i-shard-00-00.6b69sb9.mongodb.net:27017, type=REPLICA_SET_SECONDARY, cryptd=false, state=CONNECTED, ok=true, minWireVersion=0, maxWireVersion=25, maxDocumentSize=16777216, logicalSessionTimeoutMinutes=30, roundTripTimeNanos=747726514, minRoundTripTimeNanos=0, setName='atlas-kry611-shard-0', canonicalAddress=ac-kex050i-shard-00-00.6b69sb9.mongodb.net:27017, hosts=[ac-kex050i-shard-00-02.6b69sb9.mongodb.net:27017, ac-kex050i-shard-00-01.6b69sb9.mongodb.net:27017, ac-kex050i-shard-00-00.6b69sb9.mongodb.net:27017], passives=[], arbiters=[], primary='ac-kex050i-shard-00-02.6b69sb9.mongodb.net:27017', tagSet=TagSet{[Tag{name='availabilityZone', value='aps1-az1'}, Tag{name='diskState', value='READY'}, Tag{name='nodeType', value='ELECTABLE'}, Tag{name='provider', value='AWS'}, Tag{name='region', value='AP_SOUTH_1'}, Tag{name='workloadType', value='OPERATIONAL'}]}, electionId=null, setVersion=1, topologyVersion=TopologyVersion{processId=67f957c96e7bebcebef83be4, counter=4}, lastWriteDate=Sat Apr 12 19:30:51 GMT+05:45 2025, lastUpdateTimeNanos=11679121371516}
2025-04-12 19:30:59 INFO  org.mongodb.driver.cluster - Discovered replica set primary ac-kex050i-shard-00-02.6b69sb9.mongodb.net:27017 with max election id 7fffffff0000000000000009 and max set version 1
2025-04-12 19:31:00 INFO  o.s.s.c.a.a.c.InitializeAuthenticationProviderBeanManagerConfigurer$InitializeAuthenticationProviderManagerConfigurer - Global AuthenticationManager configured with AuthenticationProvider bean with name authenticationProvider
2025-04-12 19:31:00 WARN  o.s.s.c.a.a.c.InitializeUserDetailsBeanManagerConfigurer$InitializeUserDetailsManagerConfigurer - Global AuthenticationManager configured with an AuthenticationProvider bean. UserDetailsService beans will not be used by Spring Security for automatically configuring username/password login. Consider removing the AuthenticationProvider bean. Alternatively, consider using the UserDetailsService in a manually instantiated DaoAuthenticationProvider. If the current configuration is intentional, to turn off this warning, increase the logging level of 'org.springframework.security.config.annotation.authentication.configuration.InitializeUserDetailsBeanManagerConfigurer' to ERROR
2025-04-12 19:31:00 INFO  o.a.coyote.http11.Http11NioProtocol - Starting ProtocolHandler ["http-nio-8080"]
2025-04-12 19:31:00 INFO  o.s.b.w.e.tomcat.TomcatWebServer - Tomcat started on port 8080 (http) with context path '/'
2025-04-12 19:31:00 INFO  m.d.journalApp.JournalAppApplication - Started JournalAppApplication in 5.136 seconds (process running for 5.773)
2025-04-12 19:31:05 INFO  o.a.c.c.C.[Tomcat].[localhost].[/] - Initializing Spring DispatcherServlet 'dispatcherServlet'
2025-04-12 19:31:05 INFO  o.s.web.servlet.DispatcherServlet - Initializing Servlet 'dispatcherServlet'
2025-04-12 19:31:05 INFO  o.s.web.servlet.DispatcherServlet - Completed initialization in 1 ms
2025-04-12 19:31:06 ERROR o.a.c.c.C.[.[.[.[dispatcherServlet] - Servlet.service() for servlet [dispatcherServlet] in context with path [] threw exception [Request processing failed: java.lang.NullPointerException: Cannot invoke "malla.dipesh.journalApp.api.response.WeatherResponse$Current.getFeelslike()" because the return value of "malla.dipesh.journalApp.api.response.WeatherResponse.getCurrent()" is null] with root cause
java.lang.NullPointerException: Cannot invoke "malla.dipesh.journalApp.api.response.WeatherResponse$Current.getFeelslike()" because the return value of "malla.dipesh.journalApp.api.response.WeatherResponse.getCurrent()" is null
	at malla.dipesh.journalApp.controller.UserController.greeting(UserController.java:86)
	at java.base/jdk.internal.reflect.DirectMethodHandleAccessor.invoke(DirectMethodHandleAccessor.java:103)
	at java.base/java.lang.reflect.Method.invoke(Method.java:580)
	at org.springframework.web.method.support.InvocableHandlerMethod.doInvoke(InvocableHandlerMethod.java:258)
	at org.springframework.web.method.support.InvocableHandlerMethod.invokeForRequest(InvocableHandlerMethod.java:191)
	at org.springframework.web.servlet.mvc.method.annotation.ServletInvocableHandlerMethod.invokeAndHandle(ServletInvocableHandlerMethod.java:118)
	at org.springframework.web.servlet.mvc.method.annotation.RequestMappingHandlerAdapter.invokeHandlerMethod(RequestMappingHandlerAdapter.java:986)
	at org.springframework.web.servlet.mvc.method.annotation.RequestMappingHandlerAdapter.handleInternal(RequestMappingHandlerAdapter.java:891)
	at org.springframework.web.servlet.mvc.method.AbstractHandlerMethodAdapter.handle(AbstractHandlerMethodAdapter.java:87)
	at org.springframework.web.servlet.DispatcherServlet.doDispatch(DispatcherServlet.java:1089)
	at org.springframework.web.servlet.DispatcherServlet.doService(DispatcherServlet.java:979)
	at org.springframework.web.servlet.FrameworkServlet.processRequest(FrameworkServlet.java:1014)
	at org.springframework.web.servlet.FrameworkServlet.doGet(FrameworkServlet.java:903)
	at jakarta.servlet.http.HttpServlet.service(HttpServlet.java:564)
	at org.springframework.web.servlet.FrameworkServlet.service(FrameworkServlet.java:885)
	at jakarta.servlet.http.HttpServlet.service(HttpServlet.java:658)
	at org.apache.catalina.core.ApplicationFilterChain.internalDoFilter(ApplicationFilterChain.java:195)
	at org.apache.catalina.core.ApplicationFilterChain.doFilter(ApplicationFilterChain.java:140)
	at org.apache.tomcat.websocket.server.WsFilter.doFilter(WsFilter.java:51)
	at org.apache.catalina.core.ApplicationFilterChain.internalDoFilter(ApplicationFilterChain.java:164)
	at org.apache.catalina.core.ApplicationFilterChain.doFilter(ApplicationFilterChain.java:140)
	at org.springframework.web.filter.CompositeFilter$VirtualFilterChain.doFilter(CompositeFilter.java:108)
	at org.springframework.security.web.FilterChainProxy.lambda$doFilterInternal$3(FilterChainProxy.java:231)
	at org.springframework.security.web.FilterChainProxy$VirtualFilterChain.doFilter(FilterChainProxy.java:365)
	at org.springframework.security.web.access.intercept.AuthorizationFilter.doFilter(AuthorizationFilter.java:101)
	at org.springframework.security.web.FilterChainProxy$VirtualFilterChain.doFilter(FilterChainProxy.java:374)
	at org.springframework.security.web.access.ExceptionTranslationFilter.doFilter(ExceptionTranslationFilter.java:126)
	at org.springframework.security.web.access.ExceptionTranslationFilter.doFilter(ExceptionTranslationFilter.java:120)
	at org.springframework.security.web.FilterChainProxy$VirtualFilterChain.doFilter(FilterChainProxy.java:374)
	at org.springframework.security.web.session.SessionManagementFilter.doFilter(SessionManagementFilter.java:131)
	at org.springframework.security.web.session.SessionManagementFilter.doFilter(SessionManagementFilter.java:85)
	at org.springframework.security.web.FilterChainProxy$VirtualFilterChain.doFilter(FilterChainProxy.java:374)
	at org.springframework.security.web.authentication.AnonymousAuthenticationFilter.doFilter(AnonymousAuthenticationFilter.java:100)
	at org.springframework.security.web.FilterChainProxy$VirtualFilterChain.doFilter(FilterChainProxy.java:374)
	at org.springframework.security.web.servletapi.SecurityContextHolderAwareRequestFilter.doFilter(SecurityContextHolderAwareRequestFilter.java:179)
	at org.springframework.security.web.FilterChainProxy$VirtualFilterChain.doFilter(FilterChainProxy.java:374)
	at org.springframework.security.web.savedrequest.RequestCacheAwareFilter.doFilter(RequestCacheAwareFilter.java:63)
	at org.springframework.security.web.FilterChainProxy$VirtualFilterChain.doFilter(FilterChainProxy.java:374)
	at org.springframework.security.web.authentication.www.BasicAuthenticationFilter.doFilterInternal(BasicAuthenticationFilter.java:213)
	at org.springframework.web.filter.OncePerRequestFilter.doFilter(OncePerRequestFilter.java:116)
	at org.springframework.security.web.FilterChainProxy$VirtualFilterChain.doFilter(FilterChainProxy.java:374)
	at org.springframework.security.web.authentication.logout.LogoutFilter.doFilter(LogoutFilter.java:107)
	at org.springframework.security.web.authentication.logout.LogoutFilter.doFilter(LogoutFilter.java:93)
	at org.springframework.security.web.FilterChainProxy$VirtualFilterChain.doFilter(FilterChainProxy.java:374)
	at org.springframework.security.web.header.HeaderWriterFilter.doHeadersAfter(HeaderWriterFilter.java:90)
	at org.springframework.security.web.header.HeaderWriterFilter.doFilterInternal(HeaderWriterFilter.java:75)
	at org.springframework.web.filter.OncePerRequestFilter.doFilter(OncePerRequestFilter.java:116)
	at org.springframework.security.web.FilterChainProxy$VirtualFilterChain.doFilter(FilterChainProxy.java:374)
	at org.springframework.security.web.context.SecurityContextHolderFilter.doFilter(SecurityContextHolderFilter.java:82)
	at org.springframework.security.web.context.SecurityContextHolderFilter.doFilter(SecurityContextHolderFilter.java:69)
	at org.springframework.security.web.FilterChainProxy$VirtualFilterChain.doFilter(FilterChainProxy.java:374)
	at org.springframework.security.web.context.request.async.WebAsyncManagerIntegrationFilter.doFilterInternal(WebAsyncManagerIntegrationFilter.java:62)
	at org.springframework.web.filter.OncePerRequestFilter.doFilter(OncePerRequestFilter.java:116)
	at org.springframework.security.web.FilterChainProxy$VirtualFilterChain.doFilter(FilterChainProxy.java:374)
	at org.springframework.security.web.session.DisableEncodeUrlFilter.doFilterInternal(DisableEncodeUrlFilter.java:42)
	at org.springframework.web.filter.OncePerRequestFilter.doFilter(OncePerRequestFilter.java:116)
	at org.springframework.security.web.FilterChainProxy$VirtualFilterChain.doFilter(FilterChainProxy.java:374)
	at org.springframework.security.web.FilterChainProxy.doFilterInternal(FilterChainProxy.java:233)
	at org.springframework.security.web.FilterChainProxy.doFilter(FilterChainProxy.java:191)
	at org.springframework.web.filter.CompositeFilter$VirtualFilterChain.doFilter(CompositeFilter.java:113)
	at org.springframework.web.servlet.handler.HandlerMappingIntrospector.lambda$createCacheFilter$3(HandlerMappingIntrospector.java:243)
	at org.springframework.web.filter.CompositeFilter$VirtualFilterChain.doFilter(CompositeFilter.java:113)
	at org.springframework.web.filter.CompositeFilter.doFilter(CompositeFilter.java:74)
	at org.springframework.security.config.annotation.web.configuration.WebMvcSecurityConfiguration$CompositeFilterChainProxy.doFilter(WebMvcSecurityConfiguration.java:238)
	at org.springframework.web.filter.DelegatingFilterProxy.invokeDelegate(DelegatingFilterProxy.java:362)
	at org.springframework.web.filter.DelegatingFilterProxy.doFilter(DelegatingFilterProxy.java:278)
	at org.apache.catalina.core.ApplicationFilterChain.internalDoFilter(ApplicationFilterChain.java:164)
	at org.apache.catalina.core.ApplicationFilterChain.doFilter(ApplicationFilterChain.java:140)
	at org.springframework.web.filter.RequestContextFilter.doFilterInternal(RequestContextFilter.java:100)
	at org.springframework.web.filter.OncePerRequestFilter.doFilter(OncePerRequestFilter.java:116)
	at org.apache.catalina.core.ApplicationFilterChain.internalDoFilter(ApplicationFilterChain.java:164)
	at org.apache.catalina.core.ApplicationFilterChain.doFilter(ApplicationFilterChain.java:140)
	at org.springframework.web.filter.FormContentFilter.doFilterInternal(FormContentFilter.java:93)
	at org.springframework.web.filter.OncePerRequestFilter.doFilter(OncePerRequestFilter.java:116)
	at org.apache.catalina.core.ApplicationFilterChain.internalDoFilter(ApplicationFilterChain.java:164)
	at org.apache.catalina.core.ApplicationFilterChain.doFilter(ApplicationFilterChain.java:140)
	at org.springframework.web.filter.CharacterEncodingFilter.doFilterInternal(CharacterEncodingFilter.java:201)
	at org.springframework.web.filter.OncePerRequestFilter.doFilter(OncePerRequestFilter.java:116)
	at org.apache.catalina.core.ApplicationFilterChain.internalDoFilter(ApplicationFilterChain.java:164)
	at org.apache.catalina.core.ApplicationFilterChain.doFilter(ApplicationFilterChain.java:140)
	at org.apache.catalina.core.StandardWrapperValve.invoke(StandardWrapperValve.java:167)
	at org.apache.catalina.core.StandardContextValve.invoke(StandardContextValve.java:90)
	at org.apache.catalina.authenticator.AuthenticatorBase.invoke(AuthenticatorBase.java:483)
	at org.apache.catalina.core.StandardHostValve.invoke(StandardHostValve.java:115)
	at org.apache.catalina.valves.ErrorReportValve.invoke(ErrorReportValve.java:93)
	at org.apache.catalina.core.StandardEngineValve.invoke(StandardEngineValve.java:74)
	at org.apache.catalina.connector.CoyoteAdapter.service(CoyoteAdapter.java:344)
	at org.apache.coyote.http11.Http11Processor.service(Http11Processor.java:397)
	at org.apache.coyote.AbstractProcessorLight.process(AbstractProcessorLight.java:63)
	at org.apache.coyote.AbstractProtocol$ConnectionHandler.process(AbstractProtocol.java:905)
	at org.apache.tomcat.util.net.NioEndpoint$SocketProcessor.doRun(NioEndpoint.java:1743)
	at org.apache.tomcat.util.net.SocketProcessorBase.run(SocketProcessorBase.java:52)
	at org.apache.tomcat.util.threads.ThreadPoolExecutor.runWorker(ThreadPoolExecutor.java:1190)
	at org.apache.tomcat.util.threads.ThreadPoolExecutor$Worker.run(ThreadPoolExecutor.java:659)
	at org.apache.tomcat.util.threads.TaskThread$WrappingRunnable.run(TaskThread.java:63)
	at java.base/java.lang.Thread.run(Thread.java:1575)
2025-04-12 19:31:54 INFO  o.s.b.w.e.tomcat.GracefulShutdown - Commencing graceful shutdown. Waiting for active requests to complete
2025-04-12 19:31:54 INFO  o.s.b.w.e.tomcat.GracefulShutdown - Graceful shutdown complete
2025-04-12 19:31:58 INFO  o.h.validator.internal.util.Version - HV000001: Hibernate Validator 8.0.2.Final
2025-04-12 19:31:58 INFO  m.d.journalApp.JournalAppApplication - Starting JournalAppApplication using Java 23.0.2 with PID 27197 (/home/malle/Project/journalApp/target/classes started by malle in /home/malle/Project/journalApp)
2025-04-12 19:31:58 INFO  m.d.journalApp.JournalAppApplication - The following 1 profile is active: "dev"
2025-04-12 19:31:58 INFO  o.s.d.r.c.RepositoryConfigurationDelegate - Bootstrapping Spring Data MongoDB repositories in DEFAULT mode.
2025-04-12 19:31:58 INFO  o.s.d.r.c.RepositoryConfigurationDelegate - Finished Spring Data repository scanning in 25 ms. Found 3 MongoDB repository interfaces.
2025-04-12 19:31:58 INFO  o.s.b.w.e.tomcat.TomcatWebServer - Tomcat initialized with port 8080 (http)
2025-04-12 19:31:58 INFO  o.a.coyote.http11.Http11NioProtocol - Initializing ProtocolHandler ["http-nio-8080"]
2025-04-12 19:31:58 INFO  o.a.catalina.core.StandardService - Starting service [Tomcat]
2025-04-12 19:31:58 INFO  o.a.catalina.core.StandardEngine - Starting Servlet engine: [Apache Tomcat/10.1.39]
2025-04-12 19:31:58 INFO  o.a.c.c.C.[Tomcat].[localhost].[/] - Initializing Spring embedded WebApplicationContext
2025-04-12 19:31:58 INFO  o.s.b.w.s.c.ServletWebServerApplicationContext - Root WebApplicationContext: initialization completed in 768 ms
2025-04-12 19:31:59 INFO  org.mongodb.driver.client - MongoClient with metadata {"driver": {"name": "mongo-java-driver|sync|spring-boot", "version": "5.2.1"}, "os": {"type": "Linux", "name": "Linux", "architecture": "amd64", "version": "6.11.0-21-generic"}, "platform": "Java/Oracle Corporation/23.0.2+7-58"} created with settings MongoClientSettings{readPreference=primary, writeConcern=WriteConcern{w=majority, wTimeout=null ms, journal=null}, retryWrites=true, retryReads=true, readConcern=ReadConcern{level=null}, credential=MongoCredential{mechanism=null, userName='dipeshmallapub', source='admin', password=<hidden>, mechanismProperties=<hidden>}, transportSettings=null, commandListeners=[], codecRegistry=ProvidersCodecRegistry{codecProviders=[ValueCodecProvider{}, BsonValueCodecProvider{}, DBRefCodecProvider{}, DBObjectCodecProvider{}, DocumentCodecProvider{}, CollectionCodecProvider{}, IterableCodecProvider{}, MapCodecProvider{}, GeoJsonCodecProvider{}, GridFSFileCodecProvider{}, Jsr310CodecProvider{}, JsonObjectCodecProvider{}, BsonCodecProvider{}, EnumCodecProvider{}, com.mongodb.client.model.mql.ExpressionCodecProvider@57c69937, com.mongodb.Jep395RecordCodecProvider@1ad1c363, com.mongodb.KotlinCodecProvider@446b64b3]}, loggerSettings=LoggerSettings{maxDocumentLength=1000}, clusterSettings={hosts=[127.0.0.1:27017], srvHost=cluster0.6b69sb9.mongodb.net, srvServiceName=mongodb, mode=MULTIPLE, requiredClusterType=REPLICA_SET, requiredReplicaSetName='atlas-kry611-shard-0', serverSelector='null', clusterListeners='[]', serverSelectionTimeout='30000 ms', localThreshold='15 ms'}, socketSettings=SocketSettings{connectTimeoutMS=10000, readTimeoutMS=0, receiveBufferSize=0, proxySettings=ProxySettings{host=null, port=null, username=null, password=null}}, heartbeatSocketSettings=SocketSettings{connectTimeoutMS=10000, readTimeoutMS=10000, receiveBufferSize=0, proxySettings=ProxySettings{host=null, port=null, username=null, password=null}}, connectionPoolSettings=ConnectionPoolSettings{maxSize=100, minSize=0, maxWaitTimeMS=120000, maxConnectionLifeTimeMS=0, maxConnectionIdleTimeMS=0, maintenanceInitialDelayMS=0, maintenanceFrequencyMS=60000, connectionPoolListeners=[], maxConnecting=2}, serverSettings=ServerSettings{heartbeatFrequencyMS=10000, minHeartbeatFrequencyMS=500, serverMonitoringMode=AUTO, serverListeners='[]', serverMonitorListeners='[]'}, sslSettings=SslSettings{enabled=true, invalidHostNameAllowed=false, context=null}, applicationName='null', compressorList=[], uuidRepresentation=JAVA_LEGACY, serverApi=null, autoEncryptionSettings=null, dnsClient=null, inetAddressResolver=null, contextProvider=null, timeoutMS=null}
2025-04-12 19:31:59 INFO  org.mongodb.driver.cluster - Adding discovered server ac-kex050i-shard-00-02.6b69sb9.mongodb.net:27017 to client view of cluster
2025-04-12 19:31:59 INFO  org.mongodb.driver.cluster - Waiting for server to become available for operation with ID 2. Remaining time: 29995 ms. Selector: WritableServerSelector, topology description: {type=UNKNOWN, servers=[].
2025-04-12 19:31:59 INFO  org.mongodb.driver.cluster - Adding discovered server ac-kex050i-shard-00-00.6b69sb9.mongodb.net:27017 to client view of cluster
2025-04-12 19:31:59 INFO  org.mongodb.driver.cluster - Adding discovered server ac-kex050i-shard-00-01.6b69sb9.mongodb.net:27017 to client view of cluster
2025-04-12 19:32:05 INFO  org.mongodb.driver.cluster - Monitor thread successfully connected to server with description ServerDescription{address=ac-kex050i-shard-00-02.6b69sb9.mongodb.net:27017, type=REPLICA_SET_PRIMARY, cryptd=false, state=CONNECTED, ok=true, minWireVersion=0, maxWireVersion=25, maxDocumentSize=16777216, logicalSessionTimeoutMinutes=30, roundTripTimeNanos=543128549, minRoundTripTimeNanos=0, setName='atlas-kry611-shard-0', canonicalAddress=ac-kex050i-shard-00-02.6b69sb9.mongodb.net:27017, hosts=[ac-kex050i-shard-00-02.6b69sb9.mongodb.net:27017, ac-kex050i-shard-00-01.6b69sb9.mongodb.net:27017, ac-kex050i-shard-00-00.6b69sb9.mongodb.net:27017], passives=[], arbiters=[], primary='ac-kex050i-shard-00-02.6b69sb9.mongodb.net:27017', tagSet=TagSet{[Tag{name='availabilityZone', value='aps1-az2'}, Tag{name='diskState', value='READY'}, Tag{name='nodeType', value='ELECTABLE'}, Tag{name='provider', value='AWS'}, Tag{name='region', value='AP_SOUTH_1'}, Tag{name='workloadType', value='OPERATIONAL'}]}, electionId=7fffffff0000000000000009, setVersion=1, topologyVersion=TopologyVersion{processId=67f95943868877c2c3e82ebb, counter=6}, lastWriteDate=Sat Apr 12 19:32:00 GMT+05:45 2025, lastUpdateTimeNanos=11745701017006}
2025-04-12 19:32:05 INFO  org.mongodb.driver.cluster - Discovered replica set primary ac-kex050i-shard-00-02.6b69sb9.mongodb.net:27017 with max election id 7fffffff0000000000000009 and max set version 1
2025-04-12 19:32:05 INFO  org.mongodb.driver.cluster - Monitor thread successfully connected to server with description ServerDescription{address=ac-kex050i-shard-00-01.6b69sb9.mongodb.net:27017, type=REPLICA_SET_SECONDARY, cryptd=false, state=CONNECTED, ok=true, minWireVersion=0, maxWireVersion=25, maxDocumentSize=16777216, logicalSessionTimeoutMinutes=30, roundTripTimeNanos=551301082, minRoundTripTimeNanos=0, setName='atlas-kry611-shard-0', canonicalAddress=ac-kex050i-shard-00-01.6b69sb9.mongodb.net:27017, hosts=[ac-kex050i-shard-00-02.6b69sb9.mongodb.net:27017, ac-kex050i-shard-00-01.6b69sb9.mongodb.net:27017, ac-kex050i-shard-00-00.6b69sb9.mongodb.net:27017], passives=[], arbiters=[], primary='ac-kex050i-shard-00-02.6b69sb9.mongodb.net:27017', tagSet=TagSet{[Tag{name='availabilityZone', value='aps1-az3'}, Tag{name='diskState', value='READY'}, Tag{name='nodeType', value='ELECTABLE'}, Tag{name='provider', value='AWS'}, Tag{name='region', value='AP_SOUTH_1'}, Tag{name='workloadType', value='OPERATIONAL'}]}, electionId=null, setVersion=1, topologyVersion=TopologyVersion{processId=67f95a88e18c31e0b3801de8, counter=3}, lastWriteDate=Sat Apr 12 19:32:00 GMT+05:45 2025, lastUpdateTimeNanos=11745709144671}
2025-04-12 19:32:06 INFO  org.mongodb.driver.cluster - Monitor thread successfully connected to server with description ServerDescription{address=ac-kex050i-shard-00-00.6b69sb9.mongodb.net:27017, type=REPLICA_SET_SECONDARY, cryptd=false, state=CONNECTED, ok=true, minWireVersion=0, maxWireVersion=25, maxDocumentSize=16777216, logicalSessionTimeoutMinutes=30, roundTripTimeNanos=1707776726, minRoundTripTimeNanos=0, setName='atlas-kry611-shard-0', canonicalAddress=ac-kex050i-shard-00-00.6b69sb9.mongodb.net:27017, hosts=[ac-kex050i-shard-00-02.6b69sb9.mongodb.net:27017, ac-kex050i-shard-00-01.6b69sb9.mongodb.net:27017, ac-kex050i-shard-00-00.6b69sb9.mongodb.net:27017], passives=[], arbiters=[], primary='ac-kex050i-shard-00-02.6b69sb9.mongodb.net:27017', tagSet=TagSet{[Tag{name='availabilityZone', value='aps1-az1'}, Tag{name='diskState', value='READY'}, Tag{name='nodeType', value='ELECTABLE'}, Tag{name='provider', value='AWS'}, Tag{name='region', value='AP_SOUTH_1'}, Tag{name='workloadType', value='OPERATIONAL'}]}, electionId=null, setVersion=1, topologyVersion=TopologyVersion{processId=67f957c96e7bebcebef83be4, counter=4}, lastWriteDate=Sat Apr 12 19:32:00 GMT+05:45 2025, lastUpdateTimeNanos=11746705713071}
2025-04-12 19:32:07 INFO  o.s.s.c.a.a.c.InitializeAuthenticationProviderBeanManagerConfigurer$InitializeAuthenticationProviderManagerConfigurer - Global AuthenticationManager configured with AuthenticationProvider bean with name authenticationProvider
2025-04-12 19:32:07 WARN  o.s.s.c.a.a.c.InitializeUserDetailsBeanManagerConfigurer$InitializeUserDetailsManagerConfigurer - Global AuthenticationManager configured with an AuthenticationProvider bean. UserDetailsService beans will not be used by Spring Security for automatically configuring username/password login. Consider removing the AuthenticationProvider bean. Alternatively, consider using the UserDetailsService in a manually instantiated DaoAuthenticationProvider. If the current configuration is intentional, to turn off this warning, increase the logging level of 'org.springframework.security.config.annotation.authentication.configuration.InitializeUserDetailsBeanManagerConfigurer' to ERROR
2025-04-12 19:32:08 INFO  o.a.coyote.http11.Http11NioProtocol - Starting ProtocolHandler ["http-nio-8080"]
2025-04-12 19:32:08 INFO  o.s.b.w.e.tomcat.TomcatWebServer - Tomcat started on port 8080 (http) with context path '/'
2025-04-12 19:32:08 INFO  m.d.journalApp.JournalAppApplication - Started JournalAppApplication in 10.174 seconds (process running for 11.068)
2025-04-12 19:32:09 INFO  o.a.c.c.C.[Tomcat].[localhost].[/] - Initializing Spring DispatcherServlet 'dispatcherServlet'
2025-04-12 19:32:09 INFO  o.s.web.servlet.DispatcherServlet - Initializing Servlet 'dispatcherServlet'
2025-04-12 19:32:09 INFO  o.s.web.servlet.DispatcherServlet - Completed initialization in 1 ms
2025-04-12 19:33:04 INFO  o.s.b.w.e.tomcat.GracefulShutdown - Commencing graceful shutdown. Waiting for active requests to complete
2025-04-12 19:33:04 INFO  o.s.b.w.e.tomcat.GracefulShutdown - Graceful shutdown complete
2025-04-12 19:49:07 INFO  o.h.validator.internal.util.Version - HV000001: Hibernate Validator 8.0.2.Final
2025-04-12 19:49:07 INFO  m.d.journalApp.JournalAppApplication - Starting JournalAppApplication using Java 23.0.2 with PID 28032 (/home/malle/Project/journalApp/target/classes started by malle in /home/malle/Project/journalApp)
2025-04-12 19:49:07 INFO  m.d.journalApp.JournalAppApplication - The following 1 profile is active: "dev"
2025-04-12 19:49:08 INFO  o.s.d.r.c.RepositoryConfigurationDelegate - Bootstrapping Spring Data MongoDB repositories in DEFAULT mode.
2025-04-12 19:49:08 INFO  o.s.d.r.c.RepositoryConfigurationDelegate - Finished Spring Data repository scanning in 24 ms. Found 3 MongoDB repository interfaces.
2025-04-12 19:49:08 INFO  o.s.b.w.e.tomcat.TomcatWebServer - Tomcat initialized with port 8080 (http)
2025-04-12 19:49:08 INFO  o.a.coyote.http11.Http11NioProtocol - Initializing ProtocolHandler ["http-nio-8080"]
2025-04-12 19:49:08 INFO  o.a.catalina.core.StandardService - Starting service [Tomcat]
2025-04-12 19:49:08 INFO  o.a.catalina.core.StandardEngine - Starting Servlet engine: [Apache Tomcat/10.1.39]
2025-04-12 19:49:08 INFO  o.a.c.c.C.[Tomcat].[localhost].[/] - Initializing Spring embedded WebApplicationContext
2025-04-12 19:49:08 INFO  o.s.b.w.s.c.ServletWebServerApplicationContext - Root WebApplicationContext: initialization completed in 783 ms
2025-04-12 19:49:09 INFO  org.mongodb.driver.client - MongoClient with metadata {"driver": {"name": "mongo-java-driver|sync|spring-boot", "version": "5.2.1"}, "os": {"type": "Linux", "name": "Linux", "architecture": "amd64", "version": "6.11.0-21-generic"}, "platform": "Java/Oracle Corporation/23.0.2+7-58"} created with settings MongoClientSettings{readPreference=primary, writeConcern=WriteConcern{w=majority, wTimeout=null ms, journal=null}, retryWrites=true, retryReads=true, readConcern=ReadConcern{level=null}, credential=MongoCredential{mechanism=null, userName='dipeshmallapub', source='admin', password=<hidden>, mechanismProperties=<hidden>}, transportSettings=null, commandListeners=[], codecRegistry=ProvidersCodecRegistry{codecProviders=[ValueCodecProvider{}, BsonValueCodecProvider{}, DBRefCodecProvider{}, DBObjectCodecProvider{}, DocumentCodecProvider{}, CollectionCodecProvider{}, IterableCodecProvider{}, MapCodecProvider{}, GeoJsonCodecProvider{}, GridFSFileCodecProvider{}, Jsr310CodecProvider{}, JsonObjectCodecProvider{}, BsonCodecProvider{}, EnumCodecProvider{}, com.mongodb.client.model.mql.ExpressionCodecProvider@4a62062a, com.mongodb.Jep395RecordCodecProvider@7ec08115, com.mongodb.KotlinCodecProvider@53dd42d6]}, loggerSettings=LoggerSettings{maxDocumentLength=1000}, clusterSettings={hosts=[127.0.0.1:27017], srvHost=cluster0.6b69sb9.mongodb.net, srvServiceName=mongodb, mode=MULTIPLE, requiredClusterType=REPLICA_SET, requiredReplicaSetName='atlas-kry611-shard-0', serverSelector='null', clusterListeners='[]', serverSelectionTimeout='30000 ms', localThreshold='15 ms'}, socketSettings=SocketSettings{connectTimeoutMS=10000, readTimeoutMS=0, receiveBufferSize=0, proxySettings=ProxySettings{host=null, port=null, username=null, password=null}}, heartbeatSocketSettings=SocketSettings{connectTimeoutMS=10000, readTimeoutMS=10000, receiveBufferSize=0, proxySettings=ProxySettings{host=null, port=null, username=null, password=null}}, connectionPoolSettings=ConnectionPoolSettings{maxSize=100, minSize=0, maxWaitTimeMS=120000, maxConnectionLifeTimeMS=0, maxConnectionIdleTimeMS=0, maintenanceInitialDelayMS=0, maintenanceFrequencyMS=60000, connectionPoolListeners=[], maxConnecting=2}, serverSettings=ServerSettings{heartbeatFrequencyMS=10000, minHeartbeatFrequencyMS=500, serverMonitoringMode=AUTO, serverListeners='[]', serverMonitorListeners='[]'}, sslSettings=SslSettings{enabled=true, invalidHostNameAllowed=false, context=null}, applicationName='null', compressorList=[], uuidRepresentation=JAVA_LEGACY, serverApi=null, autoEncryptionSettings=null, dnsClient=null, inetAddressResolver=null, contextProvider=null, timeoutMS=null}
2025-04-12 19:49:09 INFO  org.mongodb.driver.cluster - Waiting for server to become available for operation with ID 2. Remaining time: 29995 ms. Selector: WritableServerSelector, topology description: {type=UNKNOWN, servers=[].
2025-04-12 19:49:09 INFO  org.mongodb.driver.cluster - Adding discovered server ac-kex050i-shard-00-02.6b69sb9.mongodb.net:27017 to client view of cluster
2025-04-12 19:49:09 INFO  org.mongodb.driver.cluster - Adding discovered server ac-kex050i-shard-00-01.6b69sb9.mongodb.net:27017 to client view of cluster
2025-04-12 19:49:09 INFO  org.mongodb.driver.cluster - Adding discovered server ac-kex050i-shard-00-00.6b69sb9.mongodb.net:27017 to client view of cluster
2025-04-12 19:49:10 INFO  org.mongodb.driver.cluster - Monitor thread successfully connected to server with description ServerDescription{address=ac-kex050i-shard-00-01.6b69sb9.mongodb.net:27017, type=REPLICA_SET_SECONDARY, cryptd=false, state=CONNECTED, ok=true, minWireVersion=0, maxWireVersion=25, maxDocumentSize=16777216, logicalSessionTimeoutMinutes=30, roundTripTimeNanos=583719232, minRoundTripTimeNanos=0, setName='atlas-kry611-shard-0', canonicalAddress=ac-kex050i-shard-00-01.6b69sb9.mongodb.net:27017, hosts=[ac-kex050i-shard-00-02.6b69sb9.mongodb.net:27017, ac-kex050i-shard-00-01.6b69sb9.mongodb.net:27017, ac-kex050i-shard-00-00.6b69sb9.mongodb.net:27017], passives=[], arbiters=[], primary='ac-kex050i-shard-00-02.6b69sb9.mongodb.net:27017', tagSet=TagSet{[Tag{name='availabilityZone', value='aps1-az3'}, Tag{name='diskState', value='READY'}, Tag{name='nodeType', value='ELECTABLE'}, Tag{name='provider', value='AWS'}, Tag{name='region', value='AP_SOUTH_1'}, Tag{name='workloadType', value='OPERATIONAL'}]}, electionId=null, setVersion=1, topologyVersion=TopologyVersion{processId=67f95a88e18c31e0b3801de8, counter=3}, lastWriteDate=Sat Apr 12 19:49:01 GMT+05:45 2025, lastUpdateTimeNanos=12770295060139}
2025-04-12 19:49:10 INFO  org.mongodb.driver.cluster - Monitor thread successfully connected to server with description ServerDescription{address=ac-kex050i-shard-00-00.6b69sb9.mongodb.net:27017, type=REPLICA_SET_SECONDARY, cryptd=false, state=CONNECTED, ok=true, minWireVersion=0, maxWireVersion=25, maxDocumentSize=16777216, logicalSessionTimeoutMinutes=30, roundTripTimeNanos=583723776, minRoundTripTimeNanos=0, setName='atlas-kry611-shard-0', canonicalAddress=ac-kex050i-shard-00-00.6b69sb9.mongodb.net:27017, hosts=[ac-kex050i-shard-00-02.6b69sb9.mongodb.net:27017, ac-kex050i-shard-00-01.6b69sb9.mongodb.net:27017, ac-kex050i-shard-00-00.6b69sb9.mongodb.net:27017], passives=[], arbiters=[], primary='ac-kex050i-shard-00-02.6b69sb9.mongodb.net:27017', tagSet=TagSet{[Tag{name='availabilityZone', value='aps1-az1'}, Tag{name='diskState', value='READY'}, Tag{name='nodeType', value='ELECTABLE'}, Tag{name='provider', value='AWS'}, Tag{name='region', value='AP_SOUTH_1'}, Tag{name='workloadType', value='OPERATIONAL'}]}, electionId=null, setVersion=1, topologyVersion=TopologyVersion{processId=67f957c96e7bebcebef83be4, counter=4}, lastWriteDate=Sat Apr 12 19:49:01 GMT+05:45 2025, lastUpdateTimeNanos=12770295060562}
2025-04-12 19:49:10 INFO  org.mongodb.driver.cluster - Monitor thread successfully connected to server with description ServerDescription{address=ac-kex050i-shard-00-02.6b69sb9.mongodb.net:27017, type=REPLICA_SET_PRIMARY, cryptd=false, state=CONNECTED, ok=true, minWireVersion=0, maxWireVersion=25, maxDocumentSize=16777216, logicalSessionTimeoutMinutes=30, roundTripTimeNanos=583714073, minRoundTripTimeNanos=0, setName='atlas-kry611-shard-0', canonicalAddress=ac-kex050i-shard-00-02.6b69sb9.mongodb.net:27017, hosts=[ac-kex050i-shard-00-02.6b69sb9.mongodb.net:27017, ac-kex050i-shard-00-01.6b69sb9.mongodb.net:27017, ac-kex050i-shard-00-00.6b69sb9.mongodb.net:27017], passives=[], arbiters=[], primary='ac-kex050i-shard-00-02.6b69sb9.mongodb.net:27017', tagSet=TagSet{[Tag{name='availabilityZone', value='aps1-az2'}, Tag{name='diskState', value='READY'}, Tag{name='nodeType', value='ELECTABLE'}, Tag{name='provider', value='AWS'}, Tag{name='region', value='AP_SOUTH_1'}, Tag{name='workloadType', value='OPERATIONAL'}]}, electionId=7fffffff0000000000000009, setVersion=1, topologyVersion=TopologyVersion{processId=67f95943868877c2c3e82ebb, counter=6}, lastWriteDate=Sat Apr 12 19:49:01 GMT+05:45 2025, lastUpdateTimeNanos=12770295060586}
2025-04-12 19:49:10 INFO  org.mongodb.driver.cluster - Discovered replica set primary ac-kex050i-shard-00-02.6b69sb9.mongodb.net:27017 with max election id 7fffffff0000000000000009 and max set version 1
2025-04-12 19:49:11 INFO  o.s.s.c.a.a.c.InitializeAuthenticationProviderBeanManagerConfigurer$InitializeAuthenticationProviderManagerConfigurer - Global AuthenticationManager configured with AuthenticationProvider bean with name authenticationProvider
2025-04-12 19:49:11 WARN  o.s.s.c.a.a.c.InitializeUserDetailsBeanManagerConfigurer$InitializeUserDetailsManagerConfigurer - Global AuthenticationManager configured with an AuthenticationProvider bean. UserDetailsService beans will not be used by Spring Security for automatically configuring username/password login. Consider removing the AuthenticationProvider bean. Alternatively, consider using the UserDetailsService in a manually instantiated DaoAuthenticationProvider. If the current configuration is intentional, to turn off this warning, increase the logging level of 'org.springframework.security.config.annotation.authentication.configuration.InitializeUserDetailsBeanManagerConfigurer' to ERROR
2025-04-12 19:49:11 INFO  o.a.coyote.http11.Http11NioProtocol - Starting ProtocolHandler ["http-nio-8080"]
2025-04-12 19:49:11 INFO  o.s.b.w.e.tomcat.TomcatWebServer - Tomcat started on port 8080 (http) with context path '/'
2025-04-12 19:49:11 INFO  m.d.journalApp.JournalAppApplication - Started JournalAppApplication in 4.47 seconds (process running for 5.109)
2025-04-12 19:49:16 INFO  o.a.c.c.C.[Tomcat].[localhost].[/] - Initializing Spring DispatcherServlet 'dispatcherServlet'
2025-04-12 19:49:16 INFO  o.s.web.servlet.DispatcherServlet - Initializing Servlet 'dispatcherServlet'
2025-04-12 19:49:16 INFO  o.s.web.servlet.DispatcherServlet - Completed initialization in 1 ms
2025-04-12 19:49:56 INFO  o.s.b.w.e.tomcat.GracefulShutdown - Commencing graceful shutdown. Waiting for active requests to complete
2025-04-12 19:49:56 INFO  o.s.b.w.e.tomcat.GracefulShutdown - Graceful shutdown complete
2025-04-12 19:49:59 INFO  o.h.validator.internal.util.Version - HV000001: Hibernate Validator 8.0.2.Final
2025-04-12 19:49:59 INFO  m.d.journalApp.JournalAppApplication - Starting JournalAppApplication using Java 23.0.2 with PID 28292 (/home/malle/Project/journalApp/target/classes started by malle in /home/malle/Project/journalApp)
2025-04-12 19:49:59 INFO  m.d.journalApp.JournalAppApplication - The following 1 profile is active: "dev"
2025-04-12 19:49:59 INFO  o.s.d.r.c.RepositoryConfigurationDelegate - Bootstrapping Spring Data MongoDB repositories in DEFAULT mode.
2025-04-12 19:49:59 INFO  o.s.d.r.c.RepositoryConfigurationDelegate - Finished Spring Data repository scanning in 22 ms. Found 3 MongoDB repository interfaces.
2025-04-12 19:50:00 INFO  o.s.b.w.e.tomcat.TomcatWebServer - Tomcat initialized with port 8080 (http)
2025-04-12 19:50:00 INFO  o.a.coyote.http11.Http11NioProtocol - Initializing ProtocolHandler ["http-nio-8080"]
2025-04-12 19:50:00 INFO  o.a.catalina.core.StandardService - Starting service [Tomcat]
2025-04-12 19:50:00 INFO  o.a.catalina.core.StandardEngine - Starting Servlet engine: [Apache Tomcat/10.1.39]
2025-04-12 19:50:00 INFO  o.a.c.c.C.[Tomcat].[localhost].[/] - Initializing Spring embedded WebApplicationContext
2025-04-12 19:50:00 INFO  o.s.b.w.s.c.ServletWebServerApplicationContext - Root WebApplicationContext: initialization completed in 790 ms
2025-04-12 19:50:00 INFO  org.mongodb.driver.cluster - Adding discovered server ac-kex050i-shard-00-02.6b69sb9.mongodb.net:27017 to client view of cluster
2025-04-12 19:50:00 INFO  org.mongodb.driver.client - MongoClient with metadata {"driver": {"name": "mongo-java-driver|sync|spring-boot", "version": "5.2.1"}, "os": {"type": "Linux", "name": "Linux", "architecture": "amd64", "version": "6.11.0-21-generic"}, "platform": "Java/Oracle Corporation/23.0.2+7-58"} created with settings MongoClientSettings{readPreference=primary, writeConcern=WriteConcern{w=majority, wTimeout=null ms, journal=null}, retryWrites=true, retryReads=true, readConcern=ReadConcern{level=null}, credential=MongoCredential{mechanism=null, userName='dipeshmallapub', source='admin', password=<hidden>, mechanismProperties=<hidden>}, transportSettings=null, commandListeners=[], codecRegistry=ProvidersCodecRegistry{codecProviders=[ValueCodecProvider{}, BsonValueCodecProvider{}, DBRefCodecProvider{}, DBObjectCodecProvider{}, DocumentCodecProvider{}, CollectionCodecProvider{}, IterableCodecProvider{}, MapCodecProvider{}, GeoJsonCodecProvider{}, GridFSFileCodecProvider{}, Jsr310CodecProvider{}, JsonObjectCodecProvider{}, BsonCodecProvider{}, EnumCodecProvider{}, com.mongodb.client.model.mql.ExpressionCodecProvider@7f3c0399, com.mongodb.Jep395RecordCodecProvider@183fc2fa, com.mongodb.KotlinCodecProvider@3a11c0eb]}, loggerSettings=LoggerSettings{maxDocumentLength=1000}, clusterSettings={hosts=[127.0.0.1:27017], srvHost=cluster0.6b69sb9.mongodb.net, srvServiceName=mongodb, mode=MULTIPLE, requiredClusterType=REPLICA_SET, requiredReplicaSetName='atlas-kry611-shard-0', serverSelector='null', clusterListeners='[]', serverSelectionTimeout='30000 ms', localThreshold='15 ms'}, socketSettings=SocketSettings{connectTimeoutMS=10000, readTimeoutMS=0, receiveBufferSize=0, proxySettings=ProxySettings{host=null, port=null, username=null, password=null}}, heartbeatSocketSettings=SocketSettings{connectTimeoutMS=10000, readTimeoutMS=10000, receiveBufferSize=0, proxySettings=ProxySettings{host=null, port=null, username=null, password=null}}, connectionPoolSettings=ConnectionPoolSettings{maxSize=100, minSize=0, maxWaitTimeMS=120000, maxConnectionLifeTimeMS=0, maxConnectionIdleTimeMS=0, maintenanceInitialDelayMS=0, maintenanceFrequencyMS=60000, connectionPoolListeners=[], maxConnecting=2}, serverSettings=ServerSettings{heartbeatFrequencyMS=10000, minHeartbeatFrequencyMS=500, serverMonitoringMode=AUTO, serverListeners='[]', serverMonitorListeners='[]'}, sslSettings=SslSettings{enabled=true, invalidHostNameAllowed=false, context=null}, applicationName='null', compressorList=[], uuidRepresentation=JAVA_LEGACY, serverApi=null, autoEncryptionSettings=null, dnsClient=null, inetAddressResolver=null, contextProvider=null, timeoutMS=null}
2025-04-12 19:50:00 INFO  org.mongodb.driver.cluster - Adding discovered server ac-kex050i-shard-00-00.6b69sb9.mongodb.net:27017 to client view of cluster
2025-04-12 19:50:00 INFO  org.mongodb.driver.cluster - Adding discovered server ac-kex050i-shard-00-01.6b69sb9.mongodb.net:27017 to client view of cluster
2025-04-12 19:50:00 INFO  org.mongodb.driver.cluster - Waiting for server to become available for operation with ID 5. Remaining time: 29995 ms. Selector: WritableServerSelector, topology description: {type=REPLICA_SET, servers=[{address=ac-kex050i-shard-00-00.6b69sb9.mongodb.net:27017, type=UNKNOWN, state=CONNECTING}, {address=ac-kex050i-shard-00-02.6b69sb9.mongodb.net:27017, type=UNKNOWN, state=CONNECTING}, {address=ac-kex050i-shard-00-01.6b69sb9.mongodb.net:27017, type=UNKNOWN, state=CONNECTING}].
2025-04-12 19:50:01 INFO  org.mongodb.driver.cluster - Monitor thread successfully connected to server with description ServerDescription{address=ac-kex050i-shard-00-00.6b69sb9.mongodb.net:27017, type=REPLICA_SET_SECONDARY, cryptd=false, state=CONNECTED, ok=true, minWireVersion=0, maxWireVersion=25, maxDocumentSize=16777216, logicalSessionTimeoutMinutes=30, roundTripTimeNanos=793144710, minRoundTripTimeNanos=0, setName='atlas-kry611-shard-0', canonicalAddress=ac-kex050i-shard-00-00.6b69sb9.mongodb.net:27017, hosts=[ac-kex050i-shard-00-02.6b69sb9.mongodb.net:27017, ac-kex050i-shard-00-01.6b69sb9.mongodb.net:27017, ac-kex050i-shard-00-00.6b69sb9.mongodb.net:27017], passives=[], arbiters=[], primary='ac-kex050i-shard-00-02.6b69sb9.mongodb.net:27017', tagSet=TagSet{[Tag{name='availabilityZone', value='aps1-az1'}, Tag{name='diskState', value='READY'}, Tag{name='nodeType', value='ELECTABLE'}, Tag{name='provider', value='AWS'}, Tag{name='region', value='AP_SOUTH_1'}, Tag{name='workloadType', value='OPERATIONAL'}]}, electionId=null, setVersion=1, topologyVersion=TopologyVersion{processId=67f957c96e7bebcebef83be4, counter=4}, lastWriteDate=Sat Apr 12 19:50:01 GMT+05:45 2025, lastUpdateTimeNanos=12821832674955}
2025-04-12 19:50:01 INFO  org.mongodb.driver.cluster - Monitor thread successfully connected to server with description ServerDescription{address=ac-kex050i-shard-00-01.6b69sb9.mongodb.net:27017, type=REPLICA_SET_SECONDARY, cryptd=false, state=CONNECTED, ok=true, minWireVersion=0, maxWireVersion=25, maxDocumentSize=16777216, logicalSessionTimeoutMinutes=30, roundTripTimeNanos=791476868, minRoundTripTimeNanos=0, setName='atlas-kry611-shard-0', canonicalAddress=ac-kex050i-shard-00-01.6b69sb9.mongodb.net:27017, hosts=[ac-kex050i-shard-00-02.6b69sb9.mongodb.net:27017, ac-kex050i-shard-00-01.6b69sb9.mongodb.net:27017, ac-kex050i-shard-00-00.6b69sb9.mongodb.net:27017], passives=[], arbiters=[], primary='ac-kex050i-shard-00-02.6b69sb9.mongodb.net:27017', tagSet=TagSet{[Tag{name='availabilityZone', value='aps1-az3'}, Tag{name='diskState', value='READY'}, Tag{name='nodeType', value='ELECTABLE'}, Tag{name='provider', value='AWS'}, Tag{name='region', value='AP_SOUTH_1'}, Tag{name='workloadType', value='OPERATIONAL'}]}, electionId=null, setVersion=1, topologyVersion=TopologyVersion{processId=67f95a88e18c31e0b3801de8, counter=3}, lastWriteDate=Sat Apr 12 19:50:01 GMT+05:45 2025, lastUpdateTimeNanos=12821832674966}
2025-04-12 19:50:02 INFO  org.mongodb.driver.cluster - Monitor thread successfully connected to server with description ServerDescription{address=ac-kex050i-shard-00-02.6b69sb9.mongodb.net:27017, type=REPLICA_SET_PRIMARY, cryptd=false, state=CONNECTED, ok=true, minWireVersion=0, maxWireVersion=25, maxDocumentSize=16777216, logicalSessionTimeoutMinutes=30, roundTripTimeNanos=736228856, minRoundTripTimeNanos=0, setName='atlas-kry611-shard-0', canonicalAddress=ac-kex050i-shard-00-02.6b69sb9.mongodb.net:27017, hosts=[ac-kex050i-shard-00-02.6b69sb9.mongodb.net:27017, ac-kex050i-shard-00-01.6b69sb9.mongodb.net:27017, ac-kex050i-shard-00-00.6b69sb9.mongodb.net:27017], passives=[], arbiters=[], primary='ac-kex050i-shard-00-02.6b69sb9.mongodb.net:27017', tagSet=TagSet{[Tag{name='availabilityZone', value='aps1-az2'}, Tag{name='diskState', value='READY'}, Tag{name='nodeType', value='ELECTABLE'}, Tag{name='provider', value='AWS'}, Tag{name='region', value='AP_SOUTH_1'}, Tag{name='workloadType', value='OPERATIONAL'}]}, electionId=7fffffff0000000000000009, setVersion=1, topologyVersion=TopologyVersion{processId=67f95943868877c2c3e82ebb, counter=6}, lastWriteDate=Sat Apr 12 19:50:01 GMT+05:45 2025, lastUpdateTimeNanos=12822814970463}
2025-04-12 19:50:02 INFO  org.mongodb.driver.cluster - Discovered replica set primary ac-kex050i-shard-00-02.6b69sb9.mongodb.net:27017 with max election id 7fffffff0000000000000009 and max set version 1
2025-04-12 19:50:04 INFO  o.s.s.c.a.a.c.InitializeAuthenticationProviderBeanManagerConfigurer$InitializeAuthenticationProviderManagerConfigurer - Global AuthenticationManager configured with AuthenticationProvider bean with name authenticationProvider
2025-04-12 19:50:04 WARN  o.s.s.c.a.a.c.InitializeUserDetailsBeanManagerConfigurer$InitializeUserDetailsManagerConfigurer - Global AuthenticationManager configured with an AuthenticationProvider bean. UserDetailsService beans will not be used by Spring Security for automatically configuring username/password login. Consider removing the AuthenticationProvider bean. Alternatively, consider using the UserDetailsService in a manually instantiated DaoAuthenticationProvider. If the current configuration is intentional, to turn off this warning, increase the logging level of 'org.springframework.security.config.annotation.authentication.configuration.InitializeUserDetailsBeanManagerConfigurer' to ERROR
2025-04-12 19:50:04 INFO  o.a.coyote.http11.Http11NioProtocol - Starting ProtocolHandler ["http-nio-8080"]
2025-04-12 19:50:04 INFO  o.s.b.w.e.tomcat.TomcatWebServer - Tomcat started on port 8080 (http) with context path '/'
2025-04-12 19:50:04 INFO  m.d.journalApp.JournalAppApplication - Started JournalAppApplication in 5.298 seconds (process running for 5.845)
2025-04-12 19:50:07 INFO  o.a.c.c.C.[Tomcat].[localhost].[/] - Initializing Spring DispatcherServlet 'dispatcherServlet'
2025-04-12 19:50:07 INFO  o.s.web.servlet.DispatcherServlet - Initializing Servlet 'dispatcherServlet'
2025-04-12 19:50:07 INFO  o.s.web.servlet.DispatcherServlet - Completed initialization in 1 ms
2025-04-12 19:50:19 INFO  o.s.b.w.e.tomcat.GracefulShutdown - Commencing graceful shutdown. Waiting for active requests to complete
2025-04-12 19:50:19 INFO  o.s.b.w.e.tomcat.GracefulShutdown - Graceful shutdown complete
2025-04-12 19:50:21 INFO  o.h.validator.internal.util.Version - HV000001: Hibernate Validator 8.0.2.Final
2025-04-12 19:50:21 INFO  m.d.journalApp.JournalAppApplication - Starting JournalAppApplication using Java 23.0.2 with PID 28466 (/home/malle/Project/journalApp/target/classes started by malle in /home/malle/Project/journalApp)
2025-04-12 19:50:21 INFO  m.d.journalApp.JournalAppApplication - The following 1 profile is active: "dev"
2025-04-12 19:50:22 INFO  o.s.d.r.c.RepositoryConfigurationDelegate - Bootstrapping Spring Data MongoDB repositories in DEFAULT mode.
2025-04-12 19:50:22 INFO  o.s.d.r.c.RepositoryConfigurationDelegate - Finished Spring Data repository scanning in 25 ms. Found 3 MongoDB repository interfaces.
2025-04-12 19:50:22 INFO  o.s.b.w.e.tomcat.TomcatWebServer - Tomcat initialized with port 8080 (http)
2025-04-12 19:50:22 INFO  o.a.coyote.http11.Http11NioProtocol - Initializing ProtocolHandler ["http-nio-8080"]
2025-04-12 19:50:22 INFO  o.a.catalina.core.StandardService - Starting service [Tomcat]
2025-04-12 19:50:22 INFO  o.a.catalina.core.StandardEngine - Starting Servlet engine: [Apache Tomcat/10.1.39]
2025-04-12 19:50:22 INFO  o.a.c.c.C.[Tomcat].[localhost].[/] - Initializing Spring embedded WebApplicationContext
2025-04-12 19:50:22 INFO  o.s.b.w.s.c.ServletWebServerApplicationContext - Root WebApplicationContext: initialization completed in 783 ms
2025-04-12 19:50:23 INFO  org.mongodb.driver.client - MongoClient with metadata {"driver": {"name": "mongo-java-driver|sync|spring-boot", "version": "5.2.1"}, "os": {"type": "Linux", "name": "Linux", "architecture": "amd64", "version": "6.11.0-21-generic"}, "platform": "Java/Oracle Corporation/23.0.2+7-58"} created with settings MongoClientSettings{readPreference=primary, writeConcern=WriteConcern{w=majority, wTimeout=null ms, journal=null}, retryWrites=true, retryReads=true, readConcern=ReadConcern{level=null}, credential=MongoCredential{mechanism=null, userName='dipeshmallapub', source='admin', password=<hidden>, mechanismProperties=<hidden>}, transportSettings=null, commandListeners=[], codecRegistry=ProvidersCodecRegistry{codecProviders=[ValueCodecProvider{}, BsonValueCodecProvider{}, DBRefCodecProvider{}, DBObjectCodecProvider{}, DocumentCodecProvider{}, CollectionCodecProvider{}, IterableCodecProvider{}, MapCodecProvider{}, GeoJsonCodecProvider{}, GridFSFileCodecProvider{}, Jsr310CodecProvider{}, JsonObjectCodecProvider{}, BsonCodecProvider{}, EnumCodecProvider{}, com.mongodb.client.model.mql.ExpressionCodecProvider@35c8be21, com.mongodb.Jep395RecordCodecProvider@60807fd9, com.mongodb.KotlinCodecProvider@6bcdd6e4]}, loggerSettings=LoggerSettings{maxDocumentLength=1000}, clusterSettings={hosts=[127.0.0.1:27017], srvHost=cluster0.6b69sb9.mongodb.net, srvServiceName=mongodb, mode=MULTIPLE, requiredClusterType=REPLICA_SET, requiredReplicaSetName='atlas-kry611-shard-0', serverSelector='null', clusterListeners='[]', serverSelectionTimeout='30000 ms', localThreshold='15 ms'}, socketSettings=SocketSettings{connectTimeoutMS=10000, readTimeoutMS=0, receiveBufferSize=0, proxySettings=ProxySettings{host=null, port=null, username=null, password=null}}, heartbeatSocketSettings=SocketSettings{connectTimeoutMS=10000, readTimeoutMS=10000, receiveBufferSize=0, proxySettings=ProxySettings{host=null, port=null, username=null, password=null}}, connectionPoolSettings=ConnectionPoolSettings{maxSize=100, minSize=0, maxWaitTimeMS=120000, maxConnectionLifeTimeMS=0, maxConnectionIdleTimeMS=0, maintenanceInitialDelayMS=0, maintenanceFrequencyMS=60000, connectionPoolListeners=[], maxConnecting=2}, serverSettings=ServerSettings{heartbeatFrequencyMS=10000, minHeartbeatFrequencyMS=500, serverMonitoringMode=AUTO, serverListeners='[]', serverMonitorListeners='[]'}, sslSettings=SslSettings{enabled=true, invalidHostNameAllowed=false, context=null}, applicationName='null', compressorList=[], uuidRepresentation=JAVA_LEGACY, serverApi=null, autoEncryptionSettings=null, dnsClient=null, inetAddressResolver=null, contextProvider=null, timeoutMS=null}
2025-04-12 19:50:23 INFO  org.mongodb.driver.cluster - Waiting for server to become available for operation with ID 2. Remaining time: 29994 ms. Selector: WritableServerSelector, topology description: {type=UNKNOWN, servers=[].
2025-04-12 19:50:23 INFO  org.mongodb.driver.cluster - Adding discovered server ac-kex050i-shard-00-02.6b69sb9.mongodb.net:27017 to client view of cluster
2025-04-12 19:50:23 INFO  org.mongodb.driver.cluster - Adding discovered server ac-kex050i-shard-00-01.6b69sb9.mongodb.net:27017 to client view of cluster
2025-04-12 19:50:23 INFO  org.mongodb.driver.cluster - Adding discovered server ac-kex050i-shard-00-00.6b69sb9.mongodb.net:27017 to client view of cluster
2025-04-12 19:50:25 INFO  org.mongodb.driver.cluster - Monitor thread successfully connected to server with description ServerDescription{address=ac-kex050i-shard-00-02.6b69sb9.mongodb.net:27017, type=REPLICA_SET_PRIMARY, cryptd=false, state=CONNECTED, ok=true, minWireVersion=0, maxWireVersion=25, maxDocumentSize=16777216, logicalSessionTimeoutMinutes=30, roundTripTimeNanos=501255166, minRoundTripTimeNanos=0, setName='atlas-kry611-shard-0', canonicalAddress=ac-kex050i-shard-00-02.6b69sb9.mongodb.net:27017, hosts=[ac-kex050i-shard-00-02.6b69sb9.mongodb.net:27017, ac-kex050i-shard-00-01.6b69sb9.mongodb.net:27017, ac-kex050i-shard-00-00.6b69sb9.mongodb.net:27017], passives=[], arbiters=[], primary='ac-kex050i-shard-00-02.6b69sb9.mongodb.net:27017', tagSet=TagSet{[Tag{name='availabilityZone', value='aps1-az2'}, Tag{name='diskState', value='READY'}, Tag{name='nodeType', value='ELECTABLE'}, Tag{name='provider', value='AWS'}, Tag{name='region', value='AP_SOUTH_1'}, Tag{name='workloadType', value='OPERATIONAL'}]}, electionId=7fffffff0000000000000009, setVersion=1, topologyVersion=TopologyVersion{processId=67f95943868877c2c3e82ebb, counter=6}, lastWriteDate=Sat Apr 12 19:50:21 GMT+05:45 2025, lastUpdateTimeNanos=12845017371781}
2025-04-12 19:50:25 INFO  org.mongodb.driver.cluster - Monitor thread successfully connected to server with description ServerDescription{address=ac-kex050i-shard-00-01.6b69sb9.mongodb.net:27017, type=REPLICA_SET_SECONDARY, cryptd=false, state=CONNECTED, ok=true, minWireVersion=0, maxWireVersion=25, maxDocumentSize=16777216, logicalSessionTimeoutMinutes=30, roundTripTimeNanos=501196990, minRoundTripTimeNanos=0, setName='atlas-kry611-shard-0', canonicalAddress=ac-kex050i-shard-00-01.6b69sb9.mongodb.net:27017, hosts=[ac-kex050i-shard-00-02.6b69sb9.mongodb.net:27017, ac-kex050i-shard-00-01.6b69sb9.mongodb.net:27017, ac-kex050i-shard-00-00.6b69sb9.mongodb.net:27017], passives=[], arbiters=[], primary='ac-kex050i-shard-00-02.6b69sb9.mongodb.net:27017', tagSet=TagSet{[Tag{name='availabilityZone', value='aps1-az3'}, Tag{name='diskState', value='READY'}, Tag{name='nodeType', value='ELECTABLE'}, Tag{name='provider', value='AWS'}, Tag{name='region', value='AP_SOUTH_1'}, Tag{name='workloadType', value='OPERATIONAL'}]}, electionId=null, setVersion=1, topologyVersion=TopologyVersion{processId=67f95a88e18c31e0b3801de8, counter=3}, lastWriteDate=Sat Apr 12 19:50:21 GMT+05:45 2025, lastUpdateTimeNanos=12845017371663}
2025-04-12 19:50:25 INFO  org.mongodb.driver.cluster - Monitor thread successfully connected to server with description ServerDescription{address=ac-kex050i-shard-00-00.6b69sb9.mongodb.net:27017, type=REPLICA_SET_SECONDARY, cryptd=false, state=CONNECTED, ok=true, minWireVersion=0, maxWireVersion=25, maxDocumentSize=16777216, logicalSessionTimeoutMinutes=30, roundTripTimeNanos=501117496, minRoundTripTimeNanos=0, setName='atlas-kry611-shard-0', canonicalAddress=ac-kex050i-shard-00-00.6b69sb9.mongodb.net:27017, hosts=[ac-kex050i-shard-00-02.6b69sb9.mongodb.net:27017, ac-kex050i-shard-00-01.6b69sb9.mongodb.net:27017, ac-kex050i-shard-00-00.6b69sb9.mongodb.net:27017], passives=[], arbiters=[], primary='ac-kex050i-shard-00-02.6b69sb9.mongodb.net:27017', tagSet=TagSet{[Tag{name='availabilityZone', value='aps1-az1'}, Tag{name='diskState', value='READY'}, Tag{name='nodeType', value='ELECTABLE'}, Tag{name='provider', value='AWS'}, Tag{name='region', value='AP_SOUTH_1'}, Tag{name='workloadType', value='OPERATIONAL'}]}, electionId=null, setVersion=1, topologyVersion=TopologyVersion{processId=67f957c96e7bebcebef83be4, counter=4}, lastWriteDate=Sat Apr 12 19:50:21 GMT+05:45 2025, lastUpdateTimeNanos=12845017373671}
2025-04-12 19:50:25 INFO  org.mongodb.driver.cluster - Discovered replica set primary ac-kex050i-shard-00-02.6b69sb9.mongodb.net:27017 with max election id 7fffffff0000000000000009 and max set version 1
2025-04-12 19:50:27 INFO  o.s.s.c.a.a.c.InitializeAuthenticationProviderBeanManagerConfigurer$InitializeAuthenticationProviderManagerConfigurer - Global AuthenticationManager configured with AuthenticationProvider bean with name authenticationProvider
2025-04-12 19:50:27 WARN  o.s.s.c.a.a.c.InitializeUserDetailsBeanManagerConfigurer$InitializeUserDetailsManagerConfigurer - Global AuthenticationManager configured with an AuthenticationProvider bean. UserDetailsService beans will not be used by Spring Security for automatically configuring username/password login. Consider removing the AuthenticationProvider bean. Alternatively, consider using the UserDetailsService in a manually instantiated DaoAuthenticationProvider. If the current configuration is intentional, to turn off this warning, increase the logging level of 'org.springframework.security.config.annotation.authentication.configuration.InitializeUserDetailsBeanManagerConfigurer' to ERROR
2025-04-12 19:50:28 INFO  o.a.coyote.http11.Http11NioProtocol - Starting ProtocolHandler ["http-nio-8080"]
2025-04-12 19:50:28 INFO  o.s.b.w.e.tomcat.TomcatWebServer - Tomcat started on port 8080 (http) with context path '/'
2025-04-12 19:50:28 INFO  m.d.journalApp.JournalAppApplication - Started JournalAppApplication in 6.603 seconds (process running for 7.96)
2025-04-12 19:50:52 INFO  o.a.c.c.C.[Tomcat].[localhost].[/] - Initializing Spring DispatcherServlet 'dispatcherServlet'
2025-04-12 19:50:52 INFO  o.s.web.servlet.DispatcherServlet - Initializing Servlet 'dispatcherServlet'
2025-04-12 19:50:52 INFO  o.s.web.servlet.DispatcherServlet - Completed initialization in 1 ms
2025-04-12 19:55:22 INFO  o.s.b.w.e.tomcat.GracefulShutdown - Commencing graceful shutdown. Waiting for active requests to complete
2025-04-12 19:55:23 INFO  o.s.b.w.e.tomcat.GracefulShutdown - Graceful shutdown complete
2025-04-12 19:55:26 INFO  o.h.validator.internal.util.Version - HV000001: Hibernate Validator 8.0.2.Final
2025-04-12 19:55:26 INFO  m.d.journalApp.JournalAppApplication - Starting JournalAppApplication using Java 23.0.2 with PID 28948 (/home/malle/Project/journalApp/target/classes started by malle in /home/malle/Project/journalApp)
2025-04-12 19:55:26 INFO  m.d.journalApp.JournalAppApplication - The following 1 profile is active: "dev"
2025-04-12 19:55:27 INFO  o.s.d.r.c.RepositoryConfigurationDelegate - Bootstrapping Spring Data MongoDB repositories in DEFAULT mode.
2025-04-12 19:55:27 INFO  o.s.d.r.c.RepositoryConfigurationDelegate - Finished Spring Data repository scanning in 28 ms. Found 3 MongoDB repository interfaces.
2025-04-12 19:55:27 INFO  o.s.b.w.e.tomcat.TomcatWebServer - Tomcat initialized with port 8080 (http)
2025-04-12 19:55:27 INFO  o.a.coyote.http11.Http11NioProtocol - Initializing ProtocolHandler ["http-nio-8080"]
2025-04-12 19:55:27 INFO  o.a.catalina.core.StandardService - Starting service [Tomcat]
2025-04-12 19:55:27 INFO  o.a.catalina.core.StandardEngine - Starting Servlet engine: [Apache Tomcat/10.1.39]
2025-04-12 19:55:27 INFO  o.a.c.c.C.[Tomcat].[localhost].[/] - Initializing Spring embedded WebApplicationContext
2025-04-12 19:55:27 INFO  o.s.b.w.s.c.ServletWebServerApplicationContext - Root WebApplicationContext: initialization completed in 823 ms
2025-04-12 19:55:28 INFO  org.mongodb.driver.client - MongoClient with metadata {"driver": {"name": "mongo-java-driver|sync|spring-boot", "version": "5.2.1"}, "os": {"type": "Linux", "name": "Linux", "architecture": "amd64", "version": "6.11.0-21-generic"}, "platform": "Java/Oracle Corporation/23.0.2+7-58"} created with settings MongoClientSettings{readPreference=primary, writeConcern=WriteConcern{w=majority, wTimeout=null ms, journal=null}, retryWrites=true, retryReads=true, readConcern=ReadConcern{level=null}, credential=MongoCredential{mechanism=null, userName='dipeshmallapub', source='admin', password=<hidden>, mechanismProperties=<hidden>}, transportSettings=null, commandListeners=[], codecRegistry=ProvidersCodecRegistry{codecProviders=[ValueCodecProvider{}, BsonValueCodecProvider{}, DBRefCodecProvider{}, DBObjectCodecProvider{}, DocumentCodecProvider{}, CollectionCodecProvider{}, IterableCodecProvider{}, MapCodecProvider{}, GeoJsonCodecProvider{}, GridFSFileCodecProvider{}, Jsr310CodecProvider{}, JsonObjectCodecProvider{}, BsonCodecProvider{}, EnumCodecProvider{}, com.mongodb.client.model.mql.ExpressionCodecProvider@68631b1d, com.mongodb.Jep395RecordCodecProvider@5a48da4f, com.mongodb.KotlinCodecProvider@a0c5be]}, loggerSettings=LoggerSettings{maxDocumentLength=1000}, clusterSettings={hosts=[127.0.0.1:27017], srvHost=cluster0.6b69sb9.mongodb.net, srvServiceName=mongodb, mode=MULTIPLE, requiredClusterType=REPLICA_SET, requiredReplicaSetName='atlas-kry611-shard-0', serverSelector='null', clusterListeners='[]', serverSelectionTimeout='30000 ms', localThreshold='15 ms'}, socketSettings=SocketSettings{connectTimeoutMS=10000, readTimeoutMS=0, receiveBufferSize=0, proxySettings=ProxySettings{host=null, port=null, username=null, password=null}}, heartbeatSocketSettings=SocketSettings{connectTimeoutMS=10000, readTimeoutMS=10000, receiveBufferSize=0, proxySettings=ProxySettings{host=null, port=null, username=null, password=null}}, connectionPoolSettings=ConnectionPoolSettings{maxSize=100, minSize=0, maxWaitTimeMS=120000, maxConnectionLifeTimeMS=0, maxConnectionIdleTimeMS=0, maintenanceInitialDelayMS=0, maintenanceFrequencyMS=60000, connectionPoolListeners=[], maxConnecting=2}, serverSettings=ServerSettings{heartbeatFrequencyMS=10000, minHeartbeatFrequencyMS=500, serverMonitoringMode=AUTO, serverListeners='[]', serverMonitorListeners='[]'}, sslSettings=SslSettings{enabled=true, invalidHostNameAllowed=false, context=null}, applicationName='null', compressorList=[], uuidRepresentation=JAVA_LEGACY, serverApi=null, autoEncryptionSettings=null, dnsClient=null, inetAddressResolver=null, contextProvider=null, timeoutMS=null}
2025-04-12 19:55:28 INFO  org.mongodb.driver.cluster - Adding discovered server ac-kex050i-shard-00-02.6b69sb9.mongodb.net:27017 to client view of cluster
2025-04-12 19:55:28 INFO  org.mongodb.driver.cluster - Adding discovered server ac-kex050i-shard-00-01.6b69sb9.mongodb.net:27017 to client view of cluster
2025-04-12 19:55:28 INFO  org.mongodb.driver.cluster - Adding discovered server ac-kex050i-shard-00-00.6b69sb9.mongodb.net:27017 to client view of cluster
2025-04-12 19:55:28 INFO  org.mongodb.driver.cluster - Waiting for server to become available for operation with ID 5. Remaining time: 29995 ms. Selector: WritableServerSelector, topology description: {type=REPLICA_SET, servers=[{address=ac-kex050i-shard-00-00.6b69sb9.mongodb.net:27017, type=UNKNOWN, state=CONNECTING}, {address=ac-kex050i-shard-00-02.6b69sb9.mongodb.net:27017, type=UNKNOWN, state=CONNECTING}, {address=ac-kex050i-shard-00-01.6b69sb9.mongodb.net:27017, type=UNKNOWN, state=CONNECTING}].
2025-04-12 19:55:28 INFO  org.mongodb.driver.cluster - Monitor thread successfully connected to server with description ServerDescription{address=ac-kex050i-shard-00-02.6b69sb9.mongodb.net:27017, type=REPLICA_SET_PRIMARY, cryptd=false, state=CONNECTED, ok=true, minWireVersion=0, maxWireVersion=25, maxDocumentSize=16777216, logicalSessionTimeoutMinutes=30, roundTripTimeNanos=311538707, minRoundTripTimeNanos=0, setName='atlas-kry611-shard-0', canonicalAddress=ac-kex050i-shard-00-02.6b69sb9.mongodb.net:27017, hosts=[ac-kex050i-shard-00-02.6b69sb9.mongodb.net:27017, ac-kex050i-shard-00-01.6b69sb9.mongodb.net:27017, ac-kex050i-shard-00-00.6b69sb9.mongodb.net:27017], passives=[], arbiters=[], primary='ac-kex050i-shard-00-02.6b69sb9.mongodb.net:27017', tagSet=TagSet{[Tag{name='availabilityZone', value='aps1-az2'}, Tag{name='diskState', value='READY'}, Tag{name='nodeType', value='ELECTABLE'}, Tag{name='provider', value='AWS'}, Tag{name='region', value='AP_SOUTH_1'}, Tag{name='workloadType', value='OPERATIONAL'}]}, electionId=7fffffff0000000000000009, setVersion=1, topologyVersion=TopologyVersion{processId=67f95943868877c2c3e82ebb, counter=6}, lastWriteDate=Sat Apr 12 19:55:21 GMT+05:45 2025, lastUpdateTimeNanos=13148827069862}
2025-04-12 19:55:28 INFO  org.mongodb.driver.cluster - Monitor thread successfully connected to server with description ServerDescription{address=ac-kex050i-shard-00-01.6b69sb9.mongodb.net:27017, type=REPLICA_SET_SECONDARY, cryptd=false, state=CONNECTED, ok=true, minWireVersion=0, maxWireVersion=25, maxDocumentSize=16777216, logicalSessionTimeoutMinutes=30, roundTripTimeNanos=313365322, minRoundTripTimeNanos=0, setName='atlas-kry611-shard-0', canonicalAddress=ac-kex050i-shard-00-01.6b69sb9.mongodb.net:27017, hosts=[ac-kex050i-shard-00-02.6b69sb9.mongodb.net:27017, ac-kex050i-shard-00-01.6b69sb9.mongodb.net:27017, ac-kex050i-shard-00-00.6b69sb9.mongodb.net:27017], passives=[], arbiters=[], primary='ac-kex050i-shard-00-02.6b69sb9.mongodb.net:27017', tagSet=TagSet{[Tag{name='availabilityZone', value='aps1-az3'}, Tag{name='diskState', value='READY'}, Tag{name='nodeType', value='ELECTABLE'}, Tag{name='provider', value='AWS'}, Tag{name='region', value='AP_SOUTH_1'}, Tag{name='workloadType', value='OPERATIONAL'}]}, electionId=null, setVersion=1, topologyVersion=TopologyVersion{processId=67f95a88e18c31e0b3801de8, counter=3}, lastWriteDate=Sat Apr 12 19:55:21 GMT+05:45 2025, lastUpdateTimeNanos=13148827069993}
2025-04-12 19:55:28 INFO  org.mongodb.driver.cluster - Monitor thread successfully connected to server with description ServerDescription{address=ac-kex050i-shard-00-00.6b69sb9.mongodb.net:27017, type=REPLICA_SET_SECONDARY, cryptd=false, state=CONNECTED, ok=true, minWireVersion=0, maxWireVersion=25, maxDocumentSize=16777216, logicalSessionTimeoutMinutes=30, roundTripTimeNanos=306125615, minRoundTripTimeNanos=0, setName='atlas-kry611-shard-0', canonicalAddress=ac-kex050i-shard-00-00.6b69sb9.mongodb.net:27017, hosts=[ac-kex050i-shard-00-02.6b69sb9.mongodb.net:27017, ac-kex050i-shard-00-01.6b69sb9.mongodb.net:27017, ac-kex050i-shard-00-00.6b69sb9.mongodb.net:27017], passives=[], arbiters=[], primary='ac-kex050i-shard-00-02.6b69sb9.mongodb.net:27017', tagSet=TagSet{[Tag{name='availabilityZone', value='aps1-az1'}, Tag{name='diskState', value='READY'}, Tag{name='nodeType', value='ELECTABLE'}, Tag{name='provider', value='AWS'}, Tag{name='region', value='AP_SOUTH_1'}, Tag{name='workloadType', value='OPERATIONAL'}]}, electionId=null, setVersion=1, topologyVersion=TopologyVersion{processId=67f957c96e7bebcebef83be4, counter=4}, lastWriteDate=Sat Apr 12 19:55:21 GMT+05:45 2025, lastUpdateTimeNanos=13148827783825}
2025-04-12 19:55:28 INFO  org.mongodb.driver.cluster - Discovered replica set primary ac-kex050i-shard-00-02.6b69sb9.mongodb.net:27017 with max election id 7fffffff0000000000000009 and max set version 1
2025-04-12 19:55:29 INFO  o.s.s.c.a.a.c.InitializeAuthenticationProviderBeanManagerConfigurer$InitializeAuthenticationProviderManagerConfigurer - Global AuthenticationManager configured with AuthenticationProvider bean with name authenticationProvider
2025-04-12 19:55:29 WARN  o.s.s.c.a.a.c.InitializeUserDetailsBeanManagerConfigurer$InitializeUserDetailsManagerConfigurer - Global AuthenticationManager configured with an AuthenticationProvider bean. UserDetailsService beans will not be used by Spring Security for automatically configuring username/password login. Consider removing the AuthenticationProvider bean. Alternatively, consider using the UserDetailsService in a manually instantiated DaoAuthenticationProvider. If the current configuration is intentional, to turn off this warning, increase the logging level of 'org.springframework.security.config.annotation.authentication.configuration.InitializeUserDetailsBeanManagerConfigurer' to ERROR
2025-04-12 19:55:29 INFO  o.a.coyote.http11.Http11NioProtocol - Starting ProtocolHandler ["http-nio-8080"]
2025-04-12 19:55:29 INFO  o.s.b.w.e.tomcat.TomcatWebServer - Tomcat started on port 8080 (http) with context path '/'
2025-04-12 19:55:29 INFO  m.d.journalApp.JournalAppApplication - Started JournalAppApplication in 3.233 seconds (process running for 3.811)
2025-04-12 19:55:34 INFO  o.a.c.c.C.[Tomcat].[localhost].[/] - Initializing Spring DispatcherServlet 'dispatcherServlet'
2025-04-12 19:55:34 INFO  o.s.web.servlet.DispatcherServlet - Initializing Servlet 'dispatcherServlet'
2025-04-12 19:55:34 INFO  o.s.web.servlet.DispatcherServlet - Completed initialization in 0 ms
2025-04-12 19:58:43 INFO  o.s.b.w.e.tomcat.GracefulShutdown - Commencing graceful shutdown. Waiting for active requests to complete
2025-04-12 19:58:43 INFO  o.s.b.w.e.tomcat.GracefulShutdown - Graceful shutdown complete
2025-04-12 19:58:47 INFO  o.h.validator.internal.util.Version - HV000001: Hibernate Validator 8.0.2.Final
2025-04-12 19:58:47 INFO  m.d.journalApp.JournalAppApplication - Starting JournalAppApplication using Java 23.0.2 with PID 29724 (/home/malle/Project/journalApp/target/classes started by malle in /home/malle/Project/journalApp)
2025-04-12 19:58:47 INFO  m.d.journalApp.JournalAppApplication - The following 1 profile is active: "dev"
2025-04-12 19:58:48 INFO  o.s.d.r.c.RepositoryConfigurationDelegate - Bootstrapping Spring Data MongoDB repositories in DEFAULT mode.
2025-04-12 19:58:48 INFO  o.s.d.r.c.RepositoryConfigurationDelegate - Finished Spring Data repository scanning in 38 ms. Found 3 MongoDB repository interfaces.
2025-04-12 19:58:49 INFO  o.s.b.w.e.tomcat.TomcatWebServer - Tomcat initialized with port 8080 (http)
2025-04-12 19:58:49 INFO  o.a.coyote.http11.Http11NioProtocol - Initializing ProtocolHandler ["http-nio-8080"]
2025-04-12 19:58:49 INFO  o.a.catalina.core.StandardService - Starting service [Tomcat]
2025-04-12 19:58:49 INFO  o.a.catalina.core.StandardEngine - Starting Servlet engine: [Apache Tomcat/10.1.39]
2025-04-12 19:58:49 INFO  o.a.c.c.C.[Tomcat].[localhost].[/] - Initializing Spring embedded WebApplicationContext
2025-04-12 19:58:49 INFO  o.s.b.w.s.c.ServletWebServerApplicationContext - Root WebApplicationContext: initialization completed in 1228 ms
2025-04-12 19:58:49 INFO  org.mongodb.driver.client - MongoClient with metadata {"driver": {"name": "mongo-java-driver|sync|spring-boot", "version": "5.2.1"}, "os": {"type": "Linux", "name": "Linux", "architecture": "amd64", "version": "6.11.0-21-generic"}, "platform": "Java/Oracle Corporation/23.0.2+7-58"} created with settings MongoClientSettings{readPreference=primary, writeConcern=WriteConcern{w=majority, wTimeout=null ms, journal=null}, retryWrites=true, retryReads=true, readConcern=ReadConcern{level=null}, credential=MongoCredential{mechanism=null, userName='dipeshmallapub', source='admin', password=<hidden>, mechanismProperties=<hidden>}, transportSettings=null, commandListeners=[], codecRegistry=ProvidersCodecRegistry{codecProviders=[ValueCodecProvider{}, BsonValueCodecProvider{}, DBRefCodecProvider{}, DBObjectCodecProvider{}, DocumentCodecProvider{}, CollectionCodecProvider{}, IterableCodecProvider{}, MapCodecProvider{}, GeoJsonCodecProvider{}, GridFSFileCodecProvider{}, Jsr310CodecProvider{}, JsonObjectCodecProvider{}, BsonCodecProvider{}, EnumCodecProvider{}, com.mongodb.client.model.mql.ExpressionCodecProvider@8e99809, com.mongodb.Jep395RecordCodecProvider@e62319f, com.mongodb.KotlinCodecProvider@4d354a3e]}, loggerSettings=LoggerSettings{maxDocumentLength=1000}, clusterSettings={hosts=[127.0.0.1:27017], srvHost=cluster0.6b69sb9.mongodb.net, srvServiceName=mongodb, mode=MULTIPLE, requiredClusterType=REPLICA_SET, requiredReplicaSetName='atlas-kry611-shard-0', serverSelector='null', clusterListeners='[]', serverSelectionTimeout='30000 ms', localThreshold='15 ms'}, socketSettings=SocketSettings{connectTimeoutMS=10000, readTimeoutMS=0, receiveBufferSize=0, proxySettings=ProxySettings{host=null, port=null, username=null, password=null}}, heartbeatSocketSettings=SocketSettings{connectTimeoutMS=10000, readTimeoutMS=10000, receiveBufferSize=0, proxySettings=ProxySettings{host=null, port=null, username=null, password=null}}, connectionPoolSettings=ConnectionPoolSettings{maxSize=100, minSize=0, maxWaitTimeMS=120000, maxConnectionLifeTimeMS=0, maxConnectionIdleTimeMS=0, maintenanceInitialDelayMS=0, maintenanceFrequencyMS=60000, connectionPoolListeners=[], maxConnecting=2}, serverSettings=ServerSettings{heartbeatFrequencyMS=10000, minHeartbeatFrequencyMS=500, serverMonitoringMode=AUTO, serverListeners='[]', serverMonitorListeners='[]'}, sslSettings=SslSettings{enabled=true, invalidHostNameAllowed=false, context=null}, applicationName='null', compressorList=[], uuidRepresentation=JAVA_LEGACY, serverApi=null, autoEncryptionSettings=null, dnsClient=null, inetAddressResolver=null, contextProvider=null, timeoutMS=null}
2025-04-12 19:58:49 INFO  org.mongodb.driver.cluster - Adding discovered server ac-kex050i-shard-00-02.6b69sb9.mongodb.net:27017 to client view of cluster
2025-04-12 19:58:49 INFO  org.mongodb.driver.cluster - Adding discovered server ac-kex050i-shard-00-01.6b69sb9.mongodb.net:27017 to client view of cluster
2025-04-12 19:58:49 INFO  org.mongodb.driver.cluster - Adding discovered server ac-kex050i-shard-00-00.6b69sb9.mongodb.net:27017 to client view of cluster
2025-04-12 19:58:49 INFO  org.mongodb.driver.cluster - Waiting for server to become available for operation with ID 5. Remaining time: 29991 ms. Selector: WritableServerSelector, topology description: {type=REPLICA_SET, servers=[{address=ac-kex050i-shard-00-00.6b69sb9.mongodb.net:27017, type=UNKNOWN, state=CONNECTING}, {address=ac-kex050i-shard-00-02.6b69sb9.mongodb.net:27017, type=UNKNOWN, state=CONNECTING}, {address=ac-kex050i-shard-00-01.6b69sb9.mongodb.net:27017, type=UNKNOWN, state=CONNECTING}].
2025-04-12 19:58:50 INFO  org.mongodb.driver.cluster - Monitor thread successfully connected to server with description ServerDescription{address=ac-kex050i-shard-00-02.6b69sb9.mongodb.net:27017, type=REPLICA_SET_PRIMARY, cryptd=false, state=CONNECTED, ok=true, minWireVersion=0, maxWireVersion=25, maxDocumentSize=16777216, logicalSessionTimeoutMinutes=30, roundTripTimeNanos=513956783, minRoundTripTimeNanos=0, setName='atlas-kry611-shard-0', canonicalAddress=ac-kex050i-shard-00-02.6b69sb9.mongodb.net:27017, hosts=[ac-kex050i-shard-00-02.6b69sb9.mongodb.net:27017, ac-kex050i-shard-00-01.6b69sb9.mongodb.net:27017, ac-kex050i-shard-00-00.6b69sb9.mongodb.net:27017], passives=[], arbiters=[], primary='ac-kex050i-shard-00-02.6b69sb9.mongodb.net:27017', tagSet=TagSet{[Tag{name='availabilityZone', value='aps1-az2'}, Tag{name='diskState', value='READY'}, Tag{name='nodeType', value='ELECTABLE'}, Tag{name='provider', value='AWS'}, Tag{name='region', value='AP_SOUTH_1'}, Tag{name='workloadType', value='OPERATIONAL'}]}, electionId=7fffffff0000000000000009, setVersion=1, topologyVersion=TopologyVersion{processId=67f95943868877c2c3e82ebb, counter=6}, lastWriteDate=Sat Apr 12 19:58:38 GMT+05:45 2025, lastUpdateTimeNanos=13350556265370}
2025-04-12 19:58:50 INFO  org.mongodb.driver.cluster - Monitor thread successfully connected to server with description ServerDescription{address=ac-kex050i-shard-00-01.6b69sb9.mongodb.net:27017, type=REPLICA_SET_SECONDARY, cryptd=false, state=CONNECTED, ok=true, minWireVersion=0, maxWireVersion=25, maxDocumentSize=16777216, logicalSessionTimeoutMinutes=30, roundTripTimeNanos=513905834, minRoundTripTimeNanos=0, setName='atlas-kry611-shard-0', canonicalAddress=ac-kex050i-shard-00-01.6b69sb9.mongodb.net:27017, hosts=[ac-kex050i-shard-00-02.6b69sb9.mongodb.net:27017, ac-kex050i-shard-00-01.6b69sb9.mongodb.net:27017, ac-kex050i-shard-00-00.6b69sb9.mongodb.net:27017], passives=[], arbiters=[], primary='ac-kex050i-shard-00-02.6b69sb9.mongodb.net:27017', tagSet=TagSet{[Tag{name='availabilityZone', value='aps1-az3'}, Tag{name='diskState', value='READY'}, Tag{name='nodeType', value='ELECTABLE'}, Tag{name='provider', value='AWS'}, Tag{name='region', value='AP_SOUTH_1'}, Tag{name='workloadType', value='OPERATIONAL'}]}, electionId=null, setVersion=1, topologyVersion=TopologyVersion{processId=67f95a88e18c31e0b3801de8, counter=3}, lastWriteDate=Sat Apr 12 19:58:38 GMT+05:45 2025, lastUpdateTimeNanos=13350556265511}
2025-04-12 19:58:50 INFO  org.mongodb.driver.cluster - Monitor thread successfully connected to server with description ServerDescription{address=ac-kex050i-shard-00-00.6b69sb9.mongodb.net:27017, type=REPLICA_SET_SECONDARY, cryptd=false, state=CONNECTED, ok=true, minWireVersion=0, maxWireVersion=25, maxDocumentSize=16777216, logicalSessionTimeoutMinutes=30, roundTripTimeNanos=513798143, minRoundTripTimeNanos=0, setName='atlas-kry611-shard-0', canonicalAddress=ac-kex050i-shard-00-00.6b69sb9.mongodb.net:27017, hosts=[ac-kex050i-shard-00-02.6b69sb9.mongodb.net:27017, ac-kex050i-shard-00-01.6b69sb9.mongodb.net:27017, ac-kex050i-shard-00-00.6b69sb9.mongodb.net:27017], passives=[], arbiters=[], primary='ac-kex050i-shard-00-02.6b69sb9.mongodb.net:27017', tagSet=TagSet{[Tag{name='availabilityZone', value='aps1-az1'}, Tag{name='diskState', value='READY'}, Tag{name='nodeType', value='ELECTABLE'}, Tag{name='provider', value='AWS'}, Tag{name='region', value='AP_SOUTH_1'}, Tag{name='workloadType', value='OPERATIONAL'}]}, electionId=null, setVersion=1, topologyVersion=TopologyVersion{processId=67f957c96e7bebcebef83be4, counter=4}, lastWriteDate=Sat Apr 12 19:58:38 GMT+05:45 2025, lastUpdateTimeNanos=13350556265486}
2025-04-12 19:58:50 INFO  org.mongodb.driver.cluster - Discovered replica set primary ac-kex050i-shard-00-02.6b69sb9.mongodb.net:27017 with max election id 7fffffff0000000000000009 and max set version 1
2025-04-12 19:58:51 INFO  o.s.s.c.a.a.c.InitializeAuthenticationProviderBeanManagerConfigurer$InitializeAuthenticationProviderManagerConfigurer - Global AuthenticationManager configured with AuthenticationProvider bean with name authenticationProvider
2025-04-12 19:58:51 WARN  o.s.s.c.a.a.c.InitializeUserDetailsBeanManagerConfigurer$InitializeUserDetailsManagerConfigurer - Global AuthenticationManager configured with an AuthenticationProvider bean. UserDetailsService beans will not be used by Spring Security for automatically configuring username/password login. Consider removing the AuthenticationProvider bean. Alternatively, consider using the UserDetailsService in a manually instantiated DaoAuthenticationProvider. If the current configuration is intentional, to turn off this warning, increase the logging level of 'org.springframework.security.config.annotation.authentication.configuration.InitializeUserDetailsBeanManagerConfigurer' to ERROR
2025-04-12 19:58:51 INFO  o.a.coyote.http11.Http11NioProtocol - Starting ProtocolHandler ["http-nio-8080"]
2025-04-12 19:58:51 INFO  o.s.b.w.e.tomcat.TomcatWebServer - Tomcat started on port 8080 (http) with context path '/'
2025-04-12 19:58:51 INFO  m.d.journalApp.JournalAppApplication - Started JournalAppApplication in 4.485 seconds (process running for 5.305)
2025-04-12 19:58:54 INFO  o.a.c.c.C.[Tomcat].[localhost].[/] - Initializing Spring DispatcherServlet 'dispatcherServlet'
2025-04-12 19:58:54 INFO  o.s.web.servlet.DispatcherServlet - Initializing Servlet 'dispatcherServlet'
2025-04-12 19:58:54 INFO  o.s.web.servlet.DispatcherServlet - Completed initialization in 1 ms
2025-04-12 19:59:18 INFO  o.s.b.w.e.tomcat.GracefulShutdown - Commencing graceful shutdown. Waiting for active requests to complete
2025-04-12 19:59:18 INFO  o.s.b.w.e.tomcat.GracefulShutdown - Graceful shutdown complete
2025-04-12 19:59:22 INFO  o.h.validator.internal.util.Version - HV000001: Hibernate Validator 8.0.2.Final
2025-04-12 19:59:22 INFO  m.d.journalApp.JournalAppApplication - Starting JournalAppApplication using Java 23.0.2 with PID 29984 (/home/malle/Project/journalApp/target/classes started by malle in /home/malle/Project/journalApp)
2025-04-12 19:59:22 INFO  m.d.journalApp.JournalAppApplication - The following 1 profile is active: "dev"
2025-04-12 19:59:22 INFO  o.s.d.r.c.RepositoryConfigurationDelegate - Bootstrapping Spring Data MongoDB repositories in DEFAULT mode.
2025-04-12 19:59:22 INFO  o.s.d.r.c.RepositoryConfigurationDelegate - Finished Spring Data repository scanning in 26 ms. Found 3 MongoDB repository interfaces.
2025-04-12 19:59:23 INFO  o.s.b.w.e.tomcat.TomcatWebServer - Tomcat initialized with port 8080 (http)
2025-04-12 19:59:23 INFO  o.a.coyote.http11.Http11NioProtocol - Initializing ProtocolHandler ["http-nio-8080"]
2025-04-12 19:59:23 INFO  o.a.catalina.core.StandardService - Starting service [Tomcat]
2025-04-12 19:59:23 INFO  o.a.catalina.core.StandardEngine - Starting Servlet engine: [Apache Tomcat/10.1.39]
2025-04-12 19:59:23 INFO  o.a.c.c.C.[Tomcat].[localhost].[/] - Initializing Spring embedded WebApplicationContext
2025-04-12 19:59:23 INFO  o.s.b.w.s.c.ServletWebServerApplicationContext - Root WebApplicationContext: initialization completed in 877 ms
2025-04-12 19:59:23 INFO  org.mongodb.driver.cluster - Adding discovered server ac-kex050i-shard-00-02.6b69sb9.mongodb.net:27017 to client view of cluster
2025-04-12 19:59:23 INFO  org.mongodb.driver.client - MongoClient with metadata {"driver": {"name": "mongo-java-driver|sync|spring-boot", "version": "5.2.1"}, "os": {"type": "Linux", "name": "Linux", "architecture": "amd64", "version": "6.11.0-21-generic"}, "platform": "Java/Oracle Corporation/23.0.2+7-58"} created with settings MongoClientSettings{readPreference=primary, writeConcern=WriteConcern{w=majority, wTimeout=null ms, journal=null}, retryWrites=true, retryReads=true, readConcern=ReadConcern{level=null}, credential=MongoCredential{mechanism=null, userName='dipeshmallapub', source='admin', password=<hidden>, mechanismProperties=<hidden>}, transportSettings=null, commandListeners=[], codecRegistry=ProvidersCodecRegistry{codecProviders=[ValueCodecProvider{}, BsonValueCodecProvider{}, DBRefCodecProvider{}, DBObjectCodecProvider{}, DocumentCodecProvider{}, CollectionCodecProvider{}, IterableCodecProvider{}, MapCodecProvider{}, GeoJsonCodecProvider{}, GridFSFileCodecProvider{}, Jsr310CodecProvider{}, JsonObjectCodecProvider{}, BsonCodecProvider{}, EnumCodecProvider{}, com.mongodb.client.model.mql.ExpressionCodecProvider@a0c5be, com.mongodb.Jep395RecordCodecProvider@6424e613, com.mongodb.KotlinCodecProvider@14efa279]}, loggerSettings=LoggerSettings{maxDocumentLength=1000}, clusterSettings={hosts=[127.0.0.1:27017], srvHost=cluster0.6b69sb9.mongodb.net, srvServiceName=mongodb, mode=MULTIPLE, requiredClusterType=REPLICA_SET, requiredReplicaSetName='atlas-kry611-shard-0', serverSelector='null', clusterListeners='[]', serverSelectionTimeout='30000 ms', localThreshold='15 ms'}, socketSettings=SocketSettings{connectTimeoutMS=10000, readTimeoutMS=0, receiveBufferSize=0, proxySettings=ProxySettings{host=null, port=null, username=null, password=null}}, heartbeatSocketSettings=SocketSettings{connectTimeoutMS=10000, readTimeoutMS=10000, receiveBufferSize=0, proxySettings=ProxySettings{host=null, port=null, username=null, password=null}}, connectionPoolSettings=ConnectionPoolSettings{maxSize=100, minSize=0, maxWaitTimeMS=120000, maxConnectionLifeTimeMS=0, maxConnectionIdleTimeMS=0, maintenanceInitialDelayMS=0, maintenanceFrequencyMS=60000, connectionPoolListeners=[], maxConnecting=2}, serverSettings=ServerSettings{heartbeatFrequencyMS=10000, minHeartbeatFrequencyMS=500, serverMonitoringMode=AUTO, serverListeners='[]', serverMonitorListeners='[]'}, sslSettings=SslSettings{enabled=true, invalidHostNameAllowed=false, context=null}, applicationName='null', compressorList=[], uuidRepresentation=JAVA_LEGACY, serverApi=null, autoEncryptionSettings=null, dnsClient=null, inetAddressResolver=null, contextProvider=null, timeoutMS=null}
2025-04-12 19:59:23 INFO  org.mongodb.driver.cluster - Adding discovered server ac-kex050i-shard-00-01.6b69sb9.mongodb.net:27017 to client view of cluster
2025-04-12 19:59:23 INFO  org.mongodb.driver.cluster - Adding discovered server ac-kex050i-shard-00-00.6b69sb9.mongodb.net:27017 to client view of cluster
2025-04-12 19:59:23 INFO  org.mongodb.driver.cluster - Waiting for server to become available for operation with ID 5. Remaining time: 29997 ms. Selector: WritableServerSelector, topology description: {type=REPLICA_SET, servers=[{address=ac-kex050i-shard-00-00.6b69sb9.mongodb.net:27017, type=UNKNOWN, state=CONNECTING}, {address=ac-kex050i-shard-00-02.6b69sb9.mongodb.net:27017, type=UNKNOWN, state=CONNECTING}, {address=ac-kex050i-shard-00-01.6b69sb9.mongodb.net:27017, type=UNKNOWN, state=CONNECTING}].
2025-04-12 19:59:24 INFO  org.mongodb.driver.cluster - Monitor thread successfully connected to server with description ServerDescription{address=ac-kex050i-shard-00-01.6b69sb9.mongodb.net:27017, type=REPLICA_SET_SECONDARY, cryptd=false, state=CONNECTED, ok=true, minWireVersion=0, maxWireVersion=25, maxDocumentSize=16777216, logicalSessionTimeoutMinutes=30, roundTripTimeNanos=289930605, minRoundTripTimeNanos=0, setName='atlas-kry611-shard-0', canonicalAddress=ac-kex050i-shard-00-01.6b69sb9.mongodb.net:27017, hosts=[ac-kex050i-shard-00-02.6b69sb9.mongodb.net:27017, ac-kex050i-shard-00-01.6b69sb9.mongodb.net:27017, ac-kex050i-shard-00-00.6b69sb9.mongodb.net:27017], passives=[], arbiters=[], primary='ac-kex050i-shard-00-02.6b69sb9.mongodb.net:27017', tagSet=TagSet{[Tag{name='availabilityZone', value='aps1-az3'}, Tag{name='diskState', value='READY'}, Tag{name='nodeType', value='ELECTABLE'}, Tag{name='provider', value='AWS'}, Tag{name='region', value='AP_SOUTH_1'}, Tag{name='workloadType', value='OPERATIONAL'}]}, electionId=null, setVersion=1, topologyVersion=TopologyVersion{processId=67f95a88e18c31e0b3801de8, counter=3}, lastWriteDate=Sat Apr 12 19:59:18 GMT+05:45 2025, lastUpdateTimeNanos=13384197272138}
2025-04-12 19:59:24 INFO  org.mongodb.driver.cluster - Monitor thread successfully connected to server with description ServerDescription{address=ac-kex050i-shard-00-00.6b69sb9.mongodb.net:27017, type=REPLICA_SET_SECONDARY, cryptd=false, state=CONNECTED, ok=true, minWireVersion=0, maxWireVersion=25, maxDocumentSize=16777216, logicalSessionTimeoutMinutes=30, roundTripTimeNanos=286139253, minRoundTripTimeNanos=0, setName='atlas-kry611-shard-0', canonicalAddress=ac-kex050i-shard-00-00.6b69sb9.mongodb.net:27017, hosts=[ac-kex050i-shard-00-02.6b69sb9.mongodb.net:27017, ac-kex050i-shard-00-01.6b69sb9.mongodb.net:27017, ac-kex050i-shard-00-00.6b69sb9.mongodb.net:27017], passives=[], arbiters=[], primary='ac-kex050i-shard-00-02.6b69sb9.mongodb.net:27017', tagSet=TagSet{[Tag{name='availabilityZone', value='aps1-az1'}, Tag{name='diskState', value='READY'}, Tag{name='nodeType', value='ELECTABLE'}, Tag{name='provider', value='AWS'}, Tag{name='region', value='AP_SOUTH_1'}, Tag{name='workloadType', value='OPERATIONAL'}]}, electionId=null, setVersion=1, topologyVersion=TopologyVersion{processId=67f957c96e7bebcebef83be4, counter=4}, lastWriteDate=Sat Apr 12 19:59:18 GMT+05:45 2025, lastUpdateTimeNanos=13384197272269}
2025-04-12 19:59:29 INFO  org.mongodb.driver.cluster - Monitor thread successfully connected to server with description ServerDescription{address=ac-kex050i-shard-00-02.6b69sb9.mongodb.net:27017, type=REPLICA_SET_PRIMARY, cryptd=false, state=CONNECTED, ok=true, minWireVersion=0, maxWireVersion=25, maxDocumentSize=16777216, logicalSessionTimeoutMinutes=30, roundTripTimeNanos=263220989, minRoundTripTimeNanos=0, setName='atlas-kry611-shard-0', canonicalAddress=ac-kex050i-shard-00-02.6b69sb9.mongodb.net:27017, hosts=[ac-kex050i-shard-00-02.6b69sb9.mongodb.net:27017, ac-kex050i-shard-00-01.6b69sb9.mongodb.net:27017, ac-kex050i-shard-00-00.6b69sb9.mongodb.net:27017], passives=[], arbiters=[], primary='ac-kex050i-shard-00-02.6b69sb9.mongodb.net:27017', tagSet=TagSet{[Tag{name='availabilityZone', value='aps1-az2'}, Tag{name='diskState', value='READY'}, Tag{name='nodeType', value='ELECTABLE'}, Tag{name='provider', value='AWS'}, Tag{name='region', value='AP_SOUTH_1'}, Tag{name='workloadType', value='OPERATIONAL'}]}, electionId=7fffffff0000000000000009, setVersion=1, topologyVersion=TopologyVersion{processId=67f95943868877c2c3e82ebb, counter=6}, lastWriteDate=Sat Apr 12 19:59:18 GMT+05:45 2025, lastUpdateTimeNanos=13389128639696}
2025-04-12 19:59:29 INFO  org.mongodb.driver.cluster - Discovered replica set primary ac-kex050i-shard-00-02.6b69sb9.mongodb.net:27017 with max election id 7fffffff0000000000000009 and max set version 1
2025-04-12 19:59:30 INFO  o.s.s.c.a.a.c.InitializeAuthenticationProviderBeanManagerConfigurer$InitializeAuthenticationProviderManagerConfigurer - Global AuthenticationManager configured with AuthenticationProvider bean with name authenticationProvider
2025-04-12 19:59:30 WARN  o.s.s.c.a.a.c.InitializeUserDetailsBeanManagerConfigurer$InitializeUserDetailsManagerConfigurer - Global AuthenticationManager configured with an AuthenticationProvider bean. UserDetailsService beans will not be used by Spring Security for automatically configuring username/password login. Consider removing the AuthenticationProvider bean. Alternatively, consider using the UserDetailsService in a manually instantiated DaoAuthenticationProvider. If the current configuration is intentional, to turn off this warning, increase the logging level of 'org.springframework.security.config.annotation.authentication.configuration.InitializeUserDetailsBeanManagerConfigurer' to ERROR
2025-04-12 19:59:30 INFO  o.a.coyote.http11.Http11NioProtocol - Starting ProtocolHandler ["http-nio-8080"]
2025-04-12 19:59:30 INFO  o.s.b.w.e.tomcat.TomcatWebServer - Tomcat started on port 8080 (http) with context path '/'
2025-04-12 19:59:30 INFO  m.d.journalApp.JournalAppApplication - Started JournalAppApplication in 8.588 seconds (process running for 9.432)
2025-04-12 19:59:36 INFO  o.a.c.c.C.[Tomcat].[localhost].[/] - Initializing Spring DispatcherServlet 'dispatcherServlet'
2025-04-12 19:59:36 INFO  o.s.web.servlet.DispatcherServlet - Initializing Servlet 'dispatcherServlet'
2025-04-12 19:59:36 INFO  o.s.web.servlet.DispatcherServlet - Completed initialization in 1 ms
2025-04-12 20:04:03 INFO  o.s.b.w.e.tomcat.GracefulShutdown - Commencing graceful shutdown. Waiting for active requests to complete
2025-04-12 20:04:03 INFO  o.s.b.w.e.tomcat.GracefulShutdown - Graceful shutdown complete
