2025-04-11 20:25:50 ERROR o.s.boot.SpringApplication - Application run failed
java.lang.IllegalStateException: java.lang.IllegalStateException: Logback configuration error detected: 
ERROR in ch.qos.logback.core.ConsoleAppender[myConsoleAppender] - No encoder set for the appender named "myConsoleAppender".
	at org.springframework.boot.context.logging.LoggingApplicationListener.initializeSystem(LoggingApplicationListener.java:347)
	at org.springframework.boot.context.logging.LoggingApplicationListener.initialize(LoggingApplicationListener.java:298)
	at org.springframework.boot.context.logging.LoggingApplicationListener.onApplicationEnvironmentPreparedEvent(LoggingApplicationListener.java:246)
	at org.springframework.boot.context.logging.LoggingApplicationListener.onApplicationEvent(LoggingApplicationListener.java:223)
	at org.springframework.context.event.SimpleApplicationEventMulticaster.doInvokeListener(SimpleApplicationEventMulticaster.java:185)
	at org.springframework.context.event.SimpleApplicationEventMulticaster.invokeListener(SimpleApplicationEventMulticaster.java:178)
	at org.springframework.context.event.SimpleApplicationEventMulticaster.multicastEvent(SimpleApplicationEventMulticaster.java:156)
	at org.springframework.context.event.SimpleApplicationEventMulticaster.multicastEvent(SimpleApplicationEventMulticaster.java:138)
	at org.springframework.boot.context.event.EventPublishingRunListener.multicastInitialEvent(EventPublishingRunListener.java:136)
	at org.springframework.boot.context.event.EventPublishingRunListener.environmentPrepared(EventPublishingRunListener.java:81)
	at org.springframework.boot.SpringApplicationRunListeners.lambda$environmentPrepared$2(SpringApplicationRunListeners.java:64)
	at java.base/java.lang.Iterable.forEach(Iterable.java:75)
	at org.springframework.boot.SpringApplicationRunListeners.doWithListeners(SpringApplicationRunListeners.java:118)
	at org.springframework.boot.SpringApplicationRunListeners.doWithListeners(SpringApplicationRunListeners.java:112)
	at org.springframework.boot.SpringApplicationRunListeners.environmentPrepared(SpringApplicationRunListeners.java:63)
	at org.springframework.boot.SpringApplication.prepareEnvironment(SpringApplication.java:353)
	at org.springframework.boot.SpringApplication.run(SpringApplication.java:313)
	at org.springframework.boot.SpringApplication.run(SpringApplication.java:1361)
	at org.springframework.boot.SpringApplication.run(SpringApplication.java:1350)
	at malla.dipesh.journalApp.JournalAppApplication.main(JournalAppApplication.java:17)
Caused by: java.lang.IllegalStateException: Logback configuration error detected: 
ERROR in ch.qos.logback.core.ConsoleAppender[myConsoleAppender] - No encoder set for the appender named "myConsoleAppender".
	at org.springframework.boot.logging.logback.LogbackLoggingSystem.reportConfigurationErrorsIfNecessary(LogbackLoggingSystem.java:291)
	at org.springframework.boot.logging.logback.LogbackLoggingSystem.loadConfiguration(LogbackLoggingSystem.java:269)
	at org.springframework.boot.logging.logback.LogbackLoggingSystem.reinitialize(LogbackLoggingSystem.java:344)
	at org.springframework.boot.logging.AbstractLoggingSystem.initializeWithConventions(AbstractLoggingSystem.java:74)
	at org.springframework.boot.logging.AbstractLoggingSystem.initialize(AbstractLoggingSystem.java:61)
	at org.springframework.boot.logging.logback.LogbackLoggingSystem.initialize(LogbackLoggingSystem.java:197)
	at org.springframework.boot.context.logging.LoggingApplicationListener.initializeSystem(LoggingApplicationListener.java:332)
	... 19 common frames omitted
2025-04-11 20:26:20 INFO  o.h.validator.internal.util.Version - HV000001: Hibernate Validator 8.0.2.Final
2025-04-11 20:26:20 INFO  m.d.journalApp.JournalAppApplication - Starting JournalAppApplication using Java 23.0.2 with PID 32540 (/home/malle/Project/journalApp/target/classes started by malle in /home/malle/Project/journalApp)
2025-04-11 20:26:20 INFO  m.d.journalApp.JournalAppApplication - The following 1 profile is active: "dev"
2025-04-11 20:26:21 INFO  o.s.d.r.c.RepositoryConfigurationDelegate - Bootstrapping Spring Data MongoDB repositories in DEFAULT mode.
2025-04-11 20:26:21 INFO  o.s.d.r.c.RepositoryConfigurationDelegate - Finished Spring Data repository scanning in 25 ms. Found 2 MongoDB repository interfaces.
2025-04-11 20:26:21 INFO  o.s.b.w.e.tomcat.TomcatWebServer - Tomcat initialized with port 8080 (http)
2025-04-11 20:26:21 INFO  o.a.coyote.http11.Http11NioProtocol - Initializing ProtocolHandler ["http-nio-8080"]
2025-04-11 20:26:21 INFO  o.a.catalina.core.StandardService - Starting service [Tomcat]
2025-04-11 20:26:21 INFO  o.a.catalina.core.StandardEngine - Starting Servlet engine: [Apache Tomcat/10.1.39]
2025-04-11 20:26:21 INFO  o.a.c.c.C.[Tomcat].[localhost].[/] - Initializing Spring embedded WebApplicationContext
2025-04-11 20:26:21 INFO  o.s.b.w.s.c.ServletWebServerApplicationContext - Root WebApplicationContext: initialization completed in 837 ms
2025-04-11 20:26:21 INFO  org.mongodb.driver.client - MongoClient with metadata {"driver": {"name": "mongo-java-driver|sync|spring-boot", "version": "5.2.1"}, "os": {"type": "Linux", "name": "Linux", "architecture": "amd64", "version": "6.11.0-21-generic"}, "platform": "Java/Oracle Corporation/23.0.2+7-58"} created with settings MongoClientSettings{readPreference=primary, writeConcern=WriteConcern{w=majority, wTimeout=null ms, journal=null}, retryWrites=true, retryReads=true, readConcern=ReadConcern{level=null}, credential=MongoCredential{mechanism=null, userName='dipeshmallapub', source='admin', password=<hidden>, mechanismProperties=<hidden>}, transportSettings=null, commandListeners=[], codecRegistry=ProvidersCodecRegistry{codecProviders=[ValueCodecProvider{}, BsonValueCodecProvider{}, DBRefCodecProvider{}, DBObjectCodecProvider{}, DocumentCodecProvider{}, CollectionCodecProvider{}, IterableCodecProvider{}, MapCodecProvider{}, GeoJsonCodecProvider{}, GridFSFileCodecProvider{}, Jsr310CodecProvider{}, JsonObjectCodecProvider{}, BsonCodecProvider{}, EnumCodecProvider{}, com.mongodb.client.model.mql.ExpressionCodecProvider@1e3f86d5, com.mongodb.Jep395RecordCodecProvider@560271a1, com.mongodb.KotlinCodecProvider@4b9c411]}, loggerSettings=LoggerSettings{maxDocumentLength=1000}, clusterSettings={hosts=[127.0.0.1:27017], srvHost=cluster0.6b69sb9.mongodb.net, srvServiceName=mongodb, mode=MULTIPLE, requiredClusterType=REPLICA_SET, requiredReplicaSetName='atlas-kry611-shard-0', serverSelector='null', clusterListeners='[]', serverSelectionTimeout='30000 ms', localThreshold='15 ms'}, socketSettings=SocketSettings{connectTimeoutMS=10000, readTimeoutMS=0, receiveBufferSize=0, proxySettings=ProxySettings{host=null, port=null, username=null, password=null}}, heartbeatSocketSettings=SocketSettings{connectTimeoutMS=10000, readTimeoutMS=10000, receiveBufferSize=0, proxySettings=ProxySettings{host=null, port=null, username=null, password=null}}, connectionPoolSettings=ConnectionPoolSettings{maxSize=100, minSize=0, maxWaitTimeMS=120000, maxConnectionLifeTimeMS=0, maxConnectionIdleTimeMS=0, maintenanceInitialDelayMS=0, maintenanceFrequencyMS=60000, connectionPoolListeners=[], maxConnecting=2}, serverSettings=ServerSettings{heartbeatFrequencyMS=10000, minHeartbeatFrequencyMS=500, serverMonitoringMode=AUTO, serverListeners='[]', serverMonitorListeners='[]'}, sslSettings=SslSettings{enabled=true, invalidHostNameAllowed=false, context=null}, applicationName='null', compressorList=[], uuidRepresentation=JAVA_LEGACY, serverApi=null, autoEncryptionSettings=null, dnsClient=null, inetAddressResolver=null, contextProvider=null, timeoutMS=null}
2025-04-11 20:26:21 INFO  org.mongodb.driver.cluster - Adding discovered server ac-kex050i-shard-00-02.6b69sb9.mongodb.net:27017 to client view of cluster
2025-04-11 20:26:21 INFO  org.mongodb.driver.cluster - Adding discovered server ac-kex050i-shard-00-01.6b69sb9.mongodb.net:27017 to client view of cluster
2025-04-11 20:26:21 INFO  org.mongodb.driver.cluster - Adding discovered server ac-kex050i-shard-00-00.6b69sb9.mongodb.net:27017 to client view of cluster
2025-04-11 20:26:21 INFO  org.mongodb.driver.cluster - Waiting for server to become available for operation with ID 5. Remaining time: 29995 ms. Selector: WritableServerSelector, topology description: {type=REPLICA_SET, servers=[{address=ac-kex050i-shard-00-00.6b69sb9.mongodb.net:27017, type=UNKNOWN, state=CONNECTING}, {address=ac-kex050i-shard-00-02.6b69sb9.mongodb.net:27017, type=UNKNOWN, state=CONNECTING}, {address=ac-kex050i-shard-00-01.6b69sb9.mongodb.net:27017, type=UNKNOWN, state=CONNECTING}].
2025-04-11 20:26:22 INFO  org.mongodb.driver.cluster - Monitor thread successfully connected to server with description ServerDescription{address=ac-kex050i-shard-00-00.6b69sb9.mongodb.net:27017, type=REPLICA_SET_SECONDARY, cryptd=false, state=CONNECTED, ok=true, minWireVersion=0, maxWireVersion=25, maxDocumentSize=16777216, logicalSessionTimeoutMinutes=30, roundTripTimeNanos=321406257, minRoundTripTimeNanos=0, setName='atlas-kry611-shard-0', canonicalAddress=ac-kex050i-shard-00-00.6b69sb9.mongodb.net:27017, hosts=[ac-kex050i-shard-00-02.6b69sb9.mongodb.net:27017, ac-kex050i-shard-00-01.6b69sb9.mongodb.net:27017, ac-kex050i-shard-00-00.6b69sb9.mongodb.net:27017], passives=[], arbiters=[], primary='ac-kex050i-shard-00-01.6b69sb9.mongodb.net:27017', tagSet=TagSet{[Tag{name='availabilityZone', value='aps1-az1'}, Tag{name='diskState', value='READY'}, Tag{name='nodeType', value='ELECTABLE'}, Tag{name='provider', value='AWS'}, Tag{name='region', value='AP_SOUTH_1'}, Tag{name='workloadType', value='OPERATIONAL'}]}, electionId=null, setVersion=1, topologyVersion=TopologyVersion{processId=67f804b203e54bb139b0df02, counter=4}, lastWriteDate=Fri Apr 11 20:26:20 GMT+05:45 2025, lastUpdateTimeNanos=17296895231803}
2025-04-11 20:26:22 INFO  org.mongodb.driver.cluster - Monitor thread successfully connected to server with description ServerDescription{address=ac-kex050i-shard-00-02.6b69sb9.mongodb.net:27017, type=REPLICA_SET_SECONDARY, cryptd=false, state=CONNECTED, ok=true, minWireVersion=0, maxWireVersion=25, maxDocumentSize=16777216, logicalSessionTimeoutMinutes=30, roundTripTimeNanos=321429866, minRoundTripTimeNanos=0, setName='atlas-kry611-shard-0', canonicalAddress=ac-kex050i-shard-00-02.6b69sb9.mongodb.net:27017, hosts=[ac-kex050i-shard-00-02.6b69sb9.mongodb.net:27017, ac-kex050i-shard-00-01.6b69sb9.mongodb.net:27017, ac-kex050i-shard-00-00.6b69sb9.mongodb.net:27017], passives=[], arbiters=[], primary='ac-kex050i-shard-00-01.6b69sb9.mongodb.net:27017', tagSet=TagSet{[Tag{name='availabilityZone', value='aps1-az2'}, Tag{name='diskState', value='READY'}, Tag{name='nodeType', value='ELECTABLE'}, Tag{name='provider', value='AWS'}, Tag{name='region', value='AP_SOUTH_1'}, Tag{name='workloadType', value='OPERATIONAL'}]}, electionId=null, setVersion=1, topologyVersion=TopologyVersion{processId=67f8071076ecedfa7ae465cf, counter=3}, lastWriteDate=Fri Apr 11 20:26:20 GMT+05:45 2025, lastUpdateTimeNanos=17296895231774}
2025-04-11 20:26:22 INFO  org.mongodb.driver.cluster - Monitor thread successfully connected to server with description ServerDescription{address=ac-kex050i-shard-00-01.6b69sb9.mongodb.net:27017, type=REPLICA_SET_PRIMARY, cryptd=false, state=CONNECTED, ok=true, minWireVersion=0, maxWireVersion=25, maxDocumentSize=16777216, logicalSessionTimeoutMinutes=30, roundTripTimeNanos=321292971, minRoundTripTimeNanos=0, setName='atlas-kry611-shard-0', canonicalAddress=ac-kex050i-shard-00-01.6b69sb9.mongodb.net:27017, hosts=[ac-kex050i-shard-00-02.6b69sb9.mongodb.net:27017, ac-kex050i-shard-00-01.6b69sb9.mongodb.net:27017, ac-kex050i-shard-00-00.6b69sb9.mongodb.net:27017], passives=[], arbiters=[], primary='ac-kex050i-shard-00-01.6b69sb9.mongodb.net:27017', tagSet=TagSet{[Tag{name='availabilityZone', value='aps1-az3'}, Tag{name='diskState', value='READY'}, Tag{name='nodeType', value='ELECTABLE'}, Tag{name='provider', value='AWS'}, Tag{name='region', value='AP_SOUTH_1'}, Tag{name='workloadType', value='OPERATIONAL'}]}, electionId=7fffffff0000000000000008, setVersion=1, topologyVersion=TopologyVersion{processId=67f805d9a732000d7e1eebca, counter=6}, lastWriteDate=Fri Apr 11 20:26:20 GMT+05:45 2025, lastUpdateTimeNanos=17296895231820}
2025-04-11 20:26:22 INFO  org.mongodb.driver.cluster - Discovered replica set primary ac-kex050i-shard-00-01.6b69sb9.mongodb.net:27017 with max election id 7fffffff0000000000000008 and max set version 1
2025-04-11 20:26:23 INFO  o.s.s.c.a.a.c.InitializeAuthenticationProviderBeanManagerConfigurer$InitializeAuthenticationProviderManagerConfigurer - Global AuthenticationManager configured with AuthenticationProvider bean with name authenticationProvider
2025-04-11 20:26:23 WARN  o.s.s.c.a.a.c.InitializeUserDetailsBeanManagerConfigurer$InitializeUserDetailsManagerConfigurer - Global AuthenticationManager configured with an AuthenticationProvider bean. UserDetailsService beans will not be used by Spring Security for automatically configuring username/password login. Consider removing the AuthenticationProvider bean. Alternatively, consider using the UserDetailsService in a manually instantiated DaoAuthenticationProvider. If the current configuration is intentional, to turn off this warning, increase the logging level of 'org.springframework.security.config.annotation.authentication.configuration.InitializeUserDetailsBeanManagerConfigurer' to ERROR
2025-04-11 20:26:23 INFO  o.a.coyote.http11.Http11NioProtocol - Starting ProtocolHandler ["http-nio-8080"]
2025-04-11 20:26:23 INFO  o.s.b.w.e.tomcat.TomcatWebServer - Tomcat started on port 8080 (http) with context path '/'
2025-04-11 20:26:23 INFO  m.d.journalApp.JournalAppApplication - Started JournalAppApplication in 3.084 seconds (process running for 3.622)
2025-04-11 20:26:41 INFO  o.a.c.c.C.[Tomcat].[localhost].[/] - Initializing Spring DispatcherServlet 'dispatcherServlet'
2025-04-11 20:26:41 INFO  o.s.web.servlet.DispatcherServlet - Initializing Servlet 'dispatcherServlet'
2025-04-11 20:26:41 INFO  o.s.web.servlet.DispatcherServlet - Completed initialization in 0 ms
2025-04-11 20:26:41 WARN  m.d.journalApp.service.UserService - Failed to save user Write operation error on server ac-kex050i-shard-00-01.6b69sb9.mongodb.net:27017. Write error: WriteError{code=11000, message='E11000 duplicate key error collection: journaldb.users index: username dup key: { username: "ram" }', details={}}.: 
2025-04-11 20:26:41 INFO  m.d.journalApp.service.UserService - Failed to save user Write operation error on server ac-kex050i-shard-00-01.6b69sb9.mongodb.net:27017. Write error: WriteError{code=11000, message='E11000 duplicate key error collection: journaldb.users index: username dup key: { username: "ram" }', details={}}.: 
2025-04-11 20:26:41 ERROR m.d.journalApp.service.UserService - Error
2025-04-11 20:27:16 INFO  o.s.b.w.e.tomcat.GracefulShutdown - Commencing graceful shutdown. Waiting for active requests to complete
2025-04-11 20:27:16 INFO  o.s.b.w.e.tomcat.GracefulShutdown - Graceful shutdown complete
2025-04-11 21:41:10 INFO  o.h.validator.internal.util.Version - HV000001: Hibernate Validator 8.0.2.Final
2025-04-11 21:41:10 INFO  m.d.journalApp.JournalAppApplication - Starting JournalAppApplication using Java 23.0.2 with PID 34034 (/home/malle/Project/journalApp/target/classes started by malle in /home/malle/Project/journalApp)
2025-04-11 21:41:10 INFO  m.d.journalApp.JournalAppApplication - The following 1 profile is active: "dev"
2025-04-11 21:41:11 INFO  o.s.d.r.c.RepositoryConfigurationDelegate - Bootstrapping Spring Data MongoDB repositories in DEFAULT mode.
2025-04-11 21:41:11 INFO  o.s.d.r.c.RepositoryConfigurationDelegate - Finished Spring Data repository scanning in 29 ms. Found 2 MongoDB repository interfaces.
2025-04-11 21:41:11 INFO  o.s.b.w.e.tomcat.TomcatWebServer - Tomcat initialized with port 8080 (http)
2025-04-11 21:41:11 INFO  o.a.coyote.http11.Http11NioProtocol - Initializing ProtocolHandler ["http-nio-8080"]
2025-04-11 21:41:11 INFO  o.a.catalina.core.StandardService - Starting service [Tomcat]
2025-04-11 21:41:11 INFO  o.a.catalina.core.StandardEngine - Starting Servlet engine: [Apache Tomcat/10.1.39]
2025-04-11 21:41:11 INFO  o.a.c.c.C.[Tomcat].[localhost].[/] - Initializing Spring embedded WebApplicationContext
2025-04-11 21:41:11 INFO  o.s.b.w.s.c.ServletWebServerApplicationContext - Root WebApplicationContext: initialization completed in 958 ms
2025-04-11 21:41:11 INFO  org.mongodb.driver.client - MongoClient with metadata {"driver": {"name": "mongo-java-driver|sync|spring-boot", "version": "5.2.1"}, "os": {"type": "Linux", "name": "Linux", "architecture": "amd64", "version": "6.11.0-21-generic"}, "platform": "Java/Oracle Corporation/23.0.2+7-58"} created with settings MongoClientSettings{readPreference=primary, writeConcern=WriteConcern{w=majority, wTimeout=null ms, journal=null}, retryWrites=true, retryReads=true, readConcern=ReadConcern{level=null}, credential=MongoCredential{mechanism=null, userName='dipeshmallapub', source='admin', password=<hidden>, mechanismProperties=<hidden>}, transportSettings=null, commandListeners=[], codecRegistry=ProvidersCodecRegistry{codecProviders=[ValueCodecProvider{}, BsonValueCodecProvider{}, DBRefCodecProvider{}, DBObjectCodecProvider{}, DocumentCodecProvider{}, CollectionCodecProvider{}, IterableCodecProvider{}, MapCodecProvider{}, GeoJsonCodecProvider{}, GridFSFileCodecProvider{}, Jsr310CodecProvider{}, JsonObjectCodecProvider{}, BsonCodecProvider{}, EnumCodecProvider{}, com.mongodb.client.model.mql.ExpressionCodecProvider@355ce6a6, com.mongodb.Jep395RecordCodecProvider@20440c6c, com.mongodb.KotlinCodecProvider@1e3f86d5]}, loggerSettings=LoggerSettings{maxDocumentLength=1000}, clusterSettings={hosts=[127.0.0.1:27017], srvHost=cluster0.6b69sb9.mongodb.net, srvServiceName=mongodb, mode=MULTIPLE, requiredClusterType=REPLICA_SET, requiredReplicaSetName='atlas-kry611-shard-0', serverSelector='null', clusterListeners='[]', serverSelectionTimeout='30000 ms', localThreshold='15 ms'}, socketSettings=SocketSettings{connectTimeoutMS=10000, readTimeoutMS=0, receiveBufferSize=0, proxySettings=ProxySettings{host=null, port=null, username=null, password=null}}, heartbeatSocketSettings=SocketSettings{connectTimeoutMS=10000, readTimeoutMS=10000, receiveBufferSize=0, proxySettings=ProxySettings{host=null, port=null, username=null, password=null}}, connectionPoolSettings=ConnectionPoolSettings{maxSize=100, minSize=0, maxWaitTimeMS=120000, maxConnectionLifeTimeMS=0, maxConnectionIdleTimeMS=0, maintenanceInitialDelayMS=0, maintenanceFrequencyMS=60000, connectionPoolListeners=[], maxConnecting=2}, serverSettings=ServerSettings{heartbeatFrequencyMS=10000, minHeartbeatFrequencyMS=500, serverMonitoringMode=AUTO, serverListeners='[]', serverMonitorListeners='[]'}, sslSettings=SslSettings{enabled=true, invalidHostNameAllowed=false, context=null}, applicationName='null', compressorList=[], uuidRepresentation=JAVA_LEGACY, serverApi=null, autoEncryptionSettings=null, dnsClient=null, inetAddressResolver=null, contextProvider=null, timeoutMS=null}
2025-04-11 21:41:12 INFO  org.mongodb.driver.cluster - Adding discovered server ac-kex050i-shard-00-02.6b69sb9.mongodb.net:27017 to client view of cluster
2025-04-11 21:41:12 INFO  org.mongodb.driver.cluster - Waiting for server to become available for operation with ID 2. Remaining time: 29993 ms. Selector: WritableServerSelector, topology description: {type=UNKNOWN, servers=[].
2025-04-11 21:41:12 INFO  org.mongodb.driver.cluster - Adding discovered server ac-kex050i-shard-00-01.6b69sb9.mongodb.net:27017 to client view of cluster
2025-04-11 21:41:12 INFO  org.mongodb.driver.cluster - Adding discovered server ac-kex050i-shard-00-00.6b69sb9.mongodb.net:27017 to client view of cluster
2025-04-11 21:41:13 INFO  org.mongodb.driver.cluster - Monitor thread successfully connected to server with description ServerDescription{address=ac-kex050i-shard-00-00.6b69sb9.mongodb.net:27017, type=REPLICA_SET_SECONDARY, cryptd=false, state=CONNECTED, ok=true, minWireVersion=0, maxWireVersion=25, maxDocumentSize=16777216, logicalSessionTimeoutMinutes=30, roundTripTimeNanos=326549745, minRoundTripTimeNanos=0, setName='atlas-kry611-shard-0', canonicalAddress=ac-kex050i-shard-00-00.6b69sb9.mongodb.net:27017, hosts=[ac-kex050i-shard-00-02.6b69sb9.mongodb.net:27017, ac-kex050i-shard-00-01.6b69sb9.mongodb.net:27017, ac-kex050i-shard-00-00.6b69sb9.mongodb.net:27017], passives=[], arbiters=[], primary='ac-kex050i-shard-00-01.6b69sb9.mongodb.net:27017', tagSet=TagSet{[Tag{name='availabilityZone', value='aps1-az1'}, Tag{name='diskState', value='READY'}, Tag{name='nodeType', value='ELECTABLE'}, Tag{name='provider', value='AWS'}, Tag{name='region', value='AP_SOUTH_1'}, Tag{name='workloadType', value='OPERATIONAL'}]}, electionId=null, setVersion=1, topologyVersion=TopologyVersion{processId=67f804b203e54bb139b0df02, counter=4}, lastWriteDate=Fri Apr 11 21:41:10 GMT+05:45 2025, lastUpdateTimeNanos=21788133489134}
2025-04-11 21:41:13 INFO  org.mongodb.driver.cluster - Monitor thread successfully connected to server with description ServerDescription{address=ac-kex050i-shard-00-01.6b69sb9.mongodb.net:27017, type=REPLICA_SET_PRIMARY, cryptd=false, state=CONNECTED, ok=true, minWireVersion=0, maxWireVersion=25, maxDocumentSize=16777216, logicalSessionTimeoutMinutes=30, roundTripTimeNanos=326550600, minRoundTripTimeNanos=0, setName='atlas-kry611-shard-0', canonicalAddress=ac-kex050i-shard-00-01.6b69sb9.mongodb.net:27017, hosts=[ac-kex050i-shard-00-02.6b69sb9.mongodb.net:27017, ac-kex050i-shard-00-01.6b69sb9.mongodb.net:27017, ac-kex050i-shard-00-00.6b69sb9.mongodb.net:27017], passives=[], arbiters=[], primary='ac-kex050i-shard-00-01.6b69sb9.mongodb.net:27017', tagSet=TagSet{[Tag{name='availabilityZone', value='aps1-az3'}, Tag{name='diskState', value='READY'}, Tag{name='nodeType', value='ELECTABLE'}, Tag{name='provider', value='AWS'}, Tag{name='region', value='AP_SOUTH_1'}, Tag{name='workloadType', value='OPERATIONAL'}]}, electionId=7fffffff0000000000000008, setVersion=1, topologyVersion=TopologyVersion{processId=67f805d9a732000d7e1eebca, counter=6}, lastWriteDate=Fri Apr 11 21:41:10 GMT+05:45 2025, lastUpdateTimeNanos=21788133489122}
2025-04-11 21:41:13 INFO  org.mongodb.driver.cluster - Discovered replica set primary ac-kex050i-shard-00-01.6b69sb9.mongodb.net:27017 with max election id 7fffffff0000000000000008 and max set version 1
2025-04-11 21:41:14 INFO  org.mongodb.driver.cluster - Monitor thread successfully connected to server with description ServerDescription{address=ac-kex050i-shard-00-02.6b69sb9.mongodb.net:27017, type=REPLICA_SET_SECONDARY, cryptd=false, state=CONNECTED, ok=true, minWireVersion=0, maxWireVersion=25, maxDocumentSize=16777216, logicalSessionTimeoutMinutes=30, roundTripTimeNanos=141775602, minRoundTripTimeNanos=0, setName='atlas-kry611-shard-0', canonicalAddress=ac-kex050i-shard-00-02.6b69sb9.mongodb.net:27017, hosts=[ac-kex050i-shard-00-02.6b69sb9.mongodb.net:27017, ac-kex050i-shard-00-01.6b69sb9.mongodb.net:27017, ac-kex050i-shard-00-00.6b69sb9.mongodb.net:27017], passives=[], arbiters=[], primary='ac-kex050i-shard-00-01.6b69sb9.mongodb.net:27017', tagSet=TagSet{[Tag{name='availabilityZone', value='aps1-az2'}, Tag{name='diskState', value='READY'}, Tag{name='nodeType', value='ELECTABLE'}, Tag{name='provider', value='AWS'}, Tag{name='region', value='AP_SOUTH_1'}, Tag{name='workloadType', value='OPERATIONAL'}]}, electionId=null, setVersion=1, topologyVersion=TopologyVersion{processId=67f8071076ecedfa7ae465cf, counter=3}, lastWriteDate=Fri Apr 11 21:41:10 GMT+05:45 2025, lastUpdateTimeNanos=21788644724342}
2025-04-11 21:41:14 INFO  o.s.s.c.a.a.c.InitializeAuthenticationProviderBeanManagerConfigurer$InitializeAuthenticationProviderManagerConfigurer - Global AuthenticationManager configured with AuthenticationProvider bean with name authenticationProvider
2025-04-11 21:41:14 WARN  o.s.s.c.a.a.c.InitializeUserDetailsBeanManagerConfigurer$InitializeUserDetailsManagerConfigurer - Global AuthenticationManager configured with an AuthenticationProvider bean. UserDetailsService beans will not be used by Spring Security for automatically configuring username/password login. Consider removing the AuthenticationProvider bean. Alternatively, consider using the UserDetailsService in a manually instantiated DaoAuthenticationProvider. If the current configuration is intentional, to turn off this warning, increase the logging level of 'org.springframework.security.config.annotation.authentication.configuration.InitializeUserDetailsBeanManagerConfigurer' to ERROR
2025-04-11 21:41:14 INFO  o.a.coyote.http11.Http11NioProtocol - Starting ProtocolHandler ["http-nio-8080"]
2025-04-11 21:41:14 INFO  o.s.b.w.e.tomcat.TomcatWebServer - Tomcat started on port 8080 (http) with context path '/'
2025-04-11 21:41:14 INFO  m.d.journalApp.JournalAppApplication - Started JournalAppApplication in 4.701 seconds (process running for 5.545)
2025-04-11 21:41:55 INFO  o.a.c.c.C.[Tomcat].[localhost].[/] - Initializing Spring DispatcherServlet 'dispatcherServlet'
2025-04-11 21:41:55 INFO  o.s.web.servlet.DispatcherServlet - Initializing Servlet 'dispatcherServlet'
2025-04-11 21:41:55 INFO  o.s.web.servlet.DispatcherServlet - Completed initialization in 1 ms
2025-04-11 21:41:55 WARN  m.d.journalApp.service.UserService - Failed to save user Write operation error on server ac-kex050i-shard-00-01.6b69sb9.mongodb.net:27017. Write error: WriteError{code=11000, message='E11000 duplicate key error collection: journaldb.users index: username dup key: { username: "ram" }', details={}}.: 
2025-04-11 21:43:09 INFO  o.s.b.w.e.tomcat.GracefulShutdown - Commencing graceful shutdown. Waiting for active requests to complete
2025-04-11 21:43:09 INFO  o.s.b.w.e.tomcat.GracefulShutdown - Graceful shutdown complete
2025-04-11 22:48:36 INFO  o.h.validator.internal.util.Version - HV000001: Hibernate Validator 8.0.2.Final
2025-04-11 22:48:36 INFO  m.d.journalApp.JournalAppApplication - Starting JournalAppApplication using Java 23.0.2 with PID 40358 (/home/malle/Project/journalApp/target/classes started by malle in /home/malle/Project/journalApp)
2025-04-11 22:48:36 INFO  m.d.journalApp.JournalAppApplication - The following 1 profile is active: "dev"
2025-04-11 22:48:37 INFO  o.s.d.r.c.RepositoryConfigurationDelegate - Bootstrapping Spring Data MongoDB repositories in DEFAULT mode.
2025-04-11 22:48:37 INFO  o.s.d.r.c.RepositoryConfigurationDelegate - Finished Spring Data repository scanning in 49 ms. Found 2 MongoDB repository interfaces.
2025-04-11 22:48:38 INFO  o.s.b.w.e.tomcat.TomcatWebServer - Tomcat initialized with port 8080 (http)
2025-04-11 22:48:38 INFO  o.a.coyote.http11.Http11NioProtocol - Initializing ProtocolHandler ["http-nio-8080"]
2025-04-11 22:48:38 INFO  o.a.catalina.core.StandardService - Starting service [Tomcat]
2025-04-11 22:48:38 INFO  o.a.catalina.core.StandardEngine - Starting Servlet engine: [Apache Tomcat/10.1.39]
2025-04-11 22:48:38 INFO  o.a.c.c.C.[Tomcat].[localhost].[/] - Initializing Spring embedded WebApplicationContext
2025-04-11 22:48:38 INFO  o.s.b.w.s.c.ServletWebServerApplicationContext - Root WebApplicationContext: initialization completed in 1732 ms
2025-04-11 22:48:38 INFO  org.mongodb.driver.client - MongoClient with metadata {"driver": {"name": "mongo-java-driver|sync|spring-boot", "version": "5.2.1"}, "os": {"type": "Linux", "name": "Linux", "architecture": "amd64", "version": "6.11.0-21-generic"}, "platform": "Java/Oracle Corporation/23.0.2+7-58"} created with settings MongoClientSettings{readPreference=primary, writeConcern=WriteConcern{w=majority, wTimeout=null ms, journal=null}, retryWrites=true, retryReads=true, readConcern=ReadConcern{level=null}, credential=MongoCredential{mechanism=null, userName='dipeshmallapub', source='admin', password=<hidden>, mechanismProperties=<hidden>}, transportSettings=null, commandListeners=[], codecRegistry=ProvidersCodecRegistry{codecProviders=[ValueCodecProvider{}, BsonValueCodecProvider{}, DBRefCodecProvider{}, DBObjectCodecProvider{}, DocumentCodecProvider{}, CollectionCodecProvider{}, IterableCodecProvider{}, MapCodecProvider{}, GeoJsonCodecProvider{}, GridFSFileCodecProvider{}, Jsr310CodecProvider{}, JsonObjectCodecProvider{}, BsonCodecProvider{}, EnumCodecProvider{}, com.mongodb.client.model.mql.ExpressionCodecProvider@6af310c7, com.mongodb.Jep395RecordCodecProvider@4aed311e, com.mongodb.KotlinCodecProvider@4c38cd16]}, loggerSettings=LoggerSettings{maxDocumentLength=1000}, clusterSettings={hosts=[127.0.0.1:27017], srvHost=cluster0.6b69sb9.mongodb.net, srvServiceName=mongodb, mode=MULTIPLE, requiredClusterType=REPLICA_SET, requiredReplicaSetName='atlas-kry611-shard-0', serverSelector='null', clusterListeners='[]', serverSelectionTimeout='30000 ms', localThreshold='15 ms'}, socketSettings=SocketSettings{connectTimeoutMS=10000, readTimeoutMS=0, receiveBufferSize=0, proxySettings=ProxySettings{host=null, port=null, username=null, password=null}}, heartbeatSocketSettings=SocketSettings{connectTimeoutMS=10000, readTimeoutMS=10000, receiveBufferSize=0, proxySettings=ProxySettings{host=null, port=null, username=null, password=null}}, connectionPoolSettings=ConnectionPoolSettings{maxSize=100, minSize=0, maxWaitTimeMS=120000, maxConnectionLifeTimeMS=0, maxConnectionIdleTimeMS=0, maintenanceInitialDelayMS=0, maintenanceFrequencyMS=60000, connectionPoolListeners=[], maxConnecting=2}, serverSettings=ServerSettings{heartbeatFrequencyMS=10000, minHeartbeatFrequencyMS=500, serverMonitoringMode=AUTO, serverListeners='[]', serverMonitorListeners='[]'}, sslSettings=SslSettings{enabled=true, invalidHostNameAllowed=false, context=null}, applicationName='null', compressorList=[], uuidRepresentation=JAVA_LEGACY, serverApi=null, autoEncryptionSettings=null, dnsClient=null, inetAddressResolver=null, contextProvider=null, timeoutMS=null}
2025-04-11 22:48:38 INFO  org.mongodb.driver.cluster - Adding discovered server ac-kex050i-shard-00-02.6b69sb9.mongodb.net:27017 to client view of cluster
2025-04-11 22:48:38 INFO  org.mongodb.driver.cluster - Adding discovered server ac-kex050i-shard-00-00.6b69sb9.mongodb.net:27017 to client view of cluster
2025-04-11 22:48:38 INFO  org.mongodb.driver.cluster - Adding discovered server ac-kex050i-shard-00-01.6b69sb9.mongodb.net:27017 to client view of cluster
2025-04-11 22:48:39 INFO  org.mongodb.driver.cluster - Waiting for server to become available for operation with ID 5. Remaining time: 29992 ms. Selector: WritableServerSelector, topology description: {type=REPLICA_SET, servers=[{address=ac-kex050i-shard-00-00.6b69sb9.mongodb.net:27017, type=UNKNOWN, state=CONNECTING}, {address=ac-kex050i-shard-00-02.6b69sb9.mongodb.net:27017, type=UNKNOWN, state=CONNECTING}, {address=ac-kex050i-shard-00-01.6b69sb9.mongodb.net:27017, type=UNKNOWN, state=CONNECTING}].
2025-04-11 22:48:39 INFO  org.mongodb.driver.cluster - Monitor thread successfully connected to server with description ServerDescription{address=ac-kex050i-shard-00-02.6b69sb9.mongodb.net:27017, type=REPLICA_SET_SECONDARY, cryptd=false, state=CONNECTED, ok=true, minWireVersion=0, maxWireVersion=25, maxDocumentSize=16777216, logicalSessionTimeoutMinutes=30, roundTripTimeNanos=443183834, minRoundTripTimeNanos=0, setName='atlas-kry611-shard-0', canonicalAddress=ac-kex050i-shard-00-02.6b69sb9.mongodb.net:27017, hosts=[ac-kex050i-shard-00-02.6b69sb9.mongodb.net:27017, ac-kex050i-shard-00-01.6b69sb9.mongodb.net:27017, ac-kex050i-shard-00-00.6b69sb9.mongodb.net:27017], passives=[], arbiters=[], primary='ac-kex050i-shard-00-01.6b69sb9.mongodb.net:27017', tagSet=TagSet{[Tag{name='availabilityZone', value='aps1-az2'}, Tag{name='diskState', value='READY'}, Tag{name='nodeType', value='ELECTABLE'}, Tag{name='provider', value='AWS'}, Tag{name='region', value='AP_SOUTH_1'}, Tag{name='workloadType', value='OPERATIONAL'}]}, electionId=null, setVersion=1, topologyVersion=TopologyVersion{processId=67f8071076ecedfa7ae465cf, counter=3}, lastWriteDate=Fri Apr 11 22:48:22 GMT+05:45 2025, lastUpdateTimeNanos=25834254825248}
2025-04-11 22:48:39 INFO  org.mongodb.driver.cluster - Monitor thread successfully connected to server with description ServerDescription{address=ac-kex050i-shard-00-00.6b69sb9.mongodb.net:27017, type=REPLICA_SET_SECONDARY, cryptd=false, state=CONNECTED, ok=true, minWireVersion=0, maxWireVersion=25, maxDocumentSize=16777216, logicalSessionTimeoutMinutes=30, roundTripTimeNanos=443186703, minRoundTripTimeNanos=0, setName='atlas-kry611-shard-0', canonicalAddress=ac-kex050i-shard-00-00.6b69sb9.mongodb.net:27017, hosts=[ac-kex050i-shard-00-02.6b69sb9.mongodb.net:27017, ac-kex050i-shard-00-01.6b69sb9.mongodb.net:27017, ac-kex050i-shard-00-00.6b69sb9.mongodb.net:27017], passives=[], arbiters=[], primary='ac-kex050i-shard-00-01.6b69sb9.mongodb.net:27017', tagSet=TagSet{[Tag{name='availabilityZone', value='aps1-az1'}, Tag{name='diskState', value='READY'}, Tag{name='nodeType', value='ELECTABLE'}, Tag{name='provider', value='AWS'}, Tag{name='region', value='AP_SOUTH_1'}, Tag{name='workloadType', value='OPERATIONAL'}]}, electionId=null, setVersion=1, topologyVersion=TopologyVersion{processId=67f804b203e54bb139b0df02, counter=4}, lastWriteDate=Fri Apr 11 22:48:22 GMT+05:45 2025, lastUpdateTimeNanos=25834254825177}
2025-04-11 22:48:39 INFO  org.mongodb.driver.cluster - Monitor thread successfully connected to server with description ServerDescription{address=ac-kex050i-shard-00-01.6b69sb9.mongodb.net:27017, type=REPLICA_SET_PRIMARY, cryptd=false, state=CONNECTED, ok=true, minWireVersion=0, maxWireVersion=25, maxDocumentSize=16777216, logicalSessionTimeoutMinutes=30, roundTripTimeNanos=443181484, minRoundTripTimeNanos=0, setName='atlas-kry611-shard-0', canonicalAddress=ac-kex050i-shard-00-01.6b69sb9.mongodb.net:27017, hosts=[ac-kex050i-shard-00-02.6b69sb9.mongodb.net:27017, ac-kex050i-shard-00-01.6b69sb9.mongodb.net:27017, ac-kex050i-shard-00-00.6b69sb9.mongodb.net:27017], passives=[], arbiters=[], primary='ac-kex050i-shard-00-01.6b69sb9.mongodb.net:27017', tagSet=TagSet{[Tag{name='availabilityZone', value='aps1-az3'}, Tag{name='diskState', value='READY'}, Tag{name='nodeType', value='ELECTABLE'}, Tag{name='provider', value='AWS'}, Tag{name='region', value='AP_SOUTH_1'}, Tag{name='workloadType', value='OPERATIONAL'}]}, electionId=7fffffff0000000000000008, setVersion=1, topologyVersion=TopologyVersion{processId=67f805d9a732000d7e1eebca, counter=6}, lastWriteDate=Fri Apr 11 22:48:22 GMT+05:45 2025, lastUpdateTimeNanos=25834254825261}
2025-04-11 22:48:39 INFO  org.mongodb.driver.cluster - Discovered replica set primary ac-kex050i-shard-00-01.6b69sb9.mongodb.net:27017 with max election id 7fffffff0000000000000008 and max set version 1
2025-04-11 22:48:41 INFO  o.s.s.c.a.a.c.InitializeAuthenticationProviderBeanManagerConfigurer$InitializeAuthenticationProviderManagerConfigurer - Global AuthenticationManager configured with AuthenticationProvider bean with name authenticationProvider
2025-04-11 22:48:41 WARN  o.s.s.c.a.a.c.InitializeUserDetailsBeanManagerConfigurer$InitializeUserDetailsManagerConfigurer - Global AuthenticationManager configured with an AuthenticationProvider bean. UserDetailsService beans will not be used by Spring Security for automatically configuring username/password login. Consider removing the AuthenticationProvider bean. Alternatively, consider using the UserDetailsService in a manually instantiated DaoAuthenticationProvider. If the current configuration is intentional, to turn off this warning, increase the logging level of 'org.springframework.security.config.annotation.authentication.configuration.InitializeUserDetailsBeanManagerConfigurer' to ERROR
2025-04-11 22:48:41 INFO  o.a.coyote.http11.Http11NioProtocol - Starting ProtocolHandler ["http-nio-8080"]
2025-04-11 22:48:41 INFO  o.s.b.w.e.tomcat.TomcatWebServer - Tomcat started on port 8080 (http) with context path '/'
2025-04-11 22:48:41 INFO  m.d.journalApp.JournalAppApplication - Started JournalAppApplication in 5.799 seconds (process running for 7.485)
2025-04-11 22:49:31 INFO  o.a.c.c.C.[Tomcat].[localhost].[/] - Initializing Spring DispatcherServlet 'dispatcherServlet'
2025-04-11 22:49:31 INFO  o.s.web.servlet.DispatcherServlet - Initializing Servlet 'dispatcherServlet'
2025-04-11 22:49:31 INFO  o.s.web.servlet.DispatcherServlet - Completed initialization in 1 ms
2025-04-11 22:50:27 INFO  o.s.b.w.e.tomcat.GracefulShutdown - Commencing graceful shutdown. Waiting for active requests to complete
2025-04-11 22:50:27 INFO  o.s.b.w.e.tomcat.GracefulShutdown - Graceful shutdown complete
2025-04-11 22:50:31 INFO  o.h.validator.internal.util.Version - HV000001: Hibernate Validator 8.0.2.Final
2025-04-11 22:50:32 INFO  m.d.journalApp.JournalAppApplication - Starting JournalAppApplication using Java 23.0.2 with PID 40702 (/home/malle/Project/journalApp/target/classes started by malle in /home/malle/Project/journalApp)
2025-04-11 22:50:32 INFO  m.d.journalApp.JournalAppApplication - The following 1 profile is active: "dev"
2025-04-11 22:50:32 INFO  o.s.d.r.c.RepositoryConfigurationDelegate - Bootstrapping Spring Data MongoDB repositories in DEFAULT mode.
2025-04-11 22:50:32 INFO  o.s.d.r.c.RepositoryConfigurationDelegate - Finished Spring Data repository scanning in 41 ms. Found 2 MongoDB repository interfaces.
2025-04-11 22:50:33 INFO  o.s.b.w.e.tomcat.TomcatWebServer - Tomcat initialized with port 8080 (http)
2025-04-11 22:50:33 INFO  o.a.coyote.http11.Http11NioProtocol - Initializing ProtocolHandler ["http-nio-8080"]
2025-04-11 22:50:33 INFO  o.a.catalina.core.StandardService - Starting service [Tomcat]
2025-04-11 22:50:33 INFO  o.a.catalina.core.StandardEngine - Starting Servlet engine: [Apache Tomcat/10.1.39]
2025-04-11 22:50:33 INFO  o.a.c.c.C.[Tomcat].[localhost].[/] - Initializing Spring embedded WebApplicationContext
2025-04-11 22:50:33 INFO  o.s.b.w.s.c.ServletWebServerApplicationContext - Root WebApplicationContext: initialization completed in 1316 ms
2025-04-11 22:50:33 INFO  org.mongodb.driver.client - MongoClient with metadata {"driver": {"name": "mongo-java-driver|sync|spring-boot", "version": "5.2.1"}, "os": {"type": "Linux", "name": "Linux", "architecture": "amd64", "version": "6.11.0-21-generic"}, "platform": "Java/Oracle Corporation/23.0.2+7-58"} created with settings MongoClientSettings{readPreference=primary, writeConcern=WriteConcern{w=majority, wTimeout=null ms, journal=null}, retryWrites=true, retryReads=true, readConcern=ReadConcern{level=null}, credential=MongoCredential{mechanism=null, userName='dipeshmallapub', source='admin', password=<hidden>, mechanismProperties=<hidden>}, transportSettings=null, commandListeners=[], codecRegistry=ProvidersCodecRegistry{codecProviders=[ValueCodecProvider{}, BsonValueCodecProvider{}, DBRefCodecProvider{}, DBObjectCodecProvider{}, DocumentCodecProvider{}, CollectionCodecProvider{}, IterableCodecProvider{}, MapCodecProvider{}, GeoJsonCodecProvider{}, GridFSFileCodecProvider{}, Jsr310CodecProvider{}, JsonObjectCodecProvider{}, BsonCodecProvider{}, EnumCodecProvider{}, com.mongodb.client.model.mql.ExpressionCodecProvider@66f5b8fe, com.mongodb.Jep395RecordCodecProvider@233f52f8, com.mongodb.KotlinCodecProvider@69ec93c2]}, loggerSettings=LoggerSettings{maxDocumentLength=1000}, clusterSettings={hosts=[127.0.0.1:27017], srvHost=cluster0.6b69sb9.mongodb.net, srvServiceName=mongodb, mode=MULTIPLE, requiredClusterType=REPLICA_SET, requiredReplicaSetName='atlas-kry611-shard-0', serverSelector='null', clusterListeners='[]', serverSelectionTimeout='30000 ms', localThreshold='15 ms'}, socketSettings=SocketSettings{connectTimeoutMS=10000, readTimeoutMS=0, receiveBufferSize=0, proxySettings=ProxySettings{host=null, port=null, username=null, password=null}}, heartbeatSocketSettings=SocketSettings{connectTimeoutMS=10000, readTimeoutMS=10000, receiveBufferSize=0, proxySettings=ProxySettings{host=null, port=null, username=null, password=null}}, connectionPoolSettings=ConnectionPoolSettings{maxSize=100, minSize=0, maxWaitTimeMS=120000, maxConnectionLifeTimeMS=0, maxConnectionIdleTimeMS=0, maintenanceInitialDelayMS=0, maintenanceFrequencyMS=60000, connectionPoolListeners=[], maxConnecting=2}, serverSettings=ServerSettings{heartbeatFrequencyMS=10000, minHeartbeatFrequencyMS=500, serverMonitoringMode=AUTO, serverListeners='[]', serverMonitorListeners='[]'}, sslSettings=SslSettings{enabled=true, invalidHostNameAllowed=false, context=null}, applicationName='null', compressorList=[], uuidRepresentation=JAVA_LEGACY, serverApi=null, autoEncryptionSettings=null, dnsClient=null, inetAddressResolver=null, contextProvider=null, timeoutMS=null}
2025-04-11 22:50:33 INFO  org.mongodb.driver.cluster - Adding discovered server ac-kex050i-shard-00-02.6b69sb9.mongodb.net:27017 to client view of cluster
2025-04-11 22:50:33 INFO  org.mongodb.driver.cluster - Adding discovered server ac-kex050i-shard-00-01.6b69sb9.mongodb.net:27017 to client view of cluster
2025-04-11 22:50:33 INFO  org.mongodb.driver.cluster - Adding discovered server ac-kex050i-shard-00-00.6b69sb9.mongodb.net:27017 to client view of cluster
2025-04-11 22:50:34 INFO  org.mongodb.driver.cluster - Waiting for server to become available for operation with ID 5. Remaining time: 29985 ms. Selector: WritableServerSelector, topology description: {type=REPLICA_SET, servers=[{address=ac-kex050i-shard-00-00.6b69sb9.mongodb.net:27017, type=UNKNOWN, state=CONNECTING}, {address=ac-kex050i-shard-00-02.6b69sb9.mongodb.net:27017, type=UNKNOWN, state=CONNECTING}, {address=ac-kex050i-shard-00-01.6b69sb9.mongodb.net:27017, type=UNKNOWN, state=CONNECTING}].
2025-04-11 22:50:35 INFO  org.mongodb.driver.cluster - Monitor thread successfully connected to server with description ServerDescription{address=ac-kex050i-shard-00-02.6b69sb9.mongodb.net:27017, type=REPLICA_SET_SECONDARY, cryptd=false, state=CONNECTED, ok=true, minWireVersion=0, maxWireVersion=25, maxDocumentSize=16777216, logicalSessionTimeoutMinutes=30, roundTripTimeNanos=731365417, minRoundTripTimeNanos=0, setName='atlas-kry611-shard-0', canonicalAddress=ac-kex050i-shard-00-02.6b69sb9.mongodb.net:27017, hosts=[ac-kex050i-shard-00-02.6b69sb9.mongodb.net:27017, ac-kex050i-shard-00-01.6b69sb9.mongodb.net:27017, ac-kex050i-shard-00-00.6b69sb9.mongodb.net:27017], passives=[], arbiters=[], primary='ac-kex050i-shard-00-01.6b69sb9.mongodb.net:27017', tagSet=TagSet{[Tag{name='availabilityZone', value='aps1-az2'}, Tag{name='diskState', value='READY'}, Tag{name='nodeType', value='ELECTABLE'}, Tag{name='provider', value='AWS'}, Tag{name='region', value='AP_SOUTH_1'}, Tag{name='workloadType', value='OPERATIONAL'}]}, electionId=null, setVersion=1, topologyVersion=TopologyVersion{processId=67f8071076ecedfa7ae465cf, counter=3}, lastWriteDate=Fri Apr 11 22:50:30 GMT+05:45 2025, lastUpdateTimeNanos=25949848507426}
2025-04-11 22:50:35 INFO  org.mongodb.driver.cluster - Monitor thread successfully connected to server with description ServerDescription{address=ac-kex050i-shard-00-01.6b69sb9.mongodb.net:27017, type=REPLICA_SET_PRIMARY, cryptd=false, state=CONNECTED, ok=true, minWireVersion=0, maxWireVersion=25, maxDocumentSize=16777216, logicalSessionTimeoutMinutes=30, roundTripTimeNanos=731472150, minRoundTripTimeNanos=0, setName='atlas-kry611-shard-0', canonicalAddress=ac-kex050i-shard-00-01.6b69sb9.mongodb.net:27017, hosts=[ac-kex050i-shard-00-02.6b69sb9.mongodb.net:27017, ac-kex050i-shard-00-01.6b69sb9.mongodb.net:27017, ac-kex050i-shard-00-00.6b69sb9.mongodb.net:27017], passives=[], arbiters=[], primary='ac-kex050i-shard-00-01.6b69sb9.mongodb.net:27017', tagSet=TagSet{[Tag{name='availabilityZone', value='aps1-az3'}, Tag{name='diskState', value='READY'}, Tag{name='nodeType', value='ELECTABLE'}, Tag{name='provider', value='AWS'}, Tag{name='region', value='AP_SOUTH_1'}, Tag{name='workloadType', value='OPERATIONAL'}]}, electionId=7fffffff0000000000000008, setVersion=1, topologyVersion=TopologyVersion{processId=67f805d9a732000d7e1eebca, counter=6}, lastWriteDate=Fri Apr 11 22:50:30 GMT+05:45 2025, lastUpdateTimeNanos=25949848509278}
2025-04-11 22:50:35 INFO  org.mongodb.driver.cluster - Monitor thread successfully connected to server with description ServerDescription{address=ac-kex050i-shard-00-00.6b69sb9.mongodb.net:27017, type=REPLICA_SET_SECONDARY, cryptd=false, state=CONNECTED, ok=true, minWireVersion=0, maxWireVersion=25, maxDocumentSize=16777216, logicalSessionTimeoutMinutes=30, roundTripTimeNanos=735003423, minRoundTripTimeNanos=0, setName='atlas-kry611-shard-0', canonicalAddress=ac-kex050i-shard-00-00.6b69sb9.mongodb.net:27017, hosts=[ac-kex050i-shard-00-02.6b69sb9.mongodb.net:27017, ac-kex050i-shard-00-01.6b69sb9.mongodb.net:27017, ac-kex050i-shard-00-00.6b69sb9.mongodb.net:27017], passives=[], arbiters=[], primary='ac-kex050i-shard-00-01.6b69sb9.mongodb.net:27017', tagSet=TagSet{[Tag{name='availabilityZone', value='aps1-az1'}, Tag{name='diskState', value='READY'}, Tag{name='nodeType', value='ELECTABLE'}, Tag{name='provider', value='AWS'}, Tag{name='region', value='AP_SOUTH_1'}, Tag{name='workloadType', value='OPERATIONAL'}]}, electionId=null, setVersion=1, topologyVersion=TopologyVersion{processId=67f804b203e54bb139b0df02, counter=4}, lastWriteDate=Fri Apr 11 22:50:30 GMT+05:45 2025, lastUpdateTimeNanos=25949848509452}
2025-04-11 22:50:35 INFO  org.mongodb.driver.cluster - Discovered replica set primary ac-kex050i-shard-00-01.6b69sb9.mongodb.net:27017 with max election id 7fffffff0000000000000008 and max set version 1
2025-04-11 22:50:36 INFO  o.s.s.c.a.a.c.InitializeAuthenticationProviderBeanManagerConfigurer$InitializeAuthenticationProviderManagerConfigurer - Global AuthenticationManager configured with AuthenticationProvider bean with name authenticationProvider
2025-04-11 22:50:36 WARN  o.s.s.c.a.a.c.InitializeUserDetailsBeanManagerConfigurer$InitializeUserDetailsManagerConfigurer - Global AuthenticationManager configured with an AuthenticationProvider bean. UserDetailsService beans will not be used by Spring Security for automatically configuring username/password login. Consider removing the AuthenticationProvider bean. Alternatively, consider using the UserDetailsService in a manually instantiated DaoAuthenticationProvider. If the current configuration is intentional, to turn off this warning, increase the logging level of 'org.springframework.security.config.annotation.authentication.configuration.InitializeUserDetailsBeanManagerConfigurer' to ERROR
2025-04-11 22:50:37 INFO  o.a.coyote.http11.Http11NioProtocol - Starting ProtocolHandler ["http-nio-8080"]
2025-04-11 22:50:37 INFO  o.s.b.w.e.tomcat.TomcatWebServer - Tomcat started on port 8080 (http) with context path '/'
2025-04-11 22:50:37 INFO  m.d.journalApp.JournalAppApplication - Started JournalAppApplication in 5.812 seconds (process running for 6.72)
2025-04-11 22:50:39 INFO  o.a.c.c.C.[Tomcat].[localhost].[/] - Initializing Spring DispatcherServlet 'dispatcherServlet'
2025-04-11 22:50:39 INFO  o.s.web.servlet.DispatcherServlet - Initializing Servlet 'dispatcherServlet'
2025-04-11 22:50:39 INFO  o.s.web.servlet.DispatcherServlet - Completed initialization in 2 ms
2025-04-11 22:52:26 INFO  o.s.b.w.e.tomcat.GracefulShutdown - Commencing graceful shutdown. Waiting for active requests to complete
2025-04-11 22:52:26 INFO  o.s.b.w.e.tomcat.GracefulShutdown - Graceful shutdown complete
2025-04-11 23:35:23 INFO  o.h.validator.internal.util.Version - HV000001: Hibernate Validator 8.0.2.Final
2025-04-11 23:35:23 INFO  m.d.journalApp.JournalAppApplication - Starting JournalAppApplication using Java 23.0.2 with PID 48536 (/home/malle/Project/journalApp/target/classes started by malle in /home/malle/Project/journalApp)
2025-04-11 23:35:23 INFO  m.d.journalApp.JournalAppApplication - The following 1 profile is active: "dev"
2025-04-11 23:35:23 INFO  o.s.d.r.c.RepositoryConfigurationDelegate - Bootstrapping Spring Data MongoDB repositories in DEFAULT mode.
2025-04-11 23:35:23 INFO  o.s.d.r.c.RepositoryConfigurationDelegate - Finished Spring Data repository scanning in 33 ms. Found 2 MongoDB repository interfaces.
2025-04-11 23:35:24 INFO  o.s.b.w.e.tomcat.TomcatWebServer - Tomcat initialized with port 8080 (http)
2025-04-11 23:35:24 INFO  o.a.coyote.http11.Http11NioProtocol - Initializing ProtocolHandler ["http-nio-8080"]
2025-04-11 23:35:24 INFO  o.a.catalina.core.StandardService - Starting service [Tomcat]
2025-04-11 23:35:24 INFO  o.a.catalina.core.StandardEngine - Starting Servlet engine: [Apache Tomcat/10.1.39]
2025-04-11 23:35:24 INFO  o.a.c.c.C.[Tomcat].[localhost].[/] - Initializing Spring embedded WebApplicationContext
2025-04-11 23:35:24 INFO  o.s.b.w.s.c.ServletWebServerApplicationContext - Root WebApplicationContext: initialization completed in 1101 ms
2025-04-11 23:35:24 INFO  org.mongodb.driver.client - MongoClient with metadata {"driver": {"name": "mongo-java-driver|sync|spring-boot", "version": "5.2.1"}, "os": {"type": "Linux", "name": "Linux", "architecture": "amd64", "version": "6.11.0-21-generic"}, "platform": "Java/Oracle Corporation/23.0.2+7-58"} created with settings MongoClientSettings{readPreference=primary, writeConcern=WriteConcern{w=majority, wTimeout=null ms, journal=null}, retryWrites=true, retryReads=true, readConcern=ReadConcern{level=null}, credential=MongoCredential{mechanism=null, userName='dipeshmallapub', source='admin', password=<hidden>, mechanismProperties=<hidden>}, transportSettings=null, commandListeners=[], codecRegistry=ProvidersCodecRegistry{codecProviders=[ValueCodecProvider{}, BsonValueCodecProvider{}, DBRefCodecProvider{}, DBObjectCodecProvider{}, DocumentCodecProvider{}, CollectionCodecProvider{}, IterableCodecProvider{}, MapCodecProvider{}, GeoJsonCodecProvider{}, GridFSFileCodecProvider{}, Jsr310CodecProvider{}, JsonObjectCodecProvider{}, BsonCodecProvider{}, EnumCodecProvider{}, com.mongodb.client.model.mql.ExpressionCodecProvider@3c7b137a, com.mongodb.Jep395RecordCodecProvider@68631b1d, com.mongodb.KotlinCodecProvider@5a48da4f]}, loggerSettings=LoggerSettings{maxDocumentLength=1000}, clusterSettings={hosts=[127.0.0.1:27017], srvHost=cluster0.6b69sb9.mongodb.net, srvServiceName=mongodb, mode=MULTIPLE, requiredClusterType=REPLICA_SET, requiredReplicaSetName='atlas-kry611-shard-0', serverSelector='null', clusterListeners='[]', serverSelectionTimeout='30000 ms', localThreshold='15 ms'}, socketSettings=SocketSettings{connectTimeoutMS=10000, readTimeoutMS=0, receiveBufferSize=0, proxySettings=ProxySettings{host=null, port=null, username=null, password=null}}, heartbeatSocketSettings=SocketSettings{connectTimeoutMS=10000, readTimeoutMS=10000, receiveBufferSize=0, proxySettings=ProxySettings{host=null, port=null, username=null, password=null}}, connectionPoolSettings=ConnectionPoolSettings{maxSize=100, minSize=0, maxWaitTimeMS=120000, maxConnectionLifeTimeMS=0, maxConnectionIdleTimeMS=0, maintenanceInitialDelayMS=0, maintenanceFrequencyMS=60000, connectionPoolListeners=[], maxConnecting=2}, serverSettings=ServerSettings{heartbeatFrequencyMS=10000, minHeartbeatFrequencyMS=500, serverMonitoringMode=AUTO, serverListeners='[]', serverMonitorListeners='[]'}, sslSettings=SslSettings{enabled=true, invalidHostNameAllowed=false, context=null}, applicationName='null', compressorList=[], uuidRepresentation=JAVA_LEGACY, serverApi=null, autoEncryptionSettings=null, dnsClient=null, inetAddressResolver=null, contextProvider=null, timeoutMS=null}
2025-04-11 23:35:24 INFO  org.mongodb.driver.cluster - Adding discovered server ac-kex050i-shard-00-02.6b69sb9.mongodb.net:27017 to client view of cluster
2025-04-11 23:35:24 INFO  org.mongodb.driver.cluster - Adding discovered server ac-kex050i-shard-00-00.6b69sb9.mongodb.net:27017 to client view of cluster
2025-04-11 23:35:24 INFO  org.mongodb.driver.cluster - Adding discovered server ac-kex050i-shard-00-01.6b69sb9.mongodb.net:27017 to client view of cluster
2025-04-11 23:35:25 INFO  org.mongodb.driver.cluster - Waiting for server to become available for operation with ID 5. Remaining time: 29983 ms. Selector: WritableServerSelector, topology description: {type=REPLICA_SET, servers=[{address=ac-kex050i-shard-00-00.6b69sb9.mongodb.net:27017, type=UNKNOWN, state=CONNECTING}, {address=ac-kex050i-shard-00-02.6b69sb9.mongodb.net:27017, type=UNKNOWN, state=CONNECTING}, {address=ac-kex050i-shard-00-01.6b69sb9.mongodb.net:27017, type=UNKNOWN, state=CONNECTING}].
2025-04-11 23:35:25 INFO  org.mongodb.driver.cluster - Monitor thread successfully connected to server with description ServerDescription{address=ac-kex050i-shard-00-01.6b69sb9.mongodb.net:27017, type=REPLICA_SET_PRIMARY, cryptd=false, state=CONNECTED, ok=true, minWireVersion=0, maxWireVersion=25, maxDocumentSize=16777216, logicalSessionTimeoutMinutes=30, roundTripTimeNanos=443689645, minRoundTripTimeNanos=0, setName='atlas-kry611-shard-0', canonicalAddress=ac-kex050i-shard-00-01.6b69sb9.mongodb.net:27017, hosts=[ac-kex050i-shard-00-02.6b69sb9.mongodb.net:27017, ac-kex050i-shard-00-01.6b69sb9.mongodb.net:27017, ac-kex050i-shard-00-00.6b69sb9.mongodb.net:27017], passives=[], arbiters=[], primary='ac-kex050i-shard-00-01.6b69sb9.mongodb.net:27017', tagSet=TagSet{[Tag{name='availabilityZone', value='aps1-az3'}, Tag{name='diskState', value='READY'}, Tag{name='nodeType', value='ELECTABLE'}, Tag{name='provider', value='AWS'}, Tag{name='region', value='AP_SOUTH_1'}, Tag{name='workloadType', value='OPERATIONAL'}]}, electionId=7fffffff0000000000000008, setVersion=1, topologyVersion=TopologyVersion{processId=67f805d9a732000d7e1eebca, counter=6}, lastWriteDate=Fri Apr 11 23:35:14 GMT+05:45 2025, lastUpdateTimeNanos=28640294074832}
2025-04-11 23:35:25 INFO  org.mongodb.driver.cluster - Monitor thread successfully connected to server with description ServerDescription{address=ac-kex050i-shard-00-00.6b69sb9.mongodb.net:27017, type=REPLICA_SET_SECONDARY, cryptd=false, state=CONNECTED, ok=true, minWireVersion=0, maxWireVersion=25, maxDocumentSize=16777216, logicalSessionTimeoutMinutes=30, roundTripTimeNanos=443684453, minRoundTripTimeNanos=0, setName='atlas-kry611-shard-0', canonicalAddress=ac-kex050i-shard-00-00.6b69sb9.mongodb.net:27017, hosts=[ac-kex050i-shard-00-02.6b69sb9.mongodb.net:27017, ac-kex050i-shard-00-01.6b69sb9.mongodb.net:27017, ac-kex050i-shard-00-00.6b69sb9.mongodb.net:27017], passives=[], arbiters=[], primary='ac-kex050i-shard-00-01.6b69sb9.mongodb.net:27017', tagSet=TagSet{[Tag{name='availabilityZone', value='aps1-az1'}, Tag{name='diskState', value='READY'}, Tag{name='nodeType', value='ELECTABLE'}, Tag{name='provider', value='AWS'}, Tag{name='region', value='AP_SOUTH_1'}, Tag{name='workloadType', value='OPERATIONAL'}]}, electionId=null, setVersion=1, topologyVersion=TopologyVersion{processId=67f804b203e54bb139b0df02, counter=4}, lastWriteDate=Fri Apr 11 23:35:14 GMT+05:45 2025, lastUpdateTimeNanos=28640294074678}
2025-04-11 23:35:25 INFO  org.mongodb.driver.cluster - Monitor thread successfully connected to server with description ServerDescription{address=ac-kex050i-shard-00-02.6b69sb9.mongodb.net:27017, type=REPLICA_SET_SECONDARY, cryptd=false, state=CONNECTED, ok=true, minWireVersion=0, maxWireVersion=25, maxDocumentSize=16777216, logicalSessionTimeoutMinutes=30, roundTripTimeNanos=443694561, minRoundTripTimeNanos=0, setName='atlas-kry611-shard-0', canonicalAddress=ac-kex050i-shard-00-02.6b69sb9.mongodb.net:27017, hosts=[ac-kex050i-shard-00-02.6b69sb9.mongodb.net:27017, ac-kex050i-shard-00-01.6b69sb9.mongodb.net:27017, ac-kex050i-shard-00-00.6b69sb9.mongodb.net:27017], passives=[], arbiters=[], primary='ac-kex050i-shard-00-01.6b69sb9.mongodb.net:27017', tagSet=TagSet{[Tag{name='availabilityZone', value='aps1-az2'}, Tag{name='diskState', value='READY'}, Tag{name='nodeType', value='ELECTABLE'}, Tag{name='provider', value='AWS'}, Tag{name='region', value='AP_SOUTH_1'}, Tag{name='workloadType', value='OPERATIONAL'}]}, electionId=null, setVersion=1, topologyVersion=TopologyVersion{processId=67f8071076ecedfa7ae465cf, counter=3}, lastWriteDate=Fri Apr 11 23:35:14 GMT+05:45 2025, lastUpdateTimeNanos=28640294074927}
2025-04-11 23:35:25 INFO  org.mongodb.driver.cluster - Discovered replica set primary ac-kex050i-shard-00-01.6b69sb9.mongodb.net:27017 with max election id 7fffffff0000000000000008 and max set version 1
2025-04-11 23:35:26 INFO  o.s.s.c.a.a.c.InitializeAuthenticationProviderBeanManagerConfigurer$InitializeAuthenticationProviderManagerConfigurer - Global AuthenticationManager configured with AuthenticationProvider bean with name authenticationProvider
2025-04-11 23:35:26 WARN  o.s.s.c.a.a.c.InitializeUserDetailsBeanManagerConfigurer$InitializeUserDetailsManagerConfigurer - Global AuthenticationManager configured with an AuthenticationProvider bean. UserDetailsService beans will not be used by Spring Security for automatically configuring username/password login. Consider removing the AuthenticationProvider bean. Alternatively, consider using the UserDetailsService in a manually instantiated DaoAuthenticationProvider. If the current configuration is intentional, to turn off this warning, increase the logging level of 'org.springframework.security.config.annotation.authentication.configuration.InitializeUserDetailsBeanManagerConfigurer' to ERROR
2025-04-11 23:35:27 INFO  o.a.coyote.http11.Http11NioProtocol - Starting ProtocolHandler ["http-nio-8080"]
2025-04-11 23:35:27 INFO  o.s.b.w.e.tomcat.TomcatWebServer - Tomcat started on port 8080 (http) with context path '/'
2025-04-11 23:35:27 INFO  m.d.journalApp.JournalAppApplication - Started JournalAppApplication in 4.409 seconds (process running for 5.301)
2025-04-11 23:35:49 INFO  o.a.c.c.C.[Tomcat].[localhost].[/] - Initializing Spring DispatcherServlet 'dispatcherServlet'
2025-04-11 23:35:49 INFO  o.s.web.servlet.DispatcherServlet - Initializing Servlet 'dispatcherServlet'
2025-04-11 23:35:49 INFO  o.s.web.servlet.DispatcherServlet - Completed initialization in 2 ms
2025-04-11 23:39:58 INFO  org.mongodb.driver.cluster - Exception in monitor thread while connecting to server ac-kex050i-shard-00-00.6b69sb9.mongodb.net:27017
com.mongodb.MongoSocketReadException: Prematurely reached end of stream
	at com.mongodb.internal.connection.SocketStream.read(SocketStream.java:184)
	at com.mongodb.internal.connection.InternalStreamConnection.receiveResponseBuffers(InternalStreamConnection.java:829)
	at com.mongodb.internal.connection.InternalStreamConnection.receiveCommandMessageResponse(InternalStreamConnection.java:517)
	at com.mongodb.internal.connection.InternalStreamConnection.receive(InternalStreamConnection.java:469)
	at com.mongodb.internal.connection.DefaultServerMonitor$ServerMonitor.lookupServerDescription(DefaultServerMonitor.java:249)
	at com.mongodb.internal.connection.DefaultServerMonitor$ServerMonitor.run(DefaultServerMonitor.java:176)
2025-04-11 23:39:58 INFO  org.mongodb.driver.cluster - Exception in monitor thread while connecting to server ac-kex050i-shard-00-00.6b69sb9.mongodb.net:27017
com.mongodb.MongoSocketOpenException: Exception opening socket
	at com.mongodb.internal.connection.SocketStream.lambda$open$0(SocketStream.java:85)
	at java.base/java.util.Optional.orElseThrow(Optional.java:403)
	at com.mongodb.internal.connection.SocketStream.open(SocketStream.java:85)
	at com.mongodb.internal.connection.InternalStreamConnection.open(InternalStreamConnection.java:233)
	at com.mongodb.internal.connection.DefaultServerMonitor$ServerMonitor.lookupServerDescription(DefaultServerMonitor.java:219)
	at com.mongodb.internal.connection.DefaultServerMonitor$ServerMonitor.run(DefaultServerMonitor.java:176)
Caused by: java.net.ConnectException: Connection refused
	at java.base/sun.nio.ch.Net.pollConnect(Native Method)
	at java.base/sun.nio.ch.Net.pollConnectNow(Net.java:682)
	at java.base/sun.nio.ch.NioSocketImpl.timedFinishConnect(NioSocketImpl.java:549)
	at java.base/sun.nio.ch.NioSocketImpl.connect(NioSocketImpl.java:592)
	at java.base/java.net.SocksSocketImpl.connect(SocksSocketImpl.java:327)
	at java.base/java.net.Socket.connect(Socket.java:760)
	at java.base/sun.security.ssl.SSLSocketImpl.connect(SSLSocketImpl.java:304)
	at com.mongodb.internal.connection.SocketStreamHelper.initialize(SocketStreamHelper.java:76)
	at com.mongodb.internal.connection.SocketStream.initializeSocket(SocketStream.java:104)
	at com.mongodb.internal.connection.SocketStream.open(SocketStream.java:79)
	... 3 common frames omitted
2025-04-11 23:41:36 INFO  o.s.b.w.e.tomcat.GracefulShutdown - Commencing graceful shutdown. Waiting for active requests to complete
2025-04-11 23:41:36 INFO  o.s.b.w.e.tomcat.GracefulShutdown - Graceful shutdown complete
2025-04-11 23:41:43 INFO  o.h.validator.internal.util.Version - HV000001: Hibernate Validator 8.0.2.Final
2025-04-11 23:41:43 INFO  m.d.journalApp.JournalAppApplication - Starting JournalAppApplication using Java 23.0.2 with PID 49148 (/home/malle/Project/journalApp/target/classes started by malle in /home/malle/Project/journalApp)
2025-04-11 23:41:43 INFO  m.d.journalApp.JournalAppApplication - The following 1 profile is active: "dev"
2025-04-11 23:41:44 INFO  o.s.d.r.c.RepositoryConfigurationDelegate - Bootstrapping Spring Data MongoDB repositories in DEFAULT mode.
2025-04-11 23:41:44 INFO  o.s.d.r.c.RepositoryConfigurationDelegate - Finished Spring Data repository scanning in 46 ms. Found 2 MongoDB repository interfaces.
2025-04-11 23:41:45 INFO  o.s.b.w.e.tomcat.TomcatWebServer - Tomcat initialized with port 8080 (http)
2025-04-11 23:41:45 INFO  o.a.coyote.http11.Http11NioProtocol - Initializing ProtocolHandler ["http-nio-8080"]
2025-04-11 23:41:45 INFO  o.a.catalina.core.StandardService - Starting service [Tomcat]
2025-04-11 23:41:45 INFO  o.a.catalina.core.StandardEngine - Starting Servlet engine: [Apache Tomcat/10.1.39]
2025-04-11 23:41:45 INFO  o.a.c.c.C.[Tomcat].[localhost].[/] - Initializing Spring embedded WebApplicationContext
2025-04-11 23:41:45 INFO  o.s.b.w.s.c.ServletWebServerApplicationContext - Root WebApplicationContext: initialization completed in 1588 ms
2025-04-11 23:41:45 INFO  org.mongodb.driver.client - MongoClient with metadata {"driver": {"name": "mongo-java-driver|sync|spring-boot", "version": "5.2.1"}, "os": {"type": "Linux", "name": "Linux", "architecture": "amd64", "version": "6.11.0-21-generic"}, "platform": "Java/Oracle Corporation/23.0.2+7-58"} created with settings MongoClientSettings{readPreference=primary, writeConcern=WriteConcern{w=majority, wTimeout=null ms, journal=null}, retryWrites=true, retryReads=true, readConcern=ReadConcern{level=null}, credential=MongoCredential{mechanism=null, userName='dipeshmallapub', source='admin', password=<hidden>, mechanismProperties=<hidden>}, transportSettings=null, commandListeners=[], codecRegistry=ProvidersCodecRegistry{codecProviders=[ValueCodecProvider{}, BsonValueCodecProvider{}, DBRefCodecProvider{}, DBObjectCodecProvider{}, DocumentCodecProvider{}, CollectionCodecProvider{}, IterableCodecProvider{}, MapCodecProvider{}, GeoJsonCodecProvider{}, GridFSFileCodecProvider{}, Jsr310CodecProvider{}, JsonObjectCodecProvider{}, BsonCodecProvider{}, EnumCodecProvider{}, com.mongodb.client.model.mql.ExpressionCodecProvider@353e6389, com.mongodb.Jep395RecordCodecProvider@15e8f9b2, com.mongodb.KotlinCodecProvider@7a65c995]}, loggerSettings=LoggerSettings{maxDocumentLength=1000}, clusterSettings={hosts=[127.0.0.1:27017], srvHost=cluster0.6b69sb9.mongodb.net, srvServiceName=mongodb, mode=MULTIPLE, requiredClusterType=REPLICA_SET, requiredReplicaSetName='atlas-kry611-shard-0', serverSelector='null', clusterListeners='[]', serverSelectionTimeout='30000 ms', localThreshold='15 ms'}, socketSettings=SocketSettings{connectTimeoutMS=10000, readTimeoutMS=0, receiveBufferSize=0, proxySettings=ProxySettings{host=null, port=null, username=null, password=null}}, heartbeatSocketSettings=SocketSettings{connectTimeoutMS=10000, readTimeoutMS=10000, receiveBufferSize=0, proxySettings=ProxySettings{host=null, port=null, username=null, password=null}}, connectionPoolSettings=ConnectionPoolSettings{maxSize=100, minSize=0, maxWaitTimeMS=120000, maxConnectionLifeTimeMS=0, maxConnectionIdleTimeMS=0, maintenanceInitialDelayMS=0, maintenanceFrequencyMS=60000, connectionPoolListeners=[], maxConnecting=2}, serverSettings=ServerSettings{heartbeatFrequencyMS=10000, minHeartbeatFrequencyMS=500, serverMonitoringMode=AUTO, serverListeners='[]', serverMonitorListeners='[]'}, sslSettings=SslSettings{enabled=true, invalidHostNameAllowed=false, context=null}, applicationName='null', compressorList=[], uuidRepresentation=JAVA_LEGACY, serverApi=null, autoEncryptionSettings=null, dnsClient=null, inetAddressResolver=null, contextProvider=null, timeoutMS=null}
2025-04-11 23:41:46 INFO  org.mongodb.driver.cluster - Adding discovered server ac-kex050i-shard-00-02.6b69sb9.mongodb.net:27017 to client view of cluster
2025-04-11 23:41:46 INFO  org.mongodb.driver.cluster - Adding discovered server ac-kex050i-shard-00-01.6b69sb9.mongodb.net:27017 to client view of cluster
2025-04-11 23:41:46 INFO  org.mongodb.driver.cluster - Adding discovered server ac-kex050i-shard-00-00.6b69sb9.mongodb.net:27017 to client view of cluster
2025-04-11 23:41:46 INFO  org.mongodb.driver.cluster - Waiting for server to become available for operation with ID 5. Remaining time: 29992 ms. Selector: WritableServerSelector, topology description: {type=REPLICA_SET, servers=[{address=ac-kex050i-shard-00-00.6b69sb9.mongodb.net:27017, type=UNKNOWN, state=CONNECTING}, {address=ac-kex050i-shard-00-02.6b69sb9.mongodb.net:27017, type=UNKNOWN, state=CONNECTING}, {address=ac-kex050i-shard-00-01.6b69sb9.mongodb.net:27017, type=UNKNOWN, state=CONNECTING}].
2025-04-11 23:41:46 INFO  org.mongodb.driver.cluster - Exception in monitor thread while connecting to server ac-kex050i-shard-00-00.6b69sb9.mongodb.net:27017
com.mongodb.MongoSocketOpenException: Exception opening socket
	at com.mongodb.internal.connection.SocketStream.lambda$open$0(SocketStream.java:85)
	at java.base/java.util.Optional.orElseThrow(Optional.java:403)
	at com.mongodb.internal.connection.SocketStream.open(SocketStream.java:85)
	at com.mongodb.internal.connection.InternalStreamConnection.open(InternalStreamConnection.java:233)
	at com.mongodb.internal.connection.DefaultServerMonitor$ServerMonitor.lookupServerDescription(DefaultServerMonitor.java:219)
	at com.mongodb.internal.connection.DefaultServerMonitor$ServerMonitor.run(DefaultServerMonitor.java:176)
Caused by: java.net.ConnectException: Connection refused
	at java.base/sun.nio.ch.Net.pollConnect(Native Method)
	at java.base/sun.nio.ch.Net.pollConnectNow(Net.java:682)
	at java.base/sun.nio.ch.NioSocketImpl.timedFinishConnect(NioSocketImpl.java:549)
	at java.base/sun.nio.ch.NioSocketImpl.connect(NioSocketImpl.java:592)
	at java.base/java.net.SocksSocketImpl.connect(SocksSocketImpl.java:327)
	at java.base/java.net.Socket.connect(Socket.java:760)
	at java.base/sun.security.ssl.SSLSocketImpl.connect(SSLSocketImpl.java:304)
	at com.mongodb.internal.connection.SocketStreamHelper.initialize(SocketStreamHelper.java:76)
	at com.mongodb.internal.connection.SocketStream.initializeSocket(SocketStream.java:104)
	at com.mongodb.internal.connection.SocketStream.open(SocketStream.java:79)
	... 3 common frames omitted
2025-04-11 23:41:47 INFO  org.mongodb.driver.cluster - Monitor thread successfully connected to server with description ServerDescription{address=ac-kex050i-shard-00-01.6b69sb9.mongodb.net:27017, type=REPLICA_SET_PRIMARY, cryptd=false, state=CONNECTED, ok=true, minWireVersion=0, maxWireVersion=25, maxDocumentSize=16777216, logicalSessionTimeoutMinutes=30, roundTripTimeNanos=528942680, minRoundTripTimeNanos=0, setName='atlas-kry611-shard-0', canonicalAddress=ac-kex050i-shard-00-01.6b69sb9.mongodb.net:27017, hosts=[ac-kex050i-shard-00-02.6b69sb9.mongodb.net:27017, ac-kex050i-shard-00-01.6b69sb9.mongodb.net:27017, ac-kex050i-shard-00-00.6b69sb9.mongodb.net:27017], passives=[], arbiters=[], primary='ac-kex050i-shard-00-01.6b69sb9.mongodb.net:27017', tagSet=TagSet{[Tag{name='availabilityZone', value='aps1-az3'}, Tag{name='diskState', value='READY'}, Tag{name='nodeType', value='ELECTABLE'}, Tag{name='provider', value='AWS'}, Tag{name='region', value='AP_SOUTH_1'}, Tag{name='workloadType', value='OPERATIONAL'}]}, electionId=7fffffff0000000000000008, setVersion=1, topologyVersion=TopologyVersion{processId=67f805d9a732000d7e1eebca, counter=6}, lastWriteDate=Fri Apr 11 23:41:40 GMT+05:45 2025, lastUpdateTimeNanos=29021443175463}
2025-04-11 23:41:47 INFO  org.mongodb.driver.cluster - Monitor thread successfully connected to server with description ServerDescription{address=ac-kex050i-shard-00-02.6b69sb9.mongodb.net:27017, type=REPLICA_SET_SECONDARY, cryptd=false, state=CONNECTED, ok=true, minWireVersion=0, maxWireVersion=25, maxDocumentSize=16777216, logicalSessionTimeoutMinutes=30, roundTripTimeNanos=528945416, minRoundTripTimeNanos=0, setName='atlas-kry611-shard-0', canonicalAddress=ac-kex050i-shard-00-02.6b69sb9.mongodb.net:27017, hosts=[ac-kex050i-shard-00-02.6b69sb9.mongodb.net:27017, ac-kex050i-shard-00-01.6b69sb9.mongodb.net:27017, ac-kex050i-shard-00-00.6b69sb9.mongodb.net:27017], passives=[], arbiters=[], primary='ac-kex050i-shard-00-01.6b69sb9.mongodb.net:27017', tagSet=TagSet{[Tag{name='availabilityZone', value='aps1-az2'}, Tag{name='diskState', value='READY'}, Tag{name='nodeType', value='ELECTABLE'}, Tag{name='provider', value='AWS'}, Tag{name='region', value='AP_SOUTH_1'}, Tag{name='workloadType', value='OPERATIONAL'}]}, electionId=null, setVersion=1, topologyVersion=TopologyVersion{processId=67f8071076ecedfa7ae465cf, counter=3}, lastWriteDate=Fri Apr 11 23:41:40 GMT+05:45 2025, lastUpdateTimeNanos=29021443176027}
2025-04-11 23:41:47 INFO  org.mongodb.driver.cluster - Discovered replica set primary ac-kex050i-shard-00-01.6b69sb9.mongodb.net:27017 with max election id 7fffffff0000000000000008 and max set version 1
2025-04-11 23:41:47 INFO  o.s.s.c.a.a.c.InitializeAuthenticationProviderBeanManagerConfigurer$InitializeAuthenticationProviderManagerConfigurer - Global AuthenticationManager configured with AuthenticationProvider bean with name authenticationProvider
2025-04-11 23:41:47 WARN  o.s.s.c.a.a.c.InitializeUserDetailsBeanManagerConfigurer$InitializeUserDetailsManagerConfigurer - Global AuthenticationManager configured with an AuthenticationProvider bean. UserDetailsService beans will not be used by Spring Security for automatically configuring username/password login. Consider removing the AuthenticationProvider bean. Alternatively, consider using the UserDetailsService in a manually instantiated DaoAuthenticationProvider. If the current configuration is intentional, to turn off this warning, increase the logging level of 'org.springframework.security.config.annotation.authentication.configuration.InitializeUserDetailsBeanManagerConfigurer' to ERROR
2025-04-11 23:41:48 INFO  o.a.coyote.http11.Http11NioProtocol - Starting ProtocolHandler ["http-nio-8080"]
2025-04-11 23:41:48 INFO  o.s.b.w.e.tomcat.TomcatWebServer - Tomcat started on port 8080 (http) with context path '/'
2025-04-11 23:41:48 INFO  m.d.journalApp.JournalAppApplication - Started JournalAppApplication in 5.374 seconds (process running for 6.524)
2025-04-11 23:41:57 INFO  org.mongodb.driver.cluster - Monitor thread successfully connected to server with description ServerDescription{address=ac-kex050i-shard-00-00.6b69sb9.mongodb.net:27017, type=REPLICA_SET_SECONDARY, cryptd=false, state=CONNECTED, ok=true, minWireVersion=0, maxWireVersion=25, maxDocumentSize=16777216, logicalSessionTimeoutMinutes=30, roundTripTimeNanos=213994100, minRoundTripTimeNanos=0, setName='atlas-kry611-shard-0', canonicalAddress=ac-kex050i-shard-00-00.6b69sb9.mongodb.net:27017, hosts=[ac-kex050i-shard-00-02.6b69sb9.mongodb.net:27017, ac-kex050i-shard-00-01.6b69sb9.mongodb.net:27017, ac-kex050i-shard-00-00.6b69sb9.mongodb.net:27017], passives=[], arbiters=[], primary='ac-kex050i-shard-00-01.6b69sb9.mongodb.net:27017', tagSet=TagSet{[Tag{name='availabilityZone', value='aps1-az1'}, Tag{name='diskState', value='READY'}, Tag{name='nodeType', value='ELECTABLE'}, Tag{name='provider', value='AWS'}, Tag{name='region', value='AP_SOUTH_1'}, Tag{name='workloadType', value='OPERATIONAL'}]}, electionId=null, setVersion=1, topologyVersion=TopologyVersion{processId=67f957c96e7bebcebef83be4, counter=3}, lastWriteDate=Fri Apr 11 23:41:50 GMT+05:45 2025, lastUpdateTimeNanos=29032173694056}
2025-04-11 23:44:15 INFO  org.mongodb.driver.cluster - Exception in monitor thread while connecting to server ac-kex050i-shard-00-02.6b69sb9.mongodb.net:27017
com.mongodb.MongoNodeIsRecoveringException: Command failed with error 91 (ShutdownInProgress): 'The server is in quiesce mode and will shut down' on server ac-kex050i-shard-00-02.6b69sb9.mongodb.net:27017. The full response is {"topologyVersion": {"processId": {"$oid": "67f8071076ecedfa7ae465cf"}, "counter": 4}, "ok": 0.0, "errmsg": "The server is in quiesce mode and will shut down", "code": 91, "codeName": "ShutdownInProgress", "remainingQuiesceTimeMillis": 14998, "$clusterTime": {"clusterTime": {"$timestamp": {"t": 1744394350, "i": 1}}, "signature": {"hash": {"$binary": {"base64": "q7uHRVhPMH2plH5iVZ9FFi7VALQ=", "subType": "00"}}, "keyId": 7489744569844629509}}, "operationTime": {"$timestamp": {"t": 1744394350, "i": 1}}}
	at com.mongodb.internal.connection.ProtocolHelper.createSpecialException(ProtocolHelper.java:264)
	at com.mongodb.internal.connection.ProtocolHelper.getCommandFailureException(ProtocolHelper.java:206)
	at com.mongodb.internal.connection.InternalStreamConnection.receiveCommandMessageResponse(InternalStreamConnection.java:520)
	at com.mongodb.internal.connection.InternalStreamConnection.receive(InternalStreamConnection.java:469)
	at com.mongodb.internal.connection.DefaultServerMonitor$ServerMonitor.lookupServerDescription(DefaultServerMonitor.java:249)
	at com.mongodb.internal.connection.DefaultServerMonitor$ServerMonitor.run(DefaultServerMonitor.java:176)
2025-04-11 23:44:35 INFO  org.mongodb.driver.cluster - Exception in monitor thread while connecting to server ac-kex050i-shard-00-02.6b69sb9.mongodb.net:27017
com.mongodb.MongoSocketReadTimeoutException: Timeout while receiving message
	at com.mongodb.internal.connection.InternalStreamConnection.createReadTimeoutException(InternalStreamConnection.java:824)
	at com.mongodb.internal.connection.InternalStreamConnection.translateReadException(InternalStreamConnection.java:812)
	at com.mongodb.internal.connection.InternalStreamConnection.receiveResponseBuffers(InternalStreamConnection.java:862)
	at com.mongodb.internal.connection.InternalStreamConnection.receiveCommandMessageResponse(InternalStreamConnection.java:517)
	at com.mongodb.internal.connection.InternalStreamConnection.sendAndReceiveInternal(InternalStreamConnection.java:448)
	at com.mongodb.internal.connection.InternalStreamConnection.lambda$sendAndReceive$0(InternalStreamConnection.java:375)
	at com.mongodb.internal.connection.InternalStreamConnection.sendAndReceive(InternalStreamConnection.java:378)
	at com.mongodb.internal.connection.CommandHelper.sendAndReceive(CommandHelper.java:100)
	at com.mongodb.internal.connection.CommandHelper.executeCommand(CommandHelper.java:49)
	at com.mongodb.internal.connection.InternalStreamConnectionInitializer.initializeConnectionDescription(InternalStreamConnectionInitializer.java:144)
	at com.mongodb.internal.connection.InternalStreamConnectionInitializer.startHandshake(InternalStreamConnectionInitializer.java:79)
	at com.mongodb.internal.connection.InternalStreamConnection.open(InternalStreamConnection.java:235)
	at com.mongodb.internal.connection.DefaultServerMonitor$ServerMonitor.lookupServerDescription(DefaultServerMonitor.java:219)
	at com.mongodb.internal.connection.DefaultServerMonitor$ServerMonitor.run(DefaultServerMonitor.java:176)
Caused by: java.net.SocketTimeoutException: Read timed out
	at java.base/sun.nio.ch.NioSocketImpl.timedRead(NioSocketImpl.java:278)
	at java.base/sun.nio.ch.NioSocketImpl.implRead(NioSocketImpl.java:304)
	at java.base/sun.nio.ch.NioSocketImpl.read(NioSocketImpl.java:346)
	at java.base/sun.nio.ch.NioSocketImpl$1.read(NioSocketImpl.java:796)
	at java.base/java.net.Socket$SocketInputStream.implRead(Socket.java:1116)
	at java.base/java.net.Socket$SocketInputStream.read(Socket.java:1103)
	at java.base/sun.security.ssl.SSLSocketInputRecord.read(SSLSocketInputRecord.java:489)
	at java.base/sun.security.ssl.SSLSocketInputRecord.readHeader(SSLSocketInputRecord.java:483)
	at java.base/sun.security.ssl.SSLSocketInputRecord.bytesInCompletePacket(SSLSocketInputRecord.java:70)
	at java.base/sun.security.ssl.SSLSocketImpl.readApplicationRecord(SSLSocketImpl.java:1462)
	at java.base/sun.security.ssl.SSLSocketImpl$AppInputStream.read(SSLSocketImpl.java:1068)
	at com.mongodb.internal.connection.SocketStream.read(SocketStream.java:182)
	at com.mongodb.internal.connection.InternalStreamConnection.receiveResponseBuffers(InternalStreamConnection.java:829)
	... 11 common frames omitted
2025-04-11 23:46:36 INFO  org.mongodb.driver.cluster - Exception in monitor thread while connecting to server ac-kex050i-shard-00-02.6b69sb9.mongodb.net:27017
com.mongodb.MongoSocketOpenException: Exception opening socket
	at com.mongodb.internal.connection.SocketStream.lambda$open$0(SocketStream.java:85)
	at java.base/java.util.Optional.orElseThrow(Optional.java:403)
	at com.mongodb.internal.connection.SocketStream.open(SocketStream.java:85)
	at com.mongodb.internal.connection.InternalStreamConnection.open(InternalStreamConnection.java:233)
	at com.mongodb.internal.connection.DefaultServerMonitor$ServerMonitor.lookupServerDescription(DefaultServerMonitor.java:219)
	at com.mongodb.internal.connection.DefaultServerMonitor$ServerMonitor.run(DefaultServerMonitor.java:176)
Caused by: java.net.SocketTimeoutException: Connect timed out
	at java.base/sun.nio.ch.NioSocketImpl.timedFinishConnect(NioSocketImpl.java:546)
	at java.base/sun.nio.ch.NioSocketImpl.connect(NioSocketImpl.java:592)
	at java.base/java.net.SocksSocketImpl.connect(SocksSocketImpl.java:327)
	at java.base/java.net.Socket.connect(Socket.java:760)
	at java.base/sun.security.ssl.SSLSocketImpl.connect(SSLSocketImpl.java:304)
	at com.mongodb.internal.connection.SocketStreamHelper.initialize(SocketStreamHelper.java:76)
	at com.mongodb.internal.connection.SocketStream.initializeSocket(SocketStream.java:104)
	at com.mongodb.internal.connection.SocketStream.open(SocketStream.java:79)
	... 3 common frames omitted
2025-04-11 23:48:08 INFO  org.mongodb.driver.cluster - Monitor thread successfully connected to server with description ServerDescription{address=ac-kex050i-shard-00-02.6b69sb9.mongodb.net:27017, type=REPLICA_SET_SECONDARY, cryptd=false, state=CONNECTED, ok=true, minWireVersion=0, maxWireVersion=25, maxDocumentSize=16777216, logicalSessionTimeoutMinutes=30, roundTripTimeNanos=1786824636, minRoundTripTimeNanos=0, setName='atlas-kry611-shard-0', canonicalAddress=ac-kex050i-shard-00-02.6b69sb9.mongodb.net:27017, hosts=[ac-kex050i-shard-00-02.6b69sb9.mongodb.net:27017, ac-kex050i-shard-00-01.6b69sb9.mongodb.net:27017, ac-kex050i-shard-00-00.6b69sb9.mongodb.net:27017], passives=[], arbiters=[], primary='ac-kex050i-shard-00-01.6b69sb9.mongodb.net:27017', tagSet=TagSet{[Tag{name='availabilityZone', value='aps1-az2'}, Tag{name='diskState', value='READY'}, Tag{name='nodeType', value='ELECTABLE'}, Tag{name='provider', value='AWS'}, Tag{name='region', value='AP_SOUTH_1'}, Tag{name='workloadType', value='OPERATIONAL'}]}, electionId=null, setVersion=1, topologyVersion=TopologyVersion{processId=67f95943868877c2c3e82ebb, counter=3}, lastWriteDate=Fri Apr 11 23:47:57 GMT+05:45 2025, lastUpdateTimeNanos=29403191138026}
2025-04-11 23:50:00 INFO  org.mongodb.driver.cluster - Monitor thread successfully connected to server with description ServerDescription{address=ac-kex050i-shard-00-01.6b69sb9.mongodb.net:27017, type=REPLICA_SET_OTHER, cryptd=false, state=CONNECTED, ok=true, minWireVersion=0, maxWireVersion=25, maxDocumentSize=16777216, logicalSessionTimeoutMinutes=30, roundTripTimeNanos=72333155, minRoundTripTimeNanos=44800462, setName='atlas-kry611-shard-0', canonicalAddress=ac-kex050i-shard-00-01.6b69sb9.mongodb.net:27017, hosts=[ac-kex050i-shard-00-02.6b69sb9.mongodb.net:27017, ac-kex050i-shard-00-01.6b69sb9.mongodb.net:27017, ac-kex050i-shard-00-00.6b69sb9.mongodb.net:27017], passives=[], arbiters=[], primary='ac-kex050i-shard-00-01.6b69sb9.mongodb.net:27017', tagSet=TagSet{[Tag{name='availabilityZone', value='aps1-az3'}, Tag{name='diskState', value='READY'}, Tag{name='nodeType', value='ELECTABLE'}, Tag{name='provider', value='AWS'}, Tag{name='region', value='AP_SOUTH_1'}, Tag{name='workloadType', value='OPERATIONAL'}]}, electionId=7fffffff0000000000000008, setVersion=1, topologyVersion=TopologyVersion{processId=67f805d9a732000d7e1eebca, counter=7}, lastWriteDate=Fri Apr 11 23:49:56 GMT+05:45 2025, lastUpdateTimeNanos=29514607077513}
2025-04-11 23:50:00 INFO  org.mongodb.driver.cluster - Monitor thread successfully connected to server with description ServerDescription{address=ac-kex050i-shard-00-01.6b69sb9.mongodb.net:27017, type=REPLICA_SET_SECONDARY, cryptd=false, state=CONNECTED, ok=true, minWireVersion=0, maxWireVersion=25, maxDocumentSize=16777216, logicalSessionTimeoutMinutes=30, roundTripTimeNanos=72333155, minRoundTripTimeNanos=44800462, setName='atlas-kry611-shard-0', canonicalAddress=ac-kex050i-shard-00-01.6b69sb9.mongodb.net:27017, hosts=[ac-kex050i-shard-00-02.6b69sb9.mongodb.net:27017, ac-kex050i-shard-00-01.6b69sb9.mongodb.net:27017, ac-kex050i-shard-00-00.6b69sb9.mongodb.net:27017], passives=[], arbiters=[], primary='null', tagSet=TagSet{[Tag{name='availabilityZone', value='aps1-az3'}, Tag{name='diskState', value='READY'}, Tag{name='nodeType', value='ELECTABLE'}, Tag{name='provider', value='AWS'}, Tag{name='region', value='AP_SOUTH_1'}, Tag{name='workloadType', value='OPERATIONAL'}]}, electionId=null, setVersion=1, topologyVersion=TopologyVersion{processId=67f805d9a732000d7e1eebca, counter=8}, lastWriteDate=Fri Apr 11 23:49:56 GMT+05:45 2025, lastUpdateTimeNanos=29514621531034}
2025-04-11 23:50:00 INFO  org.mongodb.driver.cluster - Monitor thread successfully connected to server with description ServerDescription{address=ac-kex050i-shard-00-02.6b69sb9.mongodb.net:27017, type=REPLICA_SET_SECONDARY, cryptd=false, state=CONNECTED, ok=true, minWireVersion=0, maxWireVersion=25, maxDocumentSize=16777216, logicalSessionTimeoutMinutes=30, roundTripTimeNanos=218576244, minRoundTripTimeNanos=46415983, setName='atlas-kry611-shard-0', canonicalAddress=ac-kex050i-shard-00-02.6b69sb9.mongodb.net:27017, hosts=[ac-kex050i-shard-00-02.6b69sb9.mongodb.net:27017, ac-kex050i-shard-00-01.6b69sb9.mongodb.net:27017, ac-kex050i-shard-00-00.6b69sb9.mongodb.net:27017], passives=[], arbiters=[], primary='ac-kex050i-shard-00-02.6b69sb9.mongodb.net:27017', tagSet=TagSet{[Tag{name='availabilityZone', value='aps1-az2'}, Tag{name='diskState', value='READY'}, Tag{name='nodeType', value='ELECTABLE'}, Tag{name='provider', value='AWS'}, Tag{name='region', value='AP_SOUTH_1'}, Tag{name='workloadType', value='OPERATIONAL'}]}, electionId=7fffffff0000000000000009, setVersion=1, topologyVersion=TopologyVersion{processId=67f95943868877c2c3e82ebb, counter=4}, lastWriteDate=Fri Apr 11 23:49:56 GMT+05:45 2025, lastUpdateTimeNanos=29514623821162}
2025-04-11 23:50:00 INFO  org.mongodb.driver.cluster - Monitor thread successfully connected to server with description ServerDescription{address=ac-kex050i-shard-00-00.6b69sb9.mongodb.net:27017, type=REPLICA_SET_SECONDARY, cryptd=false, state=CONNECTED, ok=true, minWireVersion=0, maxWireVersion=25, maxDocumentSize=16777216, logicalSessionTimeoutMinutes=30, roundTripTimeNanos=76412090, minRoundTripTimeNanos=48117283, setName='atlas-kry611-shard-0', canonicalAddress=ac-kex050i-shard-00-00.6b69sb9.mongodb.net:27017, hosts=[ac-kex050i-shard-00-02.6b69sb9.mongodb.net:27017, ac-kex050i-shard-00-01.6b69sb9.mongodb.net:27017, ac-kex050i-shard-00-00.6b69sb9.mongodb.net:27017], passives=[], arbiters=[], primary='null', tagSet=TagSet{[Tag{name='availabilityZone', value='aps1-az1'}, Tag{name='diskState', value='READY'}, Tag{name='nodeType', value='ELECTABLE'}, Tag{name='provider', value='AWS'}, Tag{name='region', value='AP_SOUTH_1'}, Tag{name='workloadType', value='OPERATIONAL'}]}, electionId=null, setVersion=1, topologyVersion=TopologyVersion{processId=67f957c96e7bebcebef83be4, counter=4}, lastWriteDate=Fri Apr 11 23:49:56 GMT+05:45 2025, lastUpdateTimeNanos=29514857826249}
2025-04-11 23:50:00 INFO  org.mongodb.driver.cluster - Monitor thread successfully connected to server with description ServerDescription{address=ac-kex050i-shard-00-02.6b69sb9.mongodb.net:27017, type=REPLICA_SET_PRIMARY, cryptd=false, state=CONNECTED, ok=true, minWireVersion=0, maxWireVersion=25, maxDocumentSize=16777216, logicalSessionTimeoutMinutes=30, roundTripTimeNanos=218576244, minRoundTripTimeNanos=46415983, setName='atlas-kry611-shard-0', canonicalAddress=ac-kex050i-shard-00-02.6b69sb9.mongodb.net:27017, hosts=[ac-kex050i-shard-00-02.6b69sb9.mongodb.net:27017, ac-kex050i-shard-00-01.6b69sb9.mongodb.net:27017, ac-kex050i-shard-00-00.6b69sb9.mongodb.net:27017], passives=[], arbiters=[], primary='ac-kex050i-shard-00-02.6b69sb9.mongodb.net:27017', tagSet=TagSet{[Tag{name='availabilityZone', value='aps1-az2'}, Tag{name='diskState', value='READY'}, Tag{name='nodeType', value='ELECTABLE'}, Tag{name='provider', value='AWS'}, Tag{name='region', value='AP_SOUTH_1'}, Tag{name='workloadType', value='OPERATIONAL'}]}, electionId=7fffffff0000000000000009, setVersion=1, topologyVersion=TopologyVersion{processId=67f95943868877c2c3e82ebb, counter=6}, lastWriteDate=Fri Apr 11 23:50:00 GMT+05:45 2025, lastUpdateTimeNanos=29514859394605}
2025-04-11 23:50:00 INFO  org.mongodb.driver.cluster - Discovered replica set primary ac-kex050i-shard-00-02.6b69sb9.mongodb.net:27017 with max election id 7fffffff0000000000000009 and max set version 1
2025-04-11 23:50:00 INFO  org.mongodb.driver.cluster - Exception in monitor thread while connecting to server ac-kex050i-shard-00-01.6b69sb9.mongodb.net:27017
com.mongodb.MongoNodeIsRecoveringException: Command failed with error 91 (ShutdownInProgress): 'The server is in quiesce mode and will shut down' on server ac-kex050i-shard-00-01.6b69sb9.mongodb.net:27017. The full response is {"topologyVersion": {"processId": {"$oid": "67f805d9a732000d7e1eebca"}, "counter": 10}, "ok": 0.0, "errmsg": "The server is in quiesce mode and will shut down", "code": 91, "codeName": "ShutdownInProgress", "remainingQuiesceTimeMillis": 15000, "$clusterTime": {"clusterTime": {"$timestamp": {"t": 1744394700, "i": 2}}, "signature": {"hash": {"$binary": {"base64": "wlA23P/J5+ky3VXLrkfT4l9JHKk=", "subType": "00"}}, "keyId": 7489744569844629509}}, "operationTime": {"$timestamp": {"t": 1744394696, "i": 1}}}
	at com.mongodb.internal.connection.ProtocolHelper.createSpecialException(ProtocolHelper.java:264)
	at com.mongodb.internal.connection.ProtocolHelper.getCommandFailureException(ProtocolHelper.java:206)
	at com.mongodb.internal.connection.InternalStreamConnection.receiveCommandMessageResponse(InternalStreamConnection.java:520)
	at com.mongodb.internal.connection.InternalStreamConnection.receive(InternalStreamConnection.java:469)
	at com.mongodb.internal.connection.DefaultServerMonitor$ServerMonitor.lookupServerDescription(DefaultServerMonitor.java:249)
	at com.mongodb.internal.connection.DefaultServerMonitor$ServerMonitor.run(DefaultServerMonitor.java:176)
2025-04-11 23:50:10 INFO  org.mongodb.driver.cluster - Monitor thread successfully connected to server with description ServerDescription{address=ac-kex050i-shard-00-00.6b69sb9.mongodb.net:27017, type=REPLICA_SET_SECONDARY, cryptd=false, state=CONNECTED, ok=true, minWireVersion=0, maxWireVersion=25, maxDocumentSize=16777216, logicalSessionTimeoutMinutes=30, roundTripTimeNanos=72277862, minRoundTripTimeNanos=48117283, setName='atlas-kry611-shard-0', canonicalAddress=ac-kex050i-shard-00-00.6b69sb9.mongodb.net:27017, hosts=[ac-kex050i-shard-00-02.6b69sb9.mongodb.net:27017, ac-kex050i-shard-00-01.6b69sb9.mongodb.net:27017, ac-kex050i-shard-00-00.6b69sb9.mongodb.net:27017], passives=[], arbiters=[], primary='ac-kex050i-shard-00-02.6b69sb9.mongodb.net:27017', tagSet=TagSet{[Tag{name='availabilityZone', value='aps1-az1'}, Tag{name='diskState', value='READY'}, Tag{name='nodeType', value='ELECTABLE'}, Tag{name='provider', value='AWS'}, Tag{name='region', value='AP_SOUTH_1'}, Tag{name='workloadType', value='OPERATIONAL'}]}, electionId=null, setVersion=1, topologyVersion=TopologyVersion{processId=67f957c96e7bebcebef83be4, counter=4}, lastWriteDate=Fri Apr 11 23:50:00 GMT+05:45 2025, lastUpdateTimeNanos=29524726484046}
2025-04-11 23:50:20 INFO  org.mongodb.driver.cluster - Exception in monitor thread while connecting to server ac-kex050i-shard-00-01.6b69sb9.mongodb.net:27017
com.mongodb.MongoSocketReadTimeoutException: Timeout while receiving message
	at com.mongodb.internal.connection.InternalStreamConnection.createReadTimeoutException(InternalStreamConnection.java:824)
	at com.mongodb.internal.connection.InternalStreamConnection.translateReadException(InternalStreamConnection.java:812)
	at com.mongodb.internal.connection.InternalStreamConnection.receiveResponseBuffers(InternalStreamConnection.java:862)
	at com.mongodb.internal.connection.InternalStreamConnection.receiveCommandMessageResponse(InternalStreamConnection.java:517)
	at com.mongodb.internal.connection.InternalStreamConnection.sendAndReceiveInternal(InternalStreamConnection.java:448)
	at com.mongodb.internal.connection.InternalStreamConnection.lambda$sendAndReceive$0(InternalStreamConnection.java:375)
	at com.mongodb.internal.connection.InternalStreamConnection.sendAndReceive(InternalStreamConnection.java:378)
	at com.mongodb.internal.connection.CommandHelper.sendAndReceive(CommandHelper.java:100)
	at com.mongodb.internal.connection.CommandHelper.executeCommand(CommandHelper.java:49)
	at com.mongodb.internal.connection.InternalStreamConnectionInitializer.initializeConnectionDescription(InternalStreamConnectionInitializer.java:144)
	at com.mongodb.internal.connection.InternalStreamConnectionInitializer.startHandshake(InternalStreamConnectionInitializer.java:79)
	at com.mongodb.internal.connection.InternalStreamConnection.open(InternalStreamConnection.java:235)
	at com.mongodb.internal.connection.DefaultServerMonitor$ServerMonitor.lookupServerDescription(DefaultServerMonitor.java:219)
	at com.mongodb.internal.connection.DefaultServerMonitor$ServerMonitor.run(DefaultServerMonitor.java:176)
Caused by: java.net.SocketTimeoutException: Read timed out
	at java.base/sun.nio.ch.NioSocketImpl.timedRead(NioSocketImpl.java:278)
	at java.base/sun.nio.ch.NioSocketImpl.implRead(NioSocketImpl.java:304)
	at java.base/sun.nio.ch.NioSocketImpl.read(NioSocketImpl.java:346)
	at java.base/sun.nio.ch.NioSocketImpl$1.read(NioSocketImpl.java:796)
	at java.base/java.net.Socket$SocketInputStream.implRead(Socket.java:1116)
	at java.base/java.net.Socket$SocketInputStream.read(Socket.java:1103)
	at java.base/sun.security.ssl.SSLSocketInputRecord.read(SSLSocketInputRecord.java:489)
	at java.base/sun.security.ssl.SSLSocketInputRecord.readHeader(SSLSocketInputRecord.java:483)
	at java.base/sun.security.ssl.SSLSocketInputRecord.bytesInCompletePacket(SSLSocketInputRecord.java:70)
	at java.base/sun.security.ssl.SSLSocketImpl.readApplicationRecord(SSLSocketImpl.java:1462)
	at java.base/sun.security.ssl.SSLSocketImpl$AppInputStream.read(SSLSocketImpl.java:1068)
	at com.mongodb.internal.connection.SocketStream.read(SocketStream.java:182)
	at com.mongodb.internal.connection.InternalStreamConnection.receiveResponseBuffers(InternalStreamConnection.java:829)
	... 11 common frames omitted
2025-04-11 23:52:02 INFO  org.mongodb.driver.cluster - Exception in monitor thread while connecting to server ac-kex050i-shard-00-01.6b69sb9.mongodb.net:27017
com.mongodb.MongoSocketOpenException: Exception opening socket
	at com.mongodb.internal.connection.SocketStream.lambda$open$0(SocketStream.java:85)
	at java.base/java.util.Optional.orElseThrow(Optional.java:403)
	at com.mongodb.internal.connection.SocketStream.open(SocketStream.java:85)
	at com.mongodb.internal.connection.InternalStreamConnection.open(InternalStreamConnection.java:233)
	at com.mongodb.internal.connection.DefaultServerMonitor$ServerMonitor.lookupServerDescription(DefaultServerMonitor.java:219)
	at com.mongodb.internal.connection.DefaultServerMonitor$ServerMonitor.run(DefaultServerMonitor.java:176)
Caused by: java.net.SocketTimeoutException: Connect timed out
	at java.base/sun.nio.ch.NioSocketImpl.timedFinishConnect(NioSocketImpl.java:546)
	at java.base/sun.nio.ch.NioSocketImpl.connect(NioSocketImpl.java:592)
	at java.base/java.net.SocksSocketImpl.connect(SocksSocketImpl.java:327)
	at java.base/java.net.Socket.connect(Socket.java:760)
	at java.base/sun.security.ssl.SSLSocketImpl.connect(SSLSocketImpl.java:304)
	at com.mongodb.internal.connection.SocketStreamHelper.initialize(SocketStreamHelper.java:76)
	at com.mongodb.internal.connection.SocketStream.initializeSocket(SocketStream.java:104)
	at com.mongodb.internal.connection.SocketStream.open(SocketStream.java:79)
	... 3 common frames omitted
2025-04-11 23:53:46 INFO  org.mongodb.driver.cluster - Monitor thread successfully connected to server with description ServerDescription{address=ac-kex050i-shard-00-01.6b69sb9.mongodb.net:27017, type=REPLICA_SET_SECONDARY, cryptd=false, state=CONNECTED, ok=true, minWireVersion=0, maxWireVersion=25, maxDocumentSize=16777216, logicalSessionTimeoutMinutes=30, roundTripTimeNanos=2596946109, minRoundTripTimeNanos=0, setName='atlas-kry611-shard-0', canonicalAddress=ac-kex050i-shard-00-01.6b69sb9.mongodb.net:27017, hosts=[ac-kex050i-shard-00-02.6b69sb9.mongodb.net:27017, ac-kex050i-shard-00-01.6b69sb9.mongodb.net:27017, ac-kex050i-shard-00-00.6b69sb9.mongodb.net:27017], passives=[], arbiters=[], primary='ac-kex050i-shard-00-02.6b69sb9.mongodb.net:27017', tagSet=TagSet{[Tag{name='availabilityZone', value='aps1-az3'}, Tag{name='diskState', value='READY'}, Tag{name='nodeType', value='ELECTABLE'}, Tag{name='provider', value='AWS'}, Tag{name='region', value='AP_SOUTH_1'}, Tag{name='workloadType', value='OPERATIONAL'}]}, electionId=null, setVersion=1, topologyVersion=TopologyVersion{processId=67f95a88e18c31e0b3801de8, counter=3}, lastWriteDate=Fri Apr 11 23:53:41 GMT+05:45 2025, lastUpdateTimeNanos=29740879517363}
2025-04-11 23:57:51 INFO  o.s.b.w.e.tomcat.GracefulShutdown - Commencing graceful shutdown. Waiting for active requests to complete
2025-04-11 23:57:51 INFO  o.s.b.w.e.tomcat.GracefulShutdown - Graceful shutdown complete
2025-04-11 23:57:58 INFO  o.h.validator.internal.util.Version - HV000001: Hibernate Validator 8.0.2.Final
2025-04-11 23:57:58 INFO  m.d.journalApp.JournalAppApplication - Starting JournalAppApplication using Java 23.0.2 with PID 51976 (/home/malle/Project/journalApp/target/classes started by malle in /home/malle/Project/journalApp)
2025-04-11 23:57:58 INFO  m.d.journalApp.JournalAppApplication - The following 1 profile is active: "dev"
2025-04-11 23:57:59 INFO  o.s.d.r.c.RepositoryConfigurationDelegate - Bootstrapping Spring Data MongoDB repositories in DEFAULT mode.
2025-04-11 23:57:59 INFO  o.s.d.r.c.RepositoryConfigurationDelegate - Finished Spring Data repository scanning in 49 ms. Found 2 MongoDB repository interfaces.
2025-04-11 23:58:00 INFO  o.s.b.w.e.tomcat.TomcatWebServer - Tomcat initialized with port 8080 (http)
2025-04-11 23:58:00 INFO  o.a.coyote.http11.Http11NioProtocol - Initializing ProtocolHandler ["http-nio-8080"]
2025-04-11 23:58:00 INFO  o.a.catalina.core.StandardService - Starting service [Tomcat]
2025-04-11 23:58:00 INFO  o.a.catalina.core.StandardEngine - Starting Servlet engine: [Apache Tomcat/10.1.39]
2025-04-11 23:58:00 INFO  o.a.c.c.C.[Tomcat].[localhost].[/] - Initializing Spring embedded WebApplicationContext
2025-04-11 23:58:00 INFO  o.s.b.w.s.c.ServletWebServerApplicationContext - Root WebApplicationContext: initialization completed in 2116 ms
2025-04-11 23:58:01 INFO  org.mongodb.driver.client - MongoClient with metadata {"driver": {"name": "mongo-java-driver|sync|spring-boot", "version": "5.2.1"}, "os": {"type": "Linux", "name": "Linux", "architecture": "amd64", "version": "6.11.0-21-generic"}, "platform": "Java/Oracle Corporation/23.0.2+7-58"} created with settings MongoClientSettings{readPreference=primary, writeConcern=WriteConcern{w=majority, wTimeout=null ms, journal=null}, retryWrites=true, retryReads=true, readConcern=ReadConcern{level=null}, credential=MongoCredential{mechanism=null, userName='dipeshmallapub', source='admin', password=<hidden>, mechanismProperties=<hidden>}, transportSettings=null, commandListeners=[], codecRegistry=ProvidersCodecRegistry{codecProviders=[ValueCodecProvider{}, BsonValueCodecProvider{}, DBRefCodecProvider{}, DBObjectCodecProvider{}, DocumentCodecProvider{}, CollectionCodecProvider{}, IterableCodecProvider{}, MapCodecProvider{}, GeoJsonCodecProvider{}, GridFSFileCodecProvider{}, Jsr310CodecProvider{}, JsonObjectCodecProvider{}, BsonCodecProvider{}, EnumCodecProvider{}, com.mongodb.client.model.mql.ExpressionCodecProvider@7c950b3b, com.mongodb.Jep395RecordCodecProvider@3af10d0b, com.mongodb.KotlinCodecProvider@6806468e]}, loggerSettings=LoggerSettings{maxDocumentLength=1000}, clusterSettings={hosts=[127.0.0.1:27017], srvHost=cluster0.6b69sb9.mongodb.net, srvServiceName=mongodb, mode=MULTIPLE, requiredClusterType=REPLICA_SET, requiredReplicaSetName='atlas-kry611-shard-0', serverSelector='null', clusterListeners='[]', serverSelectionTimeout='30000 ms', localThreshold='15 ms'}, socketSettings=SocketSettings{connectTimeoutMS=10000, readTimeoutMS=0, receiveBufferSize=0, proxySettings=ProxySettings{host=null, port=null, username=null, password=null}}, heartbeatSocketSettings=SocketSettings{connectTimeoutMS=10000, readTimeoutMS=10000, receiveBufferSize=0, proxySettings=ProxySettings{host=null, port=null, username=null, password=null}}, connectionPoolSettings=ConnectionPoolSettings{maxSize=100, minSize=0, maxWaitTimeMS=120000, maxConnectionLifeTimeMS=0, maxConnectionIdleTimeMS=0, maintenanceInitialDelayMS=0, maintenanceFrequencyMS=60000, connectionPoolListeners=[], maxConnecting=2}, serverSettings=ServerSettings{heartbeatFrequencyMS=10000, minHeartbeatFrequencyMS=500, serverMonitoringMode=AUTO, serverListeners='[]', serverMonitorListeners='[]'}, sslSettings=SslSettings{enabled=true, invalidHostNameAllowed=false, context=null}, applicationName='null', compressorList=[], uuidRepresentation=JAVA_LEGACY, serverApi=null, autoEncryptionSettings=null, dnsClient=null, inetAddressResolver=null, contextProvider=null, timeoutMS=null}
2025-04-11 23:58:01 INFO  org.mongodb.driver.cluster - Adding discovered server ac-kex050i-shard-00-02.6b69sb9.mongodb.net:27017 to client view of cluster
2025-04-11 23:58:01 INFO  org.mongodb.driver.cluster - Adding discovered server ac-kex050i-shard-00-01.6b69sb9.mongodb.net:27017 to client view of cluster
2025-04-11 23:58:01 INFO  org.mongodb.driver.cluster - Adding discovered server ac-kex050i-shard-00-00.6b69sb9.mongodb.net:27017 to client view of cluster
2025-04-11 23:58:01 INFO  org.mongodb.driver.cluster - Waiting for server to become available for operation with ID 5. Remaining time: 29994 ms. Selector: WritableServerSelector, topology description: {type=REPLICA_SET, servers=[{address=ac-kex050i-shard-00-00.6b69sb9.mongodb.net:27017, type=UNKNOWN, state=CONNECTING}, {address=ac-kex050i-shard-00-02.6b69sb9.mongodb.net:27017, type=UNKNOWN, state=CONNECTING}, {address=ac-kex050i-shard-00-01.6b69sb9.mongodb.net:27017, type=UNKNOWN, state=CONNECTING}].
2025-04-11 23:58:02 INFO  org.mongodb.driver.cluster - Monitor thread successfully connected to server with description ServerDescription{address=ac-kex050i-shard-00-02.6b69sb9.mongodb.net:27017, type=REPLICA_SET_PRIMARY, cryptd=false, state=CONNECTED, ok=true, minWireVersion=0, maxWireVersion=25, maxDocumentSize=16777216, logicalSessionTimeoutMinutes=30, roundTripTimeNanos=486361739, minRoundTripTimeNanos=0, setName='atlas-kry611-shard-0', canonicalAddress=ac-kex050i-shard-00-02.6b69sb9.mongodb.net:27017, hosts=[ac-kex050i-shard-00-02.6b69sb9.mongodb.net:27017, ac-kex050i-shard-00-01.6b69sb9.mongodb.net:27017, ac-kex050i-shard-00-00.6b69sb9.mongodb.net:27017], passives=[], arbiters=[], primary='ac-kex050i-shard-00-02.6b69sb9.mongodb.net:27017', tagSet=TagSet{[Tag{name='availabilityZone', value='aps1-az2'}, Tag{name='diskState', value='READY'}, Tag{name='nodeType', value='ELECTABLE'}, Tag{name='provider', value='AWS'}, Tag{name='region', value='AP_SOUTH_1'}, Tag{name='workloadType', value='OPERATIONAL'}]}, electionId=7fffffff0000000000000009, setVersion=1, topologyVersion=TopologyVersion{processId=67f95943868877c2c3e82ebb, counter=6}, lastWriteDate=Fri Apr 11 23:58:00 GMT+05:45 2025, lastUpdateTimeNanos=29996461204684}
2025-04-11 23:58:02 INFO  org.mongodb.driver.cluster - Monitor thread successfully connected to server with description ServerDescription{address=ac-kex050i-shard-00-00.6b69sb9.mongodb.net:27017, type=REPLICA_SET_SECONDARY, cryptd=false, state=CONNECTED, ok=true, minWireVersion=0, maxWireVersion=25, maxDocumentSize=16777216, logicalSessionTimeoutMinutes=30, roundTripTimeNanos=371870478, minRoundTripTimeNanos=0, setName='atlas-kry611-shard-0', canonicalAddress=ac-kex050i-shard-00-00.6b69sb9.mongodb.net:27017, hosts=[ac-kex050i-shard-00-02.6b69sb9.mongodb.net:27017, ac-kex050i-shard-00-01.6b69sb9.mongodb.net:27017, ac-kex050i-shard-00-00.6b69sb9.mongodb.net:27017], passives=[], arbiters=[], primary='ac-kex050i-shard-00-02.6b69sb9.mongodb.net:27017', tagSet=TagSet{[Tag{name='availabilityZone', value='aps1-az1'}, Tag{name='diskState', value='READY'}, Tag{name='nodeType', value='ELECTABLE'}, Tag{name='provider', value='AWS'}, Tag{name='region', value='AP_SOUTH_1'}, Tag{name='workloadType', value='OPERATIONAL'}]}, electionId=null, setVersion=1, topologyVersion=TopologyVersion{processId=67f957c96e7bebcebef83be4, counter=4}, lastWriteDate=Fri Apr 11 23:58:00 GMT+05:45 2025, lastUpdateTimeNanos=29996461204548}
2025-04-11 23:58:02 INFO  org.mongodb.driver.cluster - Monitor thread successfully connected to server with description ServerDescription{address=ac-kex050i-shard-00-01.6b69sb9.mongodb.net:27017, type=REPLICA_SET_SECONDARY, cryptd=false, state=CONNECTED, ok=true, minWireVersion=0, maxWireVersion=25, maxDocumentSize=16777216, logicalSessionTimeoutMinutes=30, roundTripTimeNanos=479988084, minRoundTripTimeNanos=0, setName='atlas-kry611-shard-0', canonicalAddress=ac-kex050i-shard-00-01.6b69sb9.mongodb.net:27017, hosts=[ac-kex050i-shard-00-02.6b69sb9.mongodb.net:27017, ac-kex050i-shard-00-01.6b69sb9.mongodb.net:27017, ac-kex050i-shard-00-00.6b69sb9.mongodb.net:27017], passives=[], arbiters=[], primary='ac-kex050i-shard-00-02.6b69sb9.mongodb.net:27017', tagSet=TagSet{[Tag{name='availabilityZone', value='aps1-az3'}, Tag{name='diskState', value='READY'}, Tag{name='nodeType', value='ELECTABLE'}, Tag{name='provider', value='AWS'}, Tag{name='region', value='AP_SOUTH_1'}, Tag{name='workloadType', value='OPERATIONAL'}]}, electionId=null, setVersion=1, topologyVersion=TopologyVersion{processId=67f95a88e18c31e0b3801de8, counter=3}, lastWriteDate=Fri Apr 11 23:58:00 GMT+05:45 2025, lastUpdateTimeNanos=29996461204650}
2025-04-11 23:58:02 INFO  org.mongodb.driver.cluster - Discovered replica set primary ac-kex050i-shard-00-02.6b69sb9.mongodb.net:27017 with max election id 7fffffff0000000000000009 and max set version 1
2025-04-11 23:58:03 INFO  o.s.s.c.a.a.c.InitializeAuthenticationProviderBeanManagerConfigurer$InitializeAuthenticationProviderManagerConfigurer - Global AuthenticationManager configured with AuthenticationProvider bean with name authenticationProvider
2025-04-11 23:58:03 WARN  o.s.s.c.a.a.c.InitializeUserDetailsBeanManagerConfigurer$InitializeUserDetailsManagerConfigurer - Global AuthenticationManager configured with an AuthenticationProvider bean. UserDetailsService beans will not be used by Spring Security for automatically configuring username/password login. Consider removing the AuthenticationProvider bean. Alternatively, consider using the UserDetailsService in a manually instantiated DaoAuthenticationProvider. If the current configuration is intentional, to turn off this warning, increase the logging level of 'org.springframework.security.config.annotation.authentication.configuration.InitializeUserDetailsBeanManagerConfigurer' to ERROR
2025-04-11 23:58:04 INFO  o.a.coyote.http11.Http11NioProtocol - Starting ProtocolHandler ["http-nio-8080"]
2025-04-11 23:58:04 INFO  o.s.b.w.e.tomcat.TomcatWebServer - Tomcat started on port 8080 (http) with context path '/'
2025-04-11 23:58:04 INFO  m.d.journalApp.JournalAppApplication - Started JournalAppApplication in 6.49 seconds (process running for 8.032)
2025-04-11 23:58:07 INFO  o.s.b.w.e.tomcat.GracefulShutdown - Commencing graceful shutdown. Waiting for active requests to complete
2025-04-11 23:58:07 INFO  o.s.b.w.e.tomcat.GracefulShutdown - Graceful shutdown complete
2025-04-11 23:58:13 INFO  o.h.validator.internal.util.Version - HV000001: Hibernate Validator 8.0.2.Final
2025-04-11 23:58:13 INFO  m.d.journalApp.JournalAppApplication - Starting JournalAppApplication using Java 23.0.2 with PID 52203 (/home/malle/Project/journalApp/target/classes started by malle in /home/malle/Project/journalApp)
2025-04-11 23:58:13 INFO  m.d.journalApp.JournalAppApplication - The following 1 profile is active: "dev"
2025-04-11 23:58:14 INFO  o.s.d.r.c.RepositoryConfigurationDelegate - Bootstrapping Spring Data MongoDB repositories in DEFAULT mode.
2025-04-11 23:58:14 INFO  o.s.d.r.c.RepositoryConfigurationDelegate - Finished Spring Data repository scanning in 49 ms. Found 2 MongoDB repository interfaces.
2025-04-11 23:58:15 INFO  o.s.b.w.e.tomcat.TomcatWebServer - Tomcat initialized with port 8080 (http)
2025-04-11 23:58:15 INFO  o.a.coyote.http11.Http11NioProtocol - Initializing ProtocolHandler ["http-nio-8080"]
2025-04-11 23:58:15 INFO  o.a.catalina.core.StandardService - Starting service [Tomcat]
2025-04-11 23:58:15 INFO  o.a.catalina.core.StandardEngine - Starting Servlet engine: [Apache Tomcat/10.1.39]
2025-04-11 23:58:15 INFO  o.a.c.c.C.[Tomcat].[localhost].[/] - Initializing Spring embedded WebApplicationContext
2025-04-11 23:58:15 INFO  o.s.b.w.s.c.ServletWebServerApplicationContext - Root WebApplicationContext: initialization completed in 1590 ms
2025-04-11 23:58:15 INFO  org.mongodb.driver.cluster - Adding discovered server ac-kex050i-shard-00-02.6b69sb9.mongodb.net:27017 to client view of cluster
2025-04-11 23:58:15 INFO  org.mongodb.driver.client - MongoClient with metadata {"driver": {"name": "mongo-java-driver|sync|spring-boot", "version": "5.2.1"}, "os": {"type": "Linux", "name": "Linux", "architecture": "amd64", "version": "6.11.0-21-generic"}, "platform": "Java/Oracle Corporation/23.0.2+7-58"} created with settings MongoClientSettings{readPreference=primary, writeConcern=WriteConcern{w=majority, wTimeout=null ms, journal=null}, retryWrites=true, retryReads=true, readConcern=ReadConcern{level=null}, credential=MongoCredential{mechanism=null, userName='dipeshmallapub', source='admin', password=<hidden>, mechanismProperties=<hidden>}, transportSettings=null, commandListeners=[], codecRegistry=ProvidersCodecRegistry{codecProviders=[ValueCodecProvider{}, BsonValueCodecProvider{}, DBRefCodecProvider{}, DBObjectCodecProvider{}, DocumentCodecProvider{}, CollectionCodecProvider{}, IterableCodecProvider{}, MapCodecProvider{}, GeoJsonCodecProvider{}, GridFSFileCodecProvider{}, Jsr310CodecProvider{}, JsonObjectCodecProvider{}, BsonCodecProvider{}, EnumCodecProvider{}, com.mongodb.client.model.mql.ExpressionCodecProvider@41e9f86, com.mongodb.Jep395RecordCodecProvider@66f5b8fe, com.mongodb.KotlinCodecProvider@233f52f8]}, loggerSettings=LoggerSettings{maxDocumentLength=1000}, clusterSettings={hosts=[127.0.0.1:27017], srvHost=cluster0.6b69sb9.mongodb.net, srvServiceName=mongodb, mode=MULTIPLE, requiredClusterType=REPLICA_SET, requiredReplicaSetName='atlas-kry611-shard-0', serverSelector='null', clusterListeners='[]', serverSelectionTimeout='30000 ms', localThreshold='15 ms'}, socketSettings=SocketSettings{connectTimeoutMS=10000, readTimeoutMS=0, receiveBufferSize=0, proxySettings=ProxySettings{host=null, port=null, username=null, password=null}}, heartbeatSocketSettings=SocketSettings{connectTimeoutMS=10000, readTimeoutMS=10000, receiveBufferSize=0, proxySettings=ProxySettings{host=null, port=null, username=null, password=null}}, connectionPoolSettings=ConnectionPoolSettings{maxSize=100, minSize=0, maxWaitTimeMS=120000, maxConnectionLifeTimeMS=0, maxConnectionIdleTimeMS=0, maintenanceInitialDelayMS=0, maintenanceFrequencyMS=60000, connectionPoolListeners=[], maxConnecting=2}, serverSettings=ServerSettings{heartbeatFrequencyMS=10000, minHeartbeatFrequencyMS=500, serverMonitoringMode=AUTO, serverListeners='[]', serverMonitorListeners='[]'}, sslSettings=SslSettings{enabled=true, invalidHostNameAllowed=false, context=null}, applicationName='null', compressorList=[], uuidRepresentation=JAVA_LEGACY, serverApi=null, autoEncryptionSettings=null, dnsClient=null, inetAddressResolver=null, contextProvider=null, timeoutMS=null}
2025-04-11 23:58:15 INFO  org.mongodb.driver.cluster - Adding discovered server ac-kex050i-shard-00-00.6b69sb9.mongodb.net:27017 to client view of cluster
2025-04-11 23:58:15 INFO  org.mongodb.driver.cluster - Adding discovered server ac-kex050i-shard-00-01.6b69sb9.mongodb.net:27017 to client view of cluster
2025-04-11 23:58:15 INFO  org.mongodb.driver.cluster - Waiting for server to become available for operation with ID 5. Remaining time: 29995 ms. Selector: WritableServerSelector, topology description: {type=REPLICA_SET, servers=[{address=ac-kex050i-shard-00-00.6b69sb9.mongodb.net:27017, type=UNKNOWN, state=CONNECTING}, {address=ac-kex050i-shard-00-02.6b69sb9.mongodb.net:27017, type=UNKNOWN, state=CONNECTING}, {address=ac-kex050i-shard-00-01.6b69sb9.mongodb.net:27017, type=UNKNOWN, state=CONNECTING}].
2025-04-11 23:58:16 INFO  org.mongodb.driver.cluster - Monitor thread successfully connected to server with description ServerDescription{address=ac-kex050i-shard-00-01.6b69sb9.mongodb.net:27017, type=REPLICA_SET_SECONDARY, cryptd=false, state=CONNECTED, ok=true, minWireVersion=0, maxWireVersion=25, maxDocumentSize=16777216, logicalSessionTimeoutMinutes=30, roundTripTimeNanos=527020201, minRoundTripTimeNanos=0, setName='atlas-kry611-shard-0', canonicalAddress=ac-kex050i-shard-00-01.6b69sb9.mongodb.net:27017, hosts=[ac-kex050i-shard-00-02.6b69sb9.mongodb.net:27017, ac-kex050i-shard-00-01.6b69sb9.mongodb.net:27017, ac-kex050i-shard-00-00.6b69sb9.mongodb.net:27017], passives=[], arbiters=[], primary='ac-kex050i-shard-00-02.6b69sb9.mongodb.net:27017', tagSet=TagSet{[Tag{name='availabilityZone', value='aps1-az3'}, Tag{name='diskState', value='READY'}, Tag{name='nodeType', value='ELECTABLE'}, Tag{name='provider', value='AWS'}, Tag{name='region', value='AP_SOUTH_1'}, Tag{name='workloadType', value='OPERATIONAL'}]}, electionId=null, setVersion=1, topologyVersion=TopologyVersion{processId=67f95a88e18c31e0b3801de8, counter=3}, lastWriteDate=Fri Apr 11 23:58:03 GMT+05:45 2025, lastUpdateTimeNanos=30010582801336}
2025-04-11 23:58:16 INFO  org.mongodb.driver.cluster - Monitor thread successfully connected to server with description ServerDescription{address=ac-kex050i-shard-00-00.6b69sb9.mongodb.net:27017, type=REPLICA_SET_SECONDARY, cryptd=false, state=CONNECTED, ok=true, minWireVersion=0, maxWireVersion=25, maxDocumentSize=16777216, logicalSessionTimeoutMinutes=30, roundTripTimeNanos=531152545, minRoundTripTimeNanos=0, setName='atlas-kry611-shard-0', canonicalAddress=ac-kex050i-shard-00-00.6b69sb9.mongodb.net:27017, hosts=[ac-kex050i-shard-00-02.6b69sb9.mongodb.net:27017, ac-kex050i-shard-00-01.6b69sb9.mongodb.net:27017, ac-kex050i-shard-00-00.6b69sb9.mongodb.net:27017], passives=[], arbiters=[], primary='ac-kex050i-shard-00-02.6b69sb9.mongodb.net:27017', tagSet=TagSet{[Tag{name='availabilityZone', value='aps1-az1'}, Tag{name='diskState', value='READY'}, Tag{name='nodeType', value='ELECTABLE'}, Tag{name='provider', value='AWS'}, Tag{name='region', value='AP_SOUTH_1'}, Tag{name='workloadType', value='OPERATIONAL'}]}, electionId=null, setVersion=1, topologyVersion=TopologyVersion{processId=67f957c96e7bebcebef83be4, counter=4}, lastWriteDate=Fri Apr 11 23:58:03 GMT+05:45 2025, lastUpdateTimeNanos=30010582801302}
2025-04-11 23:58:16 INFO  org.mongodb.driver.cluster - Monitor thread successfully connected to server with description ServerDescription{address=ac-kex050i-shard-00-02.6b69sb9.mongodb.net:27017, type=REPLICA_SET_PRIMARY, cryptd=false, state=CONNECTED, ok=true, minWireVersion=0, maxWireVersion=25, maxDocumentSize=16777216, logicalSessionTimeoutMinutes=30, roundTripTimeNanos=526983555, minRoundTripTimeNanos=0, setName='atlas-kry611-shard-0', canonicalAddress=ac-kex050i-shard-00-02.6b69sb9.mongodb.net:27017, hosts=[ac-kex050i-shard-00-02.6b69sb9.mongodb.net:27017, ac-kex050i-shard-00-01.6b69sb9.mongodb.net:27017, ac-kex050i-shard-00-00.6b69sb9.mongodb.net:27017], passives=[], arbiters=[], primary='ac-kex050i-shard-00-02.6b69sb9.mongodb.net:27017', tagSet=TagSet{[Tag{name='availabilityZone', value='aps1-az2'}, Tag{name='diskState', value='READY'}, Tag{name='nodeType', value='ELECTABLE'}, Tag{name='provider', value='AWS'}, Tag{name='region', value='AP_SOUTH_1'}, Tag{name='workloadType', value='OPERATIONAL'}]}, electionId=7fffffff0000000000000009, setVersion=1, topologyVersion=TopologyVersion{processId=67f95943868877c2c3e82ebb, counter=6}, lastWriteDate=Fri Apr 11 23:58:03 GMT+05:45 2025, lastUpdateTimeNanos=30010582801234}
2025-04-11 23:58:16 INFO  org.mongodb.driver.cluster - Discovered replica set primary ac-kex050i-shard-00-02.6b69sb9.mongodb.net:27017 with max election id 7fffffff0000000000000009 and max set version 1
2025-04-11 23:58:16 INFO  o.s.s.c.a.a.c.InitializeAuthenticationProviderBeanManagerConfigurer$InitializeAuthenticationProviderManagerConfigurer - Global AuthenticationManager configured with AuthenticationProvider bean with name authenticationProvider
2025-04-11 23:58:16 WARN  o.s.s.c.a.a.c.InitializeUserDetailsBeanManagerConfigurer$InitializeUserDetailsManagerConfigurer - Global AuthenticationManager configured with an AuthenticationProvider bean. UserDetailsService beans will not be used by Spring Security for automatically configuring username/password login. Consider removing the AuthenticationProvider bean. Alternatively, consider using the UserDetailsService in a manually instantiated DaoAuthenticationProvider. If the current configuration is intentional, to turn off this warning, increase the logging level of 'org.springframework.security.config.annotation.authentication.configuration.InitializeUserDetailsBeanManagerConfigurer' to ERROR
2025-04-11 23:58:17 INFO  o.a.coyote.http11.Http11NioProtocol - Starting ProtocolHandler ["http-nio-8080"]
2025-04-11 23:58:17 INFO  o.s.b.w.e.tomcat.TomcatWebServer - Tomcat started on port 8080 (http) with context path '/'
2025-04-11 23:58:17 INFO  m.d.journalApp.JournalAppApplication - Started JournalAppApplication in 4.752 seconds (process running for 5.958)
2025-04-11 23:59:34 INFO  o.s.b.w.e.tomcat.GracefulShutdown - Commencing graceful shutdown. Waiting for active requests to complete
2025-04-11 23:59:34 INFO  o.s.b.w.e.tomcat.GracefulShutdown - Graceful shutdown complete
2025-04-11 23:59:38 INFO  o.h.validator.internal.util.Version - HV000001: Hibernate Validator 8.0.2.Final
2025-04-11 23:59:38 INFO  m.d.journalApp.JournalAppApplication - Starting JournalAppApplication using Java 23.0.2 with PID 52657 (/home/malle/Project/journalApp/target/classes started by malle in /home/malle/Project/journalApp)
2025-04-11 23:59:38 INFO  m.d.journalApp.JournalAppApplication - The following 1 profile is active: "dev"
2025-04-11 23:59:39 INFO  o.s.d.r.c.RepositoryConfigurationDelegate - Bootstrapping Spring Data MongoDB repositories in DEFAULT mode.
2025-04-11 23:59:39 INFO  o.s.d.r.c.RepositoryConfigurationDelegate - Finished Spring Data repository scanning in 32 ms. Found 2 MongoDB repository interfaces.
2025-04-11 23:59:39 INFO  o.s.b.w.e.tomcat.TomcatWebServer - Tomcat initialized with port 8080 (http)
2025-04-11 23:59:39 INFO  o.a.coyote.http11.Http11NioProtocol - Initializing ProtocolHandler ["http-nio-8080"]
2025-04-11 23:59:39 INFO  o.a.catalina.core.StandardService - Starting service [Tomcat]
2025-04-11 23:59:39 INFO  o.a.catalina.core.StandardEngine - Starting Servlet engine: [Apache Tomcat/10.1.39]
2025-04-11 23:59:39 INFO  o.a.c.c.C.[Tomcat].[localhost].[/] - Initializing Spring embedded WebApplicationContext
2025-04-11 23:59:39 INFO  o.s.b.w.s.c.ServletWebServerApplicationContext - Root WebApplicationContext: initialization completed in 1007 ms
2025-04-11 23:59:40 INFO  org.mongodb.driver.client - MongoClient with metadata {"driver": {"name": "mongo-java-driver|sync|spring-boot", "version": "5.2.1"}, "os": {"type": "Linux", "name": "Linux", "architecture": "amd64", "version": "6.11.0-21-generic"}, "platform": "Java/Oracle Corporation/23.0.2+7-58"} created with settings MongoClientSettings{readPreference=primary, writeConcern=WriteConcern{w=majority, wTimeout=null ms, journal=null}, retryWrites=true, retryReads=true, readConcern=ReadConcern{level=null}, credential=MongoCredential{mechanism=null, userName='dipeshmallapub', source='admin', password=<hidden>, mechanismProperties=<hidden>}, transportSettings=null, commandListeners=[], codecRegistry=ProvidersCodecRegistry{codecProviders=[ValueCodecProvider{}, BsonValueCodecProvider{}, DBRefCodecProvider{}, DBObjectCodecProvider{}, DocumentCodecProvider{}, CollectionCodecProvider{}, IterableCodecProvider{}, MapCodecProvider{}, GeoJsonCodecProvider{}, GridFSFileCodecProvider{}, Jsr310CodecProvider{}, JsonObjectCodecProvider{}, BsonCodecProvider{}, EnumCodecProvider{}, com.mongodb.client.model.mql.ExpressionCodecProvider@14efa279, com.mongodb.Jep395RecordCodecProvider@8e99809, com.mongodb.KotlinCodecProvider@e62319f]}, loggerSettings=LoggerSettings{maxDocumentLength=1000}, clusterSettings={hosts=[127.0.0.1:27017], srvHost=cluster0.6b69sb9.mongodb.net, srvServiceName=mongodb, mode=MULTIPLE, requiredClusterType=REPLICA_SET, requiredReplicaSetName='atlas-kry611-shard-0', serverSelector='null', clusterListeners='[]', serverSelectionTimeout='30000 ms', localThreshold='15 ms'}, socketSettings=SocketSettings{connectTimeoutMS=10000, readTimeoutMS=0, receiveBufferSize=0, proxySettings=ProxySettings{host=null, port=null, username=null, password=null}}, heartbeatSocketSettings=SocketSettings{connectTimeoutMS=10000, readTimeoutMS=10000, receiveBufferSize=0, proxySettings=ProxySettings{host=null, port=null, username=null, password=null}}, connectionPoolSettings=ConnectionPoolSettings{maxSize=100, minSize=0, maxWaitTimeMS=120000, maxConnectionLifeTimeMS=0, maxConnectionIdleTimeMS=0, maintenanceInitialDelayMS=0, maintenanceFrequencyMS=60000, connectionPoolListeners=[], maxConnecting=2}, serverSettings=ServerSettings{heartbeatFrequencyMS=10000, minHeartbeatFrequencyMS=500, serverMonitoringMode=AUTO, serverListeners='[]', serverMonitorListeners='[]'}, sslSettings=SslSettings{enabled=true, invalidHostNameAllowed=false, context=null}, applicationName='null', compressorList=[], uuidRepresentation=JAVA_LEGACY, serverApi=null, autoEncryptionSettings=null, dnsClient=null, inetAddressResolver=null, contextProvider=null, timeoutMS=null}
2025-04-11 23:59:40 INFO  org.mongodb.driver.cluster - Adding discovered server ac-kex050i-shard-00-02.6b69sb9.mongodb.net:27017 to client view of cluster
2025-04-11 23:59:40 INFO  org.mongodb.driver.cluster - Adding discovered server ac-kex050i-shard-00-00.6b69sb9.mongodb.net:27017 to client view of cluster
2025-04-11 23:59:40 INFO  org.mongodb.driver.cluster - Adding discovered server ac-kex050i-shard-00-01.6b69sb9.mongodb.net:27017 to client view of cluster
2025-04-11 23:59:40 INFO  org.mongodb.driver.cluster - Waiting for server to become available for operation with ID 5. Remaining time: 29991 ms. Selector: WritableServerSelector, topology description: {type=REPLICA_SET, servers=[{address=ac-kex050i-shard-00-00.6b69sb9.mongodb.net:27017, type=UNKNOWN, state=CONNECTING}, {address=ac-kex050i-shard-00-02.6b69sb9.mongodb.net:27017, type=UNKNOWN, state=CONNECTING}, {address=ac-kex050i-shard-00-01.6b69sb9.mongodb.net:27017, type=UNKNOWN, state=CONNECTING}].
2025-04-11 23:59:40 INFO  org.mongodb.driver.cluster - Monitor thread successfully connected to server with description ServerDescription{address=ac-kex050i-shard-00-00.6b69sb9.mongodb.net:27017, type=REPLICA_SET_SECONDARY, cryptd=false, state=CONNECTED, ok=true, minWireVersion=0, maxWireVersion=25, maxDocumentSize=16777216, logicalSessionTimeoutMinutes=30, roundTripTimeNanos=405156187, minRoundTripTimeNanos=0, setName='atlas-kry611-shard-0', canonicalAddress=ac-kex050i-shard-00-00.6b69sb9.mongodb.net:27017, hosts=[ac-kex050i-shard-00-02.6b69sb9.mongodb.net:27017, ac-kex050i-shard-00-01.6b69sb9.mongodb.net:27017, ac-kex050i-shard-00-00.6b69sb9.mongodb.net:27017], passives=[], arbiters=[], primary='ac-kex050i-shard-00-02.6b69sb9.mongodb.net:27017', tagSet=TagSet{[Tag{name='availabilityZone', value='aps1-az1'}, Tag{name='diskState', value='READY'}, Tag{name='nodeType', value='ELECTABLE'}, Tag{name='provider', value='AWS'}, Tag{name='region', value='AP_SOUTH_1'}, Tag{name='workloadType', value='OPERATIONAL'}]}, electionId=null, setVersion=1, topologyVersion=TopologyVersion{processId=67f957c96e7bebcebef83be4, counter=4}, lastWriteDate=Fri Apr 11 23:59:40 GMT+05:45 2025, lastUpdateTimeNanos=30095261207205}
2025-04-11 23:59:40 INFO  org.mongodb.driver.cluster - Monitor thread successfully connected to server with description ServerDescription{address=ac-kex050i-shard-00-02.6b69sb9.mongodb.net:27017, type=REPLICA_SET_PRIMARY, cryptd=false, state=CONNECTED, ok=true, minWireVersion=0, maxWireVersion=25, maxDocumentSize=16777216, logicalSessionTimeoutMinutes=30, roundTripTimeNanos=405152346, minRoundTripTimeNanos=0, setName='atlas-kry611-shard-0', canonicalAddress=ac-kex050i-shard-00-02.6b69sb9.mongodb.net:27017, hosts=[ac-kex050i-shard-00-02.6b69sb9.mongodb.net:27017, ac-kex050i-shard-00-01.6b69sb9.mongodb.net:27017, ac-kex050i-shard-00-00.6b69sb9.mongodb.net:27017], passives=[], arbiters=[], primary='ac-kex050i-shard-00-02.6b69sb9.mongodb.net:27017', tagSet=TagSet{[Tag{name='availabilityZone', value='aps1-az2'}, Tag{name='diskState', value='READY'}, Tag{name='nodeType', value='ELECTABLE'}, Tag{name='provider', value='AWS'}, Tag{name='region', value='AP_SOUTH_1'}, Tag{name='workloadType', value='OPERATIONAL'}]}, electionId=7fffffff0000000000000009, setVersion=1, topologyVersion=TopologyVersion{processId=67f95943868877c2c3e82ebb, counter=6}, lastWriteDate=Fri Apr 11 23:59:40 GMT+05:45 2025, lastUpdateTimeNanos=30095261204652}
2025-04-11 23:59:40 INFO  org.mongodb.driver.cluster - Monitor thread successfully connected to server with description ServerDescription{address=ac-kex050i-shard-00-01.6b69sb9.mongodb.net:27017, type=REPLICA_SET_SECONDARY, cryptd=false, state=CONNECTED, ok=true, minWireVersion=0, maxWireVersion=25, maxDocumentSize=16777216, logicalSessionTimeoutMinutes=30, roundTripTimeNanos=405155310, minRoundTripTimeNanos=0, setName='atlas-kry611-shard-0', canonicalAddress=ac-kex050i-shard-00-01.6b69sb9.mongodb.net:27017, hosts=[ac-kex050i-shard-00-02.6b69sb9.mongodb.net:27017, ac-kex050i-shard-00-01.6b69sb9.mongodb.net:27017, ac-kex050i-shard-00-00.6b69sb9.mongodb.net:27017], passives=[], arbiters=[], primary='ac-kex050i-shard-00-02.6b69sb9.mongodb.net:27017', tagSet=TagSet{[Tag{name='availabilityZone', value='aps1-az3'}, Tag{name='diskState', value='READY'}, Tag{name='nodeType', value='ELECTABLE'}, Tag{name='provider', value='AWS'}, Tag{name='region', value='AP_SOUTH_1'}, Tag{name='workloadType', value='OPERATIONAL'}]}, electionId=null, setVersion=1, topologyVersion=TopologyVersion{processId=67f95a88e18c31e0b3801de8, counter=3}, lastWriteDate=Fri Apr 11 23:59:40 GMT+05:45 2025, lastUpdateTimeNanos=30095261207292}
2025-04-11 23:59:40 INFO  org.mongodb.driver.cluster - Discovered replica set primary ac-kex050i-shard-00-02.6b69sb9.mongodb.net:27017 with max election id 7fffffff0000000000000009 and max set version 1
2025-04-11 23:59:41 INFO  o.s.s.c.a.a.c.InitializeAuthenticationProviderBeanManagerConfigurer$InitializeAuthenticationProviderManagerConfigurer - Global AuthenticationManager configured with AuthenticationProvider bean with name authenticationProvider
2025-04-11 23:59:41 WARN  o.s.s.c.a.a.c.InitializeUserDetailsBeanManagerConfigurer$InitializeUserDetailsManagerConfigurer - Global AuthenticationManager configured with an AuthenticationProvider bean. UserDetailsService beans will not be used by Spring Security for automatically configuring username/password login. Consider removing the AuthenticationProvider bean. Alternatively, consider using the UserDetailsService in a manually instantiated DaoAuthenticationProvider. If the current configuration is intentional, to turn off this warning, increase the logging level of 'org.springframework.security.config.annotation.authentication.configuration.InitializeUserDetailsBeanManagerConfigurer' to ERROR
2025-04-11 23:59:41 INFO  o.a.coyote.http11.Http11NioProtocol - Starting ProtocolHandler ["http-nio-8080"]
2025-04-11 23:59:41 INFO  o.s.b.w.e.tomcat.TomcatWebServer - Tomcat started on port 8080 (http) with context path '/'
2025-04-11 23:59:41 INFO  m.d.journalApp.JournalAppApplication - Started JournalAppApplication in 3.689 seconds (process running for 4.421)
